vx,vy,omega,vx_cmd,vy_cmd,omega_cmd,filtered_x,filtered_y,x,y,filtered_theta
0.0,0.0,0.0,0.0,0.0,0.0,-0.1668038964271545,-1.4466140270233154,-0.1668038964271545,-1.4466140270233154,-0.1498440355062484
0.0,0.0,0.0,0.0,0.0,0.0,-0.1668038964271545,-1.4466140270233154,-0.1668038964271545,-1.4466140270233154,-0.1498440355062484
0.0,0.0,0.0,0.0,0.0,0.0,-0.1668038964271545,-1.4466140270233154,-0.1668038964271545,-1.4466140270233154,-0.1498440355062484
0.0,0.0,0.0,0.0,0.0,0.0,-0.1668038964271545,-1.4466140270233154,-0.1668038964271545,-1.4466140270233154,-0.1498440355062484
0.0,0.0,0.0,0.0,0.0,0.0,-0.1668038964271545,-1.4466140270233154,-0.1668038964271545,-1.4466140270233154,-0.1498440355062484
0.0,0.0,0.0,0.0,0.0,0.0,-0.1668038964271545,-1.4466140270233154,-0.1668038964271545,-1.4466140270233154,-0.1498440355062484
0.0,0.0,0.0,0.0,0.0,0.0,-0.1668038964271545,-1.4466140270233154,-0.1668038964271545,-1.4466140270233154,-0.1498440355062484
0.0,0.0,0.0,0.0,0.0,0.0,-0.1668038964271545,-1.4466140270233154,-0.1668038964271545,-1.4466140270233154,-0.1498440355062484
0.0,0.0,0.0,0.0,0.0,0.0,-0.1668038964271545,-1.4466140270233154,-0.1668038964271545,-1.4466140270233154,-0.1498440355062484
0.0,0.0,0.0,0.0,0.0,0.0,-0.1668038964271545,-1.4466140270233154,-0.1668038964271545,-1.4466140270233154,-0.1498440355062484
0.0,0.0,0.0,0.0,0.0,0.0,-0.1668038964271545,-1.4466140270233154,-0.1668038964271545,-1.4466140270233154,-0.1498440355062484
0.0,0.0,0.0,0.0,0.0,0.0,-0.1668038964271545,-1.4466140270233154,-0.1668038964271545,-1.4466140270233154,-0.1498440355062484
0.0,0.0,0.0,0.0,0.0,0.0,-0.1668038964271545,-1.4466140270233154,-0.1668038964271545,-1.4466140270233154,-0.1498440355062484
0.0,0.0,0.0,0.0,0.0,0.0,-0.1668038964271545,-1.4466140270233154,-0.1668038964271545,-1.4466140270233154,-0.1498440355062484
0.0,0.0,0.0,0.0,0.0,0.0,-0.1668038964271545,-1.4466140270233154,-0.1668038964271545,-1.4466140270233154,-0.1498440355062484
0.0,0.0,0.0,0.0,0.0,0.0,-0.1668038964271545,-1.4466140270233154,-0.1668038964271545,-1.4466140270233154,-0.1498440355062484
0.0,0.0,0.0,0.0,0.0,0.0,-0.1668038964271545,-1.4466140270233154,-0.1668038964271545,-1.4466140270233154,-0.1498440355062484
0.0,0.0,0.0,0.0,0.0,0.0,-0.1668038964271545,-1.4466140270233154,-0.1668038964271545,-1.4466140270233154,-0.1498440355062484
0.0,0.0,0.0,0.0,0.0,0.0,-0.1668038964271545,-1.4466140270233154,-0.1668038964271545,-1.4466140270233154,-0.1498440355062484
0.0,0.0,0.0,0.0,0.0,0.0,-0.1668038964271545,-1.4466140270233154,-0.1668038964271545,-1.4466140270233154,-0.1498440355062484
0.0,0.0,0.0,0.0,0.0,0.0,-0.1668038964271545,-1.4466140270233154,-0.1668038964271545,-1.4466140270233154,-0.1498440355062484
0.0,0.0,0.0,0.0,0.0,0.0,-0.1668038964271545,-1.4466140270233154,-0.1668038964271545,-1.4466140270233154,-0.1498440355062484
0.0,0.0,0.0,0.0,0.0,0.0,-0.1668038964271545,-1.4466140270233154,-0.1668038964271545,-1.4466140270233154,-0.1498440355062484
0.0,0.0,0.0,0.0,0.0,0.0,-0.1668038964271545,-1.4466140270233154,-0.1668038964271545,-1.4466140270233154,-0.1498440355062484
0.0,0.0,0.0,0.0,0.0,0.0,-0.1668038964271545,-1.4466140270233154,-0.1668038964271545,-1.4466140270233154,-0.1498440355062484
0.0,0.0,0.0,0.0,0.0,0.0,-0.1668038964271545,-1.4466140270233154,-0.1668038964271545,-1.4466140270233154,-0.1498440355062484
0.0,0.0,0.0,0.0,0.0,0.0,-0.1668038964271545,-1.4466140270233154,-0.1668038964271545,-1.4466140270233154,-0.1498440355062484
0.0,0.0,0.0,0.0,0.0,0.0,-0.1668038964271545,-1.4466140270233154,-0.1668038964271545,-1.4466140270233154,-0.1498440355062484
0.0,0.0,0.0,0.0,0.0,0.0,-0.1668038964271545,-1.4466140270233154,-0.1668038964271545,-1.4466140270233154,-0.1498440355062484
0.0,0.0,0.0,0.0,0.0,0.0,-0.1668038964271545,-1.4466140270233154,-0.1668038964271545,-1.4466140270233154,-0.1498440355062484
0.0,0.0,0.0,0.0,0.0,0.0,-0.1668038964271545,-1.4466140270233154,-0.1668038964271545,-1.4466140270233154,-0.1498440355062484
0.0,0.0,0.0,0.0,0.0,0.0,-0.1668038964271545,-1.4466140270233154,-0.1668038964271545,-1.4466140270233154,-0.1498440355062484
0.0,0.0,0.0,0.1168535896849012,0.0157167925535972,-0.0789196612497136,-0.1668038964271545,-1.4466140270233154,-0.1668038964271545,-1.4466140270233154,-0.1498440355062484
0.0,0.0,0.0,0.1063553826199741,0.0293278400854504,-0.0789196612497136,-0.1668038964271545,-1.4466140270233154,-0.1668038964271545,-1.4466140270233154,-0.1498440355062484
0.006744624148933992,-0.0009855473274211302,-0.0005243772478582432,0.1063553826199741,0.0293278400854504,-0.0789196612497136,-0.16635802214987513,-1.4466791796830687,-0.1658706068992614,-1.4467504024505615,-0.1499009106794266
0.029597638016013804,0.0019717993950584545,-0.020337915116617557,0.0,0.0,0.0,-0.16473933887292463,-1.4464994438720316,-0.1630878150463104,-1.4462857246398926,-0.1520583444636095
0.0470680221927787,0.0048303660009910085,-0.01838365179728617,0.0,0.0,0.0,-0.16311084278768828,-1.4462789206791222,-0.1618483066558838,-1.446072340011597,-0.1521717477828938
0.05692149912711749,0.007921920703007495,-0.022393336745646655,0.0,0.0,0.0,-0.16170635980946999,-1.4459972580205385,-0.1609942764043808,-1.4457738399505615,-0.15290078361524795
0.055446313331963745,0.00883760479536585,-0.018745310846122097,0.0,0.0,0.0,-0.16089313755119386,-1.4458099731551761,-0.1609997451305389,-1.4457437992095947,-0.15286338312400546
0.04805197968928066,0.008269833092960591,-0.01597181218839573,0.0,0.0,0.0,-0.16049482187419778,-1.4457061057860419,-0.1610291898250579,-1.445747137069702,-0.1528624901989867
0.038565306315601296,0.007006752913055967,-0.013612095360373201,0.0,0.0,0.0,-0.1603531361363804,-1.4456572882854193,-0.1610387116670608,-1.4457485675811768,-0.15286209766721995
0.02915163032417532,0.0055369290908921405,-0.011601170027820247,0.0,0.0,0.0,-0.16035841145441102,-1.4456423474967288,-0.1610387116670608,-1.4457485675811768,-0.152861779111747
0.020860896588145716,0.0041273614897018975,-0.009887328964723344,0.0,0.0,0.0,-0.16044007001114832,-1.4456469404650056,-0.1610392183065414,-1.445748805999756,-0.1528615076996735
0.014118708456402899,0.0029139708499216106,-0.008426678002949094,0.0,0.0,0.0,-0.1605520089024226,-1.4456611176290257,-0.1610392481088638,-1.445748805999756,-0.15286127634028865
0.008965054325525263,0.001943336029260665,-0.007181810951623543,0.0,0.0,0.0,-0.1606668078417075,-1.4456786609176964,-0.1610392481088638,-1.445748805999756,-0.15286107913244054
0.005236924665101042,0.001211713813582618,-0.0061208487231621915,0.0,0.0,0.0,-0.16076982653507138,-1.44569593369468,-0.1610392481088638,-1.445748805999756,-0.15286091104147334
0.002684464687585188,0.0006895128469004291,-0.00521662234938564,0.0,0.0,0.0,-0.1608547740158765,-1.4457110679865715,-0.1610392332077026,-1.445748805999756,-0.1528607677724004
0.0010410312623098045,0.00033706402449776133,-0.0044459768906393955,0.0,0.0,0.0,-0.16092046683952574,-1.445723335502466,-0.1610392332077026,-1.445748805999756,-0.15286064566222274
6.236781312524489e-05,0.00011402192720557001,-0.003789178287905827,0.0,0.0,0.0,-0.1609685079189629,-1.4457326873669971,-0.1610392332077026,-1.445748805999756,-0.1528605415875415
-0.00045595563882395323,-1.5647030658645498e-05,-0.0032294079054327523,0.0,0.0,0.0,-0.16100177541173585,-1.4457394351843924,-0.1610392332077026,-1.445748805999756,-0.15286045288544234
-0.000673931688685346,-8.155808217297325e-05,-0.0027523317827654625,0.0,0.0,0.0,-0.16102348068411787,-1.4457440427911645,-0.1610392332077026,-1.445748805999756,-0.1528603772858326
-0.0007097380404911041,-0.00010655010579383235,-0.0023457335436546283,0.0,0.0,0.0,-0.16103663068096663,-1.445746999895637,-0.1610392183065414,-1.445748805999756,-0.15286031285363164
-0.0006463728172282236,-0.00010728219028789332,-0.001999201548515214,0.0,0.0,0.0,-0.16104379753519762,-1.4457487530940434,-0.1610392183065414,-1.445748805999756,-0.15286025793941665
-0.0005385414952442828,-9.525974779828577e-05,-0.001703862271496452,0.0,0.0,0.0,-0.1610470109766251,-1.4457496748282763,-0.1610392183065414,-1.445748805999756,-0.1528602111373045
-0.00041995579689389464,-7.796631369761543e-05,-0.0014521530701757821,0.011505302510109,0.5480735484855421,-0.0789196612497136,-0.1610477881655294,-1.4457500557481973,-0.1610392183065414,-1.445748805999756,-0.1528601712490234
-0.00030946534461647,-5.991967465408949e-05,-0.00123762852651952,0.011505302510109,0.5480735484855421,-0.0789196612497136,-0.16104720314458434,-1.4457501101802261,-0.1610392183065414,-1.445748805999756,-0.15286013725327405
0.00039460433502953754,0.0048290347636290925,0.022694409902093107,0.1059281300068666,1.2427862973983368,-0.0789196612497136,-0.16100560988241058,-1.445427869413767,-0.1609547287225723,-1.4450745582580566,-0.15028414827078657
0.002836706364868406,0.018852104008734546,0.0342662983115073,0.1059281300068666,1.2427862973983368,-0.0789196612497136,-0.16083785349167157,-1.4444235664155232,-0.160661369562149,-1.4434101581573486,-0.14866514439484588
0.0074450173096972175,0.04308829626211778,0.032613284561284,0.1769130998702981,1.857663843747616,-0.0789196612497136,-0.1604878195162707,-1.4425197241681906,-0.160154789686203,-1.4407682418823242,-0.14829622823418512
0.014896197386163186,0.07718296584390191,0.029922548879251,0.2292210269321737,2.0,-0.0789196612497136,-0.15987611589335857,-1.439576377655152,-0.1593376398086547,-1.4371124505996704,-0.14806625239911528
0.03309025481117893,0.15063259987513522,-0.003605024037767718,0.2632791638056,2.0,-0.0789196612497136,-0.1584350021959826,-1.433485834565048,-0.1571201682090759,-1.428177833557129,-0.15122404988442475
0.04632639929254991,0.202981336971337,-0.022185423145716233,0.2892805371175706,2.0,-0.0789196612497136,-0.1570305417767204,-1.4276150375021066,-0.1560740023851394,-1.4238319396972656,-0.15329826605351848
0.05753438114862034,0.245708113683581,-0.03026745639708274,0.2892805371175706,2.0,-0.0789196612497136,-0.1555483810202332,-1.421542750149833,-0.1547384113073349,-1.4184550046920776,-0.15453026083197782
0.0820159578357722,0.3280034705378908,-0.0782159412528633,0.3060044251163498,2.0,-0.0789196612497136,-0.15300940044036038,-1.4121710307791715,-0.1512401849031448,-1.4062237739562988,-0.16021758669747488
0.09761371752247784,0.37623698857919485,-0.09618017867335069,0.3060044251163498,2.0,-0.0789196612497136,-0.15066600688224321,-1.4037343490919916,-0.1495388001203537,-1.400248646736145,-0.1634247686426783
0.10892507359269532,0.4085011864502483,-0.09814688591103696,0.3172350652323188,2.0,-0.0789196612497136,-0.14835641516135262,-1.3955816325059167,-0.1475389748811721,-1.3932499885559082,-0.1651772641874566
0.11971010595313702,0.4354091664154334,-0.09493151399839449,0.3247425040054934,2.0,-0.0789196612497136,-0.14590063600295342,-1.387266778134469,-0.145121231675148,-1.3853222131729126,-0.16639884314345033
0.15214100869683023,0.5246413141990621,-0.13304266968193748,0.3247425040054934,2.0,-0.0789196612497136,-0.1418413289967652,-1.3744012638625147,-0.1394976377487182,-1.3679527044296265,-0.17204953624681538
0.17148962155512903,0.5722691569538061,-0.14311281220339614,0.327428091859312,2.0,-0.0789196612497136,-0.13812797285418563,-1.36285841671822,-0.1367297023534774,-1.3594164848327637,-0.175275264382563
0.18394796127056845,0.6000948032420598,-0.13751199247207116,0.3340810254062716,2.0,-0.0789196612497136,-0.13456054176105015,-1.3518626096430988,-0.1336602121591568,-1.3498517274856567,-0.17695694693586622
0.19450355622751703,0.6210145451937755,-0.12983946733456805,0.3401846341649501,2.0,-0.0789196612497136,-0.13091956407025993,-1.3408781284310327,-0.1301567405462265,-1.3393663167953491,-0.17832553786394117
0.22804356858137903,0.7062237557625802,-0.17964436757823588,0.3401846341649501,2.0,-0.0789196612497136,-0.1255902407323966,-1.325308876828023,-0.1231663972139358,-1.3191510438919067,-0.18579841347321963
0.24673655068016728,0.7495128010406864,-0.17152977813574338,0.3487296864271001,2.0,-0.0789196612497136,-0.12070578613445145,-1.31114754026939,-0.1193548962473869,-1.3080191612243652,-0.18778625384000402
0.25884200866141566,0.7724007939853175,-0.1594246460844555,0.3487296864271001,2.0,-0.0789196612497136,-0.11595773251573542,-1.2976422537621601,-0.1150829046964645,-1.2959882020950315,-0.18921929016595762
0.26918467858276995,0.7887142826804017,-0.1500296455278752,0.3568474860761426,2.0,-0.0789196612497136,-0.11113252613590413,-1.284205387341911,-0.1103850901126861,-1.2830264568328855,-0.19075268360128833
0.28047919252712833,0.806434446749268,-0.13908193248334902,0.3568474860761426,2.0,-0.0789196612497136,-0.106078912438963,-1.2704145124684636,-0.1052626892924308,-1.2691339254379272,-0.19196704420601496
0.29102752844161783,0.8199586228678647,-0.15408492228707638,0.3584954604409858,2.0,-0.0789196612497136,-0.10089391492956126,-1.2566175037543657,-0.1001316159963607,-1.255640149116516,-0.19581741792087248
0.3390145499880977,0.9349589543039902,-0.17159350353879838,0.3584954604409858,2.0,-0.0789196612497136,-0.0930651437304656,-1.2358957125577645,-0.0895972549915313,-1.227584958076477,-0.20018607577146358
0.36757124389217416,0.9984161369163863,-0.1606661375810314,0.3631952391851683,2.0,-0.0789196612497136,-0.08575308219904776,-1.2167413356143093,-0.0836893692612648,-1.2121554613113403,-0.2017433850416251
0.38580551845678984,1.0343334412691116,-0.14972972070271695,0.3631952391851683,2.0,-0.0789196612497136,-0.07866650907895215,-1.198392252731953,-0.07734876871109,-1.1957966089248655,-0.20312945870248947
0.3996877729252466,1.0584198681223853,-0.14058656082147752,0.3645380331120775,2.0,-0.0789196612497136,-0.07157589133873361,-1.180250609794267,-0.0705726593732833,-1.1785099506378174,-0.20453469058629362
0.41280402507308045,1.0802802359807708,-0.13137125848632641,0.3645380331120775,2.0,-0.0789196612497136,-0.06431379648383347,-1.1618707445540866,-0.0633659213781356,-1.1602909564971924,-0.205785503452578
0.42705624602695796,1.1052578852980244,-0.12361271075750127,0.3645380331120775,2.0,-0.0789196612497136,-0.05676674485691818,-1.1429350358786374,-0.0557367764413356,-1.141129970550537,-0.2070466639932966
0.44044646122474573,1.126001574516181,-0.1347960047555654,0.3645380331120775,2.0,-0.0789196612497136,-0.04904864325611657,-1.1238795838651159,-0.0480809696018695,-1.1223804950714111,-0.210236506590746
0.45156285712660976,1.1419597697972843,-0.1253672495496621,0.3645380331120775,2.0,-0.0789196612497136,-0.041266616081990226,-1.104808592728358,-0.0404632650315761,-1.1036553382873535,-0.2113691891362544
0.5233076685589139,1.3105374279520012,-0.12499945282496544,0.3645380331120775,2.0,-0.0789196612497136,-0.02929869731154843,-1.0753928879922532,-0.0241138990968465,-1.0632102489471436,-0.2133352091250129
0.5640426066992112,1.4033710130823223,-0.11817976449266268,0.3645380331120775,2.0,-0.0789196612497136,-0.018232865314255706,-1.0482872373610888,-0.0152890644967556,-1.0415784120559692,-0.2145954642998643
0.5869813524076845,1.4526995837324777,-0.11203898763075848,0.3645380331120775,2.0,-0.0789196612497136,-0.00769174674778155,-1.0225722831475397,-0.0060340273194015,-1.019007444381714,-0.21582067167124816
0.6712241273161046,1.6473675774786356,-0.13492875263904663,0.3645380331120775,2.0,-0.0789196612497136,0.007269084546882052,-0.9864599589149727,0.0133570758625864,-0.9723918437957764,-0.22009448299313214
0.707509994171712,1.7251262877932128,-0.11864412409161612,0.3645380331120775,2.0,-0.0789196612497136,0.02040746024185419,-0.9549615971996069,0.0230297390371561,-0.9493421912193298,-0.22048229498289518
0.7171825030844273,1.7400735802236122,-0.10131600951638407,0.3645380331120775,2.0,-0.0789196612497136,0.03236705131992336,-0.9263714395155798,0.0330660566687583,-0.9252912402153016,-0.2205038238843769
0.7149112704888517,1.7274377659445612,-0.09453656889640508,0.3645380331120775,2.0,-0.0789196612497136,0.04369182450127556,-0.8993655918861764,0.0435276888310909,-0.9002787470817566,-0.22139058576282808
0.7822105909213275,1.8764997547527504,-0.11132399796383517,0.3699702449073014,2.0,-0.0789196612497136,0.05957943492890165,-0.8618723830019134,0.0644429698586463,-0.8511000871658325,-0.2247229412282035
0.8050333102802634,1.9220835011159445,-0.0946775920509582,0.3710078583962768,2.0,-0.0789196612497136,0.07360357096159333,-0.8288349321342243,0.0752529054880142,-0.8255407214164734,-0.22469565416749243
0.8052354413272528,1.9151555185001932,-0.09137223372498667,0.3710078583962768,2.0,-0.0789196612497136,0.08649746642522882,-0.798539591873092,0.0865120738744735,-0.7990402579307556,-0.22585246227228561
0.8818584958263853,2.0833354536752826,-0.11859634918445969,0.3710078583962768,2.0,-0.0789196612497136,0.10444663791573598,-0.7567790478676278,0.1099839732050895,-0.7446251511573792,-0.23026648539492922
0.9045757204339262,2.1249629602756057,-0.10441518317826051,0.3710078583962768,2.0,-0.0789196612497136,0.12005816636949891,-0.7206937653048572,0.1216998770833015,-0.7176854610443115,-0.23062120296198665
0.8992804557326888,2.102836634140015,-0.09094500446260209,0.3760128175783932,2.0,-0.0789196612497136,0.13418131801632935,-0.6881570872866392,0.1337986439466476,-0.6897560954093933,-0.23083259684018992
0.8800193311033138,2.0472239320112506,-0.10426249079171078,0.3760128175783932,2.0,-0.0789196612497136,0.14729648898507175,-0.6581881511270015,0.145904541015625,-0.6622071266174316,-0.2337302607844883
0.9457136622159591,2.1858446485270626,-0.0958508168445557,0.3760128175783932,2.0,-0.0789196612497136,0.16571972559058568,-0.6162686162421697,0.170467272400856,-0.6062508821487427,-0.23448480847890996
0.9642063680910826,2.2179651710003574,-0.09567792031414687,0.3771114671549553,2.0,-0.0789196612497136,0.18207366180637577,-0.5791716752042666,0.1834100782871246,-0.576850414276123,-0.23599968250533648
0.9593770233067488,2.1972457631098496,-0.09454737677460263,0.3771114671549553,2.0,-0.0789196612497136,0.1971817048954505,-0.5450539531246156,0.1968327015638351,-0.5465512871742249,-0.23740789854624933
0.9465973807105202,2.15563707266798,-0.0938570726722296,0.3771114671549553,2.0,-0.0789196612497136,0.2116868993976342,-0.5126486923183688,0.2107633501291275,-0.5156556367874146,-0.23884578572017076
0.9301508938003029,2.102842845510771,-0.10710585083316107,0.3771114671549553,2.0,-0.0789196612497136,0.22574521151342075,-0.48164862512142553,0.2245566695928573,-0.4854639172554016,-0.2417845370758279
1.0154945740342542,2.2724314797998653,-0.10616773008088887,0.3771114671549553,2.0,-0.0789196612497136,0.2462695342279948,-0.43679195746409727,0.2524370849132538,-0.424536257982254,-0.24339630820605196
1.044930081899155,2.3210824709456293,-0.10305185789431932,0.3771114671549553,2.0,-0.0789196612497136,0.2644633728639799,-0.3972168292756419,0.2665905952453613,-0.3937009572982788,-0.2447570436863047
1.0420337815807263,2.3007459568827957,-0.10037113116083124,0.3771114671549553,2.0,-0.0789196612497136,0.2809907852678164,-0.36142391801401624,0.280781477689743,-0.3628935813903808,-0.24611519685738648
1.1242490563689094,2.46368361485664,-0.12480975936479975,0.3771114671549553,2.0,-0.0789196612497136,0.30309842125172165,-0.3138404839716775,0.3090398907661438,-0.3020654320716858,-0.25037105095055173
1.1384901761817536,2.4804644338110426,-0.11050059458727285,0.3771114671549553,2.0,-0.0789196612497136,0.32202785950404605,-0.2733121981027023,0.3230570256710052,-0.272099494934082,-0.25081084165099976
1.1180352936624616,2.424202703565477,-0.10504708786951714,0.3771114671549553,2.0,-0.0789196612497136,0.33889146893587846,-0.23734412316296113,0.3374132513999939,-0.2414100021123886,-0.2519883555456964
1.1849395751145917,2.5530218426731572,-0.12880839444950495,0.3771114671549553,2.0,-0.0789196612497136,0.3612029484584837,-0.19004089157738346,0.3660379350185394,-0.1807314902544021,-0.25624436614169044
1.1854600538132192,2.541092328255363,-0.11394662124295168,0.3771114671549553,2.0,-0.0789196612497136,0.3801963895173597,-0.14998117960803434,0.3802340030670166,-0.1508432924747467,-0.25668785452261106
1.153717090849185,2.462221348331813,-0.10799524664396142,0.3771114671549553,2.0,-0.0789196612497136,0.3970652834581047,-0.11453771286045308,0.3947713077068329,-0.1202374994754791,-0.25786670602829787
1.1092349635524583,2.357665432849742,-0.10456742797277287,0.3771114671549553,2.0,-0.0789196612497136,0.4125841280617312,-0.08205416403986543,0.4093695282936096,-0.0896101295948028,-0.2592230971467969
1.1655427421643052,2.4617829705387413,-0.11975938348954682,0.3771114671549553,2.0,-0.0789196612497136,0.43405428764973697,-0.03744850468384459,0.438123494386673,-0.0299242194741964,-0.2625432705438018
1.1665371038058074,2.4520664761451654,-0.11324654968087605,0.3771114671549553,2.0,-0.0789196612497136,0.45276870688164295,0.0012976838769550177,0.4528405666351318,0.0005954998196102,-0.26375142999646817
1.138970719268748,2.3841764802822203,-0.10904334599886113,0.3771114671549553,1.9651483939879453,-0.0789196612497136,0.4696109392800441,0.036042668965972205,0.4676187932491302,0.0311364475637674,-0.26510785059958225
1.0999408962513009,2.2935474161336007,-0.10547637100708848,0.3771114671549553,1.9651483939879453,-0.0789196612497136,0.48525428340637955,0.06819817755661725,0.4824337065219879,0.061648666858673,-0.2664658473232207
1.05785244130431,2.1961714194432913,-0.11683928632067829,0.3415884641794462,0.7964293888761731,-0.0789196612497136,0.500070950023759,0.09845759424027946,0.4970293343067169,0.0914205014705658,-0.269385392932755
1.1264287685977052,2.321325117516725,-0.12454650839112924,0.2295872434576944,0.2518654154268711,-0.0789196612497136,0.5215300396796971,0.14187000994320004,0.5264858603477478,0.1509145200252533,-0.27209239446784983
1.145681596591586,2.331584731021227,-0.12924648437027433,0.1505455100328068,0.2042572671091782,-0.0789196612497136,0.5408256678254451,0.17968945536293526,0.5422170162200928,0.1804308891296386,-0.27459563518582963
1.261650705414267,2.472651394058742,-0.23735494555912318,0.0998855573357748,0.1652552071412223,-0.0789196612497136,0.5668230706324583,0.22632045990535182,0.5752038359642029,0.2365149557590484,-0.28840844264397797
1.3086848005787792,2.4554385405324006,-0.27536802099486507,0.0998855573357748,0.1652552071412223,-0.0789196612497136,0.5901188165120552,0.2647449731950134,0.5935178399085999,0.2635010480880737,-0.29651067326830866
1.4651377460187192,2.532804064103514,-0.24165870979357962,0.0680857557030596,0.1399862668802929,-0.0789196612497136,0.6214005800390113,0.30914647749129887,0.6327069997787476,0.314737468957901,-0.2972099816813953
1.524235836169989,2.454846907627739,-0.23106080890615474,0.047638666361486,0.1241779201953154,-0.0789196612497136,0.6487496463363916,0.34451774314288885,0.6530205011367798,0.3388839960098266,-0.29994032411424354
1.5278192620264048,2.297002741056207,-0.22777466882454128,0.047638666361486,0.1241779201953154,-0.0789196612497136,0.6733743131843644,0.37336051596372405,0.6736332774162292,0.3619535565376282,-0.30328222464933013
1.494210219486632,2.1133189886006365,-0.2410570503686176,0.0332951857785914,0.1137407492179751,-0.0789196612497136,0.6955975914842386,0.39796957623225543,0.6931687593460083,0.3846952617168426,-0.30836531532842026
1.5669343757509844,2.0885802481267257,-0.3177608202253165,0.0332951857785914,0.1137407492179751,-0.0789196612497136,0.7243126106770003,0.4301472489594416,0.7295681834220886,0.4283594489097595,-0.32058994277912256
1.5431292448319411,1.9892911797105006,-0.2824245295480936,0.0,0.0,0.0,0.7478098487509457,0.4570007214210225,0.746089518070221,0.4498253762722015,-0.3217171898963113
1.4627619256864977,1.8620698127252793,-0.23738750716665685,0.0,0.0,0.0,0.7671869860231781,0.48041901764460976,0.761379063129425,0.4712250828742981,-0.32141142522276195
1.4594215140552527,1.8674230452870262,-0.2977219187616114,0.0,0.0,0.0,0.7903703485732281,0.5105660266733553,0.7901289463043213,0.510952889919281,-0.3316343777139971
1.3872217565533962,1.7851987333395676,-0.38472734033143996,0.0099794003204394,-1.2362554360265507,-0.0789196612497136,0.8089481041221471,0.5350091024899191,0.8037304282188416,0.5290669798851013,-0.34615044405742923
1.3739157561163964,1.7723345363532024,-0.7515965682875794,0.0227969787136643,-2.0,-0.0789196612497136,0.8302640178403271,0.5627218546226815,0.8293024301528931,0.5617921948432922,-0.39634175929613585
1.2944463253305751,1.6660102048987047,-0.8456967636292394,0.0227969787136643,-2.0,-0.0789196612497136,0.8469930969851729,0.584050307834431,0.8412500619888306,0.5763665437698364,-0.4261427157757534
1.1852825597199723,1.5146716686036217,-0.9922095238612741,0.02743572137026,-2.0,-0.0789196612497136,0.8604876292278668,0.6007017682583032,0.8525986671447754,0.5897649526596069,-0.45918865960596994
1.0686353294850712,1.3488167613822335,-1.1451381851783486,0.0293888761730372,-2.0,-0.0789196612497136,0.8717408236047681,0.6139721624233291,0.8633110523223877,0.601986289024353,-0.4964276116723354
1.0238985857139988,1.2577855154257773,-1.6025323248934824,0.0344548714427404,-2.0,-0.0789196612497136,0.8858815278156194,0.6295353280370328,0.8826485276222229,0.6229567527770996,-0.5877942657073985
0.9437981291794411,1.1285601852165548,-1.6135538511117709,0.0367132066834514,-2.0,-0.0789196612497136,0.8969686163217139,0.6411170554339908,0.8911799788475037,0.6317782998085022,-0.6292098806258763
0.8484885942483542,0.9868912509926402,-1.8151046705901188,0.0409246967269396,-2.0,-0.0789196612497136,0.9057686542715018,0.6498085545485033,0.8988808989524841,0.6395705342292786,-0.6799332088078697
0.7903164127832577,0.8957401490740577,-2.3076227169171037,0.0425726710917828,-2.0,-0.0789196612497136,0.9154988194809626,0.6595729885462311,0.9112948775291444,0.6529857516288757,-0.7870188393980648
0.7027830158089234,0.7836251328111089,-2.305656744574066,0.0473945220111389,-2.0,-0.0789196612497136,0.922357215661906,0.6664931204001872,0.9160314202308656,0.6583908796310425,-0.8373554509582258
0.6252417563342482,0.6949143235940879,-2.8381468681097757,0.0500801098649574,-2.0,-0.0789196612497136,0.9284756387006703,0.6731666196171372,0.9228719472885132,0.666755735874176,-0.9342434420796677
0.5301560824644539,0.589731946747383,-2.810438535130616,0.0615548943312731,-2.0,-0.0789196612497136,0.932193573714011,0.6773318418723618,0.9253219962120056,0.6697306036949158,-0.9668108514513585
0.43399990408584993,0.49439980781253184,-2.907033381066552,0.070527199206531,-2.0,-0.0789196612497136,0.9343193689279907,0.6804653265955309,0.9273704290390016,0.6735759377479553,-1.0197352199356324
0.33363697298559797,0.3927629986345006,-2.5939338854365106,0.070527199206531,-2.0,-0.0789196612497136,0.9346285648648955,0.6816567073347017,0.9273756146430968,0.6743116974830627,-1.031941340200121
0.23634893324592623,0.29437396040472746,-2.182501449310244,0.0789501792935074,-2.0,-0.0789196612497136,0.9335352291249406,0.681436603088568,0.9265044927597046,0.6743263006210327,-1.0417750647003106
0.15426567007416175,0.2077726552428823,-1.795799335669177,0.0789501792935074,-2.0,-0.0789196612497136,0.9318904436151947,0.6804215388487461,0.925958514213562,0.6741631031036377,-1.0446831380191859
0.08857659900285388,0.13602253727956684,-1.4979596971239513,0.0856641489280538,-2.0,-0.0789196612497136,0.9300161147598509,0.6790026374715418,0.9252689480781556,0.6738174557685852,-1.0475695423045401
0.032599259391211825,0.07597040542029886,-1.280307946839456,0.0884718089570459,-2.0,-0.0789196612497136,0.9277327848666826,0.6772090658237899,0.92368745803833,0.6728692650794983,-1.0513743598025798
-0.018082390908949378,0.024844308658793834,-1.1041752925667465,0.0931715877012284,-2.0,-0.0789196612497136,0.9249039054900162,0.675044743273173,0.921241283416748,0.6713500022888184,-1.0547082546144806
-0.09690965661623606,-0.03848725589599793,-0.9946017382774841,0.0931715877012284,-2.0,-0.0789196612497136,0.9194034665946803,0.6712555229080399,0.9137068390846252,0.6666787266731262,-1.0614100305976164
-0.16365187028774664,-0.08981952072831463,-0.8729134847430351,0.0948195620660716,-2.0,-0.0789196612497136,0.9134407112576092,0.6672462483972428,0.9086174368858336,0.6635366082191467,-1.064735457177283
-0.22276711461895649,-0.13278718333072528,-0.770236424886661,0.0992141603723202,-2.0,-0.0789196612497136,0.9069142849417083,0.6629686255967185,0.9026421904563904,0.6598634719848633,-1.0680390286104462
-0.27749353252282016,-0.17017855807635773,-0.6846801213013848,0.0992141603723202,-2.0,-0.0789196612497136,0.8997321516859842,0.6583721579810973,0.8957772254943848,0.6556699872016907,-1.0713731520751486
-0.38362920388509764,-0.2367559603452608,-0.6097211079691799,0.100679026474403,-2.0,-0.0789196612497136,0.8882758277556646,0.6512479955890911,0.8806056976318359,0.6464366316795349,-1.0743829778781313
-0.4487936748320165,-0.27651538505183887,-0.5276816236719623,0.100679026474403,-2.0,-0.0789196612497136,0.8778298612336352,0.6448314802613184,0.8731206059455872,0.6419581770896912,-1.075389951843432
-0.4919381018378821,-0.3017021904083188,-0.4782527835955817,0.100679026474403,-2.0,-0.0789196612497136,0.867796966408868,0.6387421822927025,0.8646790385246277,0.6369220018386841,-1.0785554863283275
-0.5249627766082811,-0.32045343249908664,-0.43631658441245397,0.1063553826199741,-2.0,-0.0789196612497136,0.8577427583289341,0.6326753382882416,0.8553561568260193,0.6313202381134033,-1.081697846069517
-0.6269410400030244,-0.3799199906470165,-0.40077812846506056,0.1073929961089494,-2.0,-0.0789196612497136,0.8426017648284022,0.6236168622885818,0.8352320790290833,0.6193193793296814,-1.08484891472388
-0.6795715961437738,-0.4094023305035542,-0.35292962869829625,0.1073929961089494,-2.0,-0.0789196612497136,0.8290914022022765,0.6155891210128794,0.825287938117981,0.613458514213562,-1.0860954516975816
-0.7835237629158143,-0.469098822766529,-0.3324612948740209,0.1073929961089494,-2.0,-0.0789196612497136,0.8113461765904079,0.6050922621380371,0.8038338422775269,0.6007781624794006,-1.089534876107243
-0.8237384430574273,-0.49102631411208075,-0.2986673170025696,0.1073929961089494,-2.0,-0.0789196612497136,0.7961512803503937,0.5961370962174534,0.7932450771331787,0.5945524573326111,-1.0911959333257224
-0.8329815651642799,-0.4945317079491142,-0.2883759858160145,0.1073929961089494,-2.0,-0.0789196612497136,0.7823604200353821,0.5880489402708257,0.7816924452781677,0.587795615196228,-1.0948620408940306
-0.8224950359848338,-0.48675081393687825,-0.2491285446748399,0.1073929961089494,-2.0,-0.0789196612497136,0.7697259594959971,0.5806508130509183,0.7704837918281555,0.581213116645813,-1.0952214707241075
-0.8913359704875389,-0.5246564521378778,-0.2644513900998286,0.1073929961089494,-2.0,-0.0789196612497136,0.7520150956457308,0.5703569303664693,0.7470401525497437,0.5676175951957703,-1.100863380917075
-0.9189375488968426,-0.5383541918899021,-0.25778213525617605,0.1073929961089494,-2.0,-0.0789196612497136,0.7359290322554678,0.5610568956043901,0.7339343428611755,0.5600669980049133,-1.1043693899950775
-0.9284277127072443,-0.5411585103201106,-0.2514270693893063,0.1073929961089494,-2.0,-0.0789196612497136,0.7205986547897696,0.5522578403753224,0.7199128270149231,0.5520551800727844,-1.1078046322199713
-1.0239122433967984,-0.592494388789955,-0.2409683336559934,0.1122148470283055,-2.0,-0.0789196612497136,0.6994315106325439,0.5402055869030341,0.6925311088562012,0.5364956855773926,-1.1106931380589802
-1.0613713040413615,-0.6103506776088641,-0.2446973240860413,0.1122148470283055,-2.0,-0.0789196612497136,0.6805725674697963,0.5295452313834584,0.6778655052185059,0.5282548069953918,-1.1149528501488415
-1.1652187352751697,-0.6649343919935693,-0.24341266530118444,0.1122148470283055,-2.0,-0.0789196612497136,0.6567254703988374,0.5161711949781874,0.6492207050323486,0.5122265815734863,-1.1187285034192485
-1.1951930920237577,-0.6777989137316277,-0.2484833283451622,0.1122148470283055,-2.0,-0.0789196612497136,0.6361004229079529,0.5046817956369029,0.6339342594146729,0.5037521123886108,-1.1231733773923311
-1.1897088270415874,-0.6705301731803628,-0.24670815197907614,0.1122148470283055,-2.0,-0.0789196612497136,0.6173398877648614,0.49431753563306324,0.6177362203598022,0.4948428273200989,-1.126956302311942
-1.2784242872948854,-0.7146265220392568,-0.24398958488174152,0.1122148470283055,-2.0,-0.0789196612497136,0.5924397361530044,0.48067392709115964,0.586028516292572,0.4774872064590454,-1.1306086627896061
-1.2985582326109437,-0.7207500980542415,-0.2505903260737893,0.1122148470283055,-2.0,-0.0789196612497136,0.5706539307174336,0.46883508477255453,0.5691989064216614,0.468392550945282,-1.1352285670135183
-1.413104067587654,-0.7761863186943627,-0.256141820923672,0.1122148470283055,-2.0,-0.0789196612497136,0.542304591661621,0.4536383000727075,0.5340266823768616,0.4496320784091949,-1.1398411504113644
-1.4351582896027304,-0.7821214922312532,-0.24938327880457792,0.1122148470283055,-2.0,-0.0789196612497136,0.5182369639003236,0.44082695593718807,0.5166431665420532,0.4403980374336242,-1.143205310310856
-1.4135372475041539,-0.7644401869151539,-0.25690934100153684,0.1122148470283055,-2.0,-0.0789196612497136,0.49670375724601457,0.429481889533796,0.4982662498950958,0.4307596683502197,-1.148011233963871
-1.3691556166476633,-0.734805096941467,-0.2303435088806396,0.1122148470283055,-2.0,-0.0789196612497136,0.47702114650734495,0.41920996598828425,0.4802284836769104,0.4213516116142273,-1.149235814786575
-1.317754197305929,-0.7020558535156753,-0.23184552858288088,0.1122148470283055,-2.0,-0.0789196612497136,0.4585127067305593,0.40961807464530703,0.4622273445129394,0.411984771490097,-1.1530836216800302
-1.2758239702618996,-0.6741005247277122,-0.24389036106470963,0.1122148470283055,-2.0,-0.0789196612497136,0.4402005671505215,0.4002332546163727,0.4432307481765747,0.40225350856781,-1.1581004997334121
-1.4012775585914499,-0.7297306573880887,-0.2804486270528363,0.1122148470283055,-2.0,-0.0789196612497136,0.411493885459932,0.3857700439348272,0.4024277031421661,0.3817498087882995,-1.1659799969590148
-1.4624582598924596,-0.7525015266511575,-0.2727023323933679,0.1134355687800412,-2.0,-0.0789196612497136,0.3850289046984977,0.37258901454990884,0.380607545375824,0.3709434270858764,-1.1696202263785271
-1.4898737271967568,-0.7581504555869748,-0.2652058770564303,0.1134355687800412,-2.0,-0.0789196612497136,0.35981718812900576,0.3601755501733451,0.3578359484672546,0.3597673177719116,-1.173171309004851
-1.6723648519404133,-0.8389666458765348,-0.26373985138904615,0.1134355687800412,-2.0,-0.0789196612497136,0.3239150672556661,0.3427025382210947,0.3107269406318664,0.336862176656723,-1.177255776175404
-1.7429210928618042,-0.865917192787708,-0.2574126543264505,0.1134355687800412,-2.0,-0.0789196612497136,0.29249289070453666,0.3274974224789709,0.2873939871788025,0.3255497813224792,-1.1807893005812142
-1.7541616682557504,-0.8639907319983402,-0.2659694290182774,0.1134355687800412,-2.0,-0.0789196612497136,0.26386306015413113,0.3137701020538636,0.2630507349967956,0.3139093220233917,-1.1858351534247442
-1.7306555750702017,-0.8454787806063927,-0.24049716604445176,0.1134355687800412,-2.0,-0.0789196612497136,0.23735041658418765,0.30117004024674554,0.2390491366386413,0.3025078475475311,-1.1873224603562593
-1.6913610270244668,-0.8201396334121681,-0.24469261584879426,0.1134355687800412,-2.0,-0.0789196612497136,0.21225761523325742,0.2893175025940352,0.2150973230600357,0.291148692369461,-1.191623410793108
-1.8429993460571727,-0.8818361354251475,-0.2973435414665609,0.1134355687800412,-2.0,-0.0789196612497136,0.1751713178796308,0.2721166300312294,0.1642128378152847,0.267657995223999,-1.2012578735912636
-1.9033417930884564,-0.9000359786547901,-0.29026107156361286,0.1134355687800412,-2.0,-0.0789196612497136,0.14169420391452214,0.25680409483668787,0.1373334228992462,0.2554888427257538,-1.2052366992583652
-1.916006148556807,-0.8956295312578609,-0.28151871690048424,0.1134355687800412,-2.0,-0.0789196612497136,0.11040351876718069,0.24269482103647907,0.1094883009791374,0.2430132627487182,-1.2089339105546857
-1.9093187909657492,-0.8821515741002741,-0.27335659311007704,0.1134355687800412,-2.0,-0.0789196612497136,0.080189508884176,0.2292557506548389,0.0806727856397628,0.230229765176773,-1.2125544704579017
-1.9003249075364061,-0.86768312677809,-0.26620057386366813,0.1134355687800412,-2.0,-0.0789196612497136,0.05023497675979006,0.21609780700902093,0.0508849397301673,0.2171434015035629,-1.2161532107345308
-1.8887123279699785,-0.8529310036107628,-0.23292881587540754,0.1134355687800412,-2.0,-0.0789196612497136,0.020597463792277122,0.2031901117910524,0.0214366726577281,0.2042562067508697,-1.2168078240011049
-2.096183929432568,-0.933889633822297,-0.259524443510974,0.1134355687800412,-2.0,-0.0789196612497136,-0.023337486507339543,0.1841911946380383,-0.0383308827877044,0.1783405393362045,-1.2233993220415091
-2.184212725548634,-0.9629575157523806,-0.23424817115196014,0.1134355687800412,-2.0,-0.0789196612497136,-0.06269584569707591,0.16732733809693084,-0.0690574422478675,0.1652266830205917,-1.224794207816538
-2.1996889481576045,-0.9612382801754015,-0.21193567522954398,0.1134355687800412,-2.0,-0.0789196612497136,-0.09866635295350037,0.1520336732396498,-0.0997847765684127,0.1521579176187515,-1.2261324678713301
-2.170380234618236,-0.9413860872696587,-0.1778827837126652,0.1134355687800412,-2.0,-0.0789196612497136,-0.13192383280433834,0.13796625147962033,-0.1298057734966278,0.139400914311409,-1.2258413607057472
-2.342675532447233,-1.0076098487007006,-0.1882631806784074,0.1134355687800412,-2.0,-0.0789196612497136,-0.1780400310671142,0.11852614714384149,-0.1904913336038589,0.1137403398752212,-1.2298077254824256
-2.384340113152652,-1.0190278810201703,-0.17313637714222663,0.1134355687800412,-2.0,-0.0789196612497136,-0.2182772057888251,0.10164956516011302,-0.221288189291954,0.1008244156837463,-1.231176150050932
-2.353021954055764,-1.000180202458554,-0.15994743919543994,0.1134355687800412,-2.0,-0.0789196612497136,-0.2543562636548662,0.08659110325342567,-0.2520929872989654,0.0879531726241111,-1.2325183255702232
-2.504944635639518,-1.0578997914645334,-0.14593766745465145,0.1134355687800412,-2.0,-0.0789196612497136,-0.3020479345085097,0.06677248774241454,-0.3130269646644592,0.0626012533903122,-1.2335600222780738
-2.5118411430022745,-1.0559515045144683,-0.1465806760569644,0.1134355687800412,-2.0,-0.0789196612497136,-0.3425829636663415,0.04997488862445786,-0.3430813550949096,0.0501156859099864,-1.2359646645272928
-2.4477525242850566,-1.0246381621634288,-0.13977174333142076,0.1134355687800412,-2.0,-0.0789196612497136,-0.3785356452396133,0.03514973007071902,-0.373904138803482,0.0374126583337783,-1.2375711682314667
-2.572665974920447,-1.0708377976890455,-0.12873658647311614,0.1134355687800412,-2.0,-0.0789196612497136,-0.42595747631871905,0.01570134942308416,-0.4349846243858337,0.0123626301065087,-1.2386112372942113
-2.558121677906935,-1.0602908603856247,-0.13195631511689448,0.1134355687800412,-2.0,-0.0789196612497136,-0.4661586360987992,-0.0007348173704910828,-0.4651075601577759,2.73804889729e-05,-1.2410198751064798
-2.4779612352758127,-1.0228633665065505,-0.1272062710163997,0.1134355687800412,-2.0,-0.0789196612497136,-0.5017893285132042,-0.015225210687102437,-0.495996356010437,-0.0125204296782612,-1.242615649672556
-2.3733129059960536,-0.975530144046979,-0.12084802304443215,0.1134355687800412,-2.0,-0.0789196612497136,-0.5345186062244616,-0.02846191522157196,-0.5269559621810913,-0.0250412747263908,-1.2439615315324728
-2.26802843361512,-0.92817325275167,-0.11540598985202898,0.1134355687800412,-2.0,-0.0789196612497136,-0.565531456456491,-0.040939723494965545,-0.5579228401184082,-0.0375173725187778,-1.2453051320156638
-2.387679544970521,-0.9718649954462549,-0.11785801505348631,0.1134355687800412,-2.0,-0.0789196612497136,-0.6097298188417544,-0.05867887356587228,-0.6183766722679138,-0.0618363544344902,-1.2474174718185098
-2.397873274721919,-0.9715535510008646,-0.11525028800887481,0.1134355687800412,-2.0,-0.0789196612497136,-0.6486065796511149,-0.07420812449295924,-0.6493432521820068,-0.0741856172680854,-1.2490202235554602
-2.3502487281762106,-0.9481020456899638,-0.11066059323796804,0.1134355687800412,-2.0,-0.0789196612497136,-0.6838241838356673,-0.08820264688741518,-0.680382490158081,-0.0865078717470169,-1.2503664708674025
-2.4914636492022053,-0.9997851022641011,-0.11381932753729818,0.1134355687800412,-2.0,-0.0789196612497136,-0.73076361338626,-0.10678894820991448,-0.7409688234329224,-0.1105239391326904,-1.2524795240319917
-2.501380216288105,-0.9992901660998018,-0.11172316334749374,0.1134355687800412,-2.0,-0.0789196612497136,-0.7712825971665539,-0.12275279055747122,-0.7719992399215698,-0.1227170228958129,-1.254073155681086
-2.4420897800834274,-0.9714009672569871,-0.10765387481425699,0.1134355687800412,-2.0,-0.0789196612497136,-0.8073851026342503,-0.136897731312675,-0.8031003475189209,-0.1348822563886642,-1.2554193969254697
-2.5732154969760472,-1.0176010742063364,-0.10135307763480939,0.1134355687800412,-2.0,-0.0789196612497136,-0.8551270109153716,-0.1554943480067333,-0.8646031022071838,-0.1588331013917923,-1.256458663536123
-2.563375166636016,-1.0093002838915097,-0.10859548261484828,0.1134355687800412,-2.0,-0.0789196612497136,-0.89564793334023,-0.1712272157308082,-0.8949368000030518,-0.1706273406744003,-1.2588653819936446
-2.486635308881232,-0.9749390275624323,-0.10737314870737762,0.1134355687800412,-1.988464179446097,-0.0789196612497136,-0.9315888099360129,-0.1851044629572961,-0.9260430335998536,-0.1826212704181671,-1.2604701992043201
-2.384350412798531,-0.9307391854955134,-0.10394673354347549,0.1134355687800412,-1.988464179446097,-0.0789196612497136,-0.9646131148993942,-0.19778151988809364,-0.957221269607544,-0.1945873200893402,-1.2618165348289399
-2.4949812122731485,-0.968589639903755,-0.1055343116846171,0.1134355687800412,-1.2495002670328832,-0.0789196612497136,-1.0100763132858566,-0.2151755684218771,-1.0180712938308716,-0.2179109156131744,-1.263651826629772
-2.4884511411268884,-0.9616780839367924,-0.10266508309471128,0.0993362325474938,-1.1270008392462043,-0.0789196612497136,-1.049564322096098,-0.23021609283812952,-1.049092411994934,-0.2297166138887405,-1.2650290771120865
-2.4161754358007514,-0.9306844463294055,-0.09217193781122132,0.0993362325474938,-1.1270008392462043,-0.0789196612497136,-1.0846015309119197,-0.24355401173528926,-1.079378366470337,-0.2413141876459121,-1.26553383384592
-2.309460081315516,-0.8911277441840623,-0.09733736833519836,0.0,0.0,0.0,-1.1162055887258233,-0.25582994451734453,-1.1084935665130615,-0.2529712915420532,-1.2675682479264114
-2.1886076708736075,-0.8507933062782912,-0.0859782195770335,0.0,0.0,0.0,-1.1451676269811886,-0.267421555432867,-1.1364339590072632,-0.2645066976547241,-1.2678928510470082
-2.2509243572607596,-0.8883389603442206,-0.02899258964772776,0.0,0.0,0.0,-1.1843049873530334,-0.2835163201281421,-1.1888084411621094,-0.2862296402454376,-1.2630894961802113
-2.19927767611289,-0.8786453545088017,0.05355460138892333,0.0,0.0,0.0,-1.216905513188006,-0.29708891764488504,-1.2131731510162354,-0.2963883876800537,-1.2545553856343385
-2.0850219200111355,-0.8420541062753557,0.15067384876840062,0.0,0.0,0.0,-1.2445407252345944,-0.30872826547692483,-1.236283779144287,-0.3060839176177978,-1.2429670195016358
-2.091196073389314,-0.8552890104792333,0.41392574676541,0.0,0.0,0.0,-1.2783092374940541,-0.32307606552722723,-1.2787554264068604,-0.3240325152873993,-1.2103386683436383
-1.9926450606555843,-0.8226615653729881,0.5144127701088862,0.0,0.0,0.0,-1.3052533546175458,-0.33460375134210657,-1.2981313467025757,-0.3322458565235138,-1.1902705673550378
-1.8419329705525802,-0.76595449750484,0.6385565605125794,0.0,0.0,0.0,-1.3271723859000586,-0.3440175399634481,-1.3162808418273926,-0.3399194777011871,-1.167135428642383
-1.67262993705944,-0.6991227496906899,0.7696455626756961,0.0,0.0,0.0,-1.345451011825276,-0.35185469216039916,-1.3332159519195557,-0.3470249474048614,-1.1406864084103077
-1.5044427437255088,-0.630417219452418,0.900888862382739,0.0,0.0,0.0,-1.3610945552856868,-0.358498664199383,-1.348940134048462,-0.3535335063934326,-1.1115437181175438
-1.3475558749434118,-0.5641359919184928,1.0308660443440691,0.0,0.0,0.0,-1.3747941466205824,-0.3642036137963713,-1.36345636844635,-0.3594136536121368,-1.0799987166012779
-1.2936220864037538,-0.5346045491676031,1.4282653517356285,0.0,0.0,0.0,-1.392789580417888,-0.3712775221427437,-1.3888919353485107,-0.3691433668136596,-1.0071347848609298
-1.1949925468712381,-0.48529875316676296,1.4535414306438497,0.0,0.0,0.0,-1.4069673224922667,-0.3765716825139523,-1.3998396396636963,-0.3730084896087646,-0.9744014881243305
-1.0758106515858432,-0.4287379641221026,1.506204487649859,0.0,0.0,0.0,-1.4182083147769287,-0.3805973363548564,-1.4095953702926636,-0.3765098452568054,-0.9450024201064977
-0.951148842131167,-0.3719965447424053,1.5016124308147496,0.0,0.0,0.0,-1.4271801300317024,-0.3837060764430768,-1.4181711673736572,-0.3796055316925049,-0.9214106644487937
-0.8749526867782319,-0.3337982779482288,1.5704013018172656,0.0,0.0,0.0,-1.437361328567309,-0.3871328063776535,-1.4318548440933228,-0.3843723237514496,-0.8903877672974455
-0.7711058910050248,-0.28684650767051256,1.4264712263096064,0.0,0.0,0.0,-1.4444954573585556,-0.3893696865735765,-1.436990737915039,-0.3859766125679016,-0.8816232460639324
-0.6567020838147106,-0.2368183038776534,1.2136969141713472,-0.6783855954833296,-0.0572213321126113,-0.0789196612497136,-1.4492701334674822,-0.39065196127540613,-1.4410024881362915,-0.3870365619659424,-0.8779956705748706
-0.5419322568135064,-0.18700325228541928,1.002334603756644,-0.6783855954833296,-0.0572213321126113,-0.0789196612497136,-1.452190151787676,-0.3911478758032107,-1.4438960552215576,-0.387547880411148,-0.8779164154096807
-0.4595159984855802,-0.13428198226648377,0.7899031085795392,-0.7999084458686199,-0.0656443121995882,-0.0789196612497136,-1.4554126857784493,-0.3906546249317116,-1.4494566917419434,-0.3868446052074432,-0.8820667163066584
-0.38229811337048236,-0.08646546192927701,0.6350927024660084,-1.3848783093003738,-0.0733348592355231,-0.0789196612497136,-1.4576602142040347,-0.3896420774146716,-1.4520798921585083,-0.3861865103244781,-0.8845366722254737
-0.3409599868737092,-0.02868917511608484,0.4791545713181319,-2.0,-0.0998855573357748,-0.0789196612497136,-1.461044199082367,-0.38720604434964545,-1.4580568075180054,-0.3830307126045227,-0.8902996419921151
-0.27994656823720854,0.004802046675393613,0.4062185273701344,-2.0,-0.0998855573357748,-0.0789196612497136,-1.4624660777872274,-0.38545103016458054,-1.4580568075180054,-0.3830307126045227,-0.89016352077509
-0.25891285848199797,0.050997919670272916,0.30134401489979723,-2.0,-0.1321736476691843,-0.0789196612497136,-1.4655547243240579,-0.3823202760985066,-1.4640346765518188,-0.3789818286895752,-0.8948292142636164
-0.24493447157056536,0.0954370168884715,0.23524434200491626,-2.0,-0.1531090257114518,-0.0789196612497136,-1.4687732454818567,-0.3785665251704888,-1.467763066291809,-0.3753550350666046,-0.8970485216086157
-0.24095390663423963,0.14138953253364656,0.18536453972662142,-2.0,-0.1531090257114518,-0.0789196612497136,-1.4724290494483454,-0.3740016994726349,-1.4721413850784302,-0.3706808388233185,-0.8986469315206355
-0.281833970818949,0.22592620398599186,0.1332545574309386,-2.0,-0.1662928206301974,-0.0789196612497136,-1.478986815261673,-0.36615090835430014,-1.4819411039352417,-0.3600416779518127,-0.9013069737687988
-0.30516512764838144,0.28081114274464825,0.10556853900519002,-2.0,-0.1662928206301974,-0.0789196612497136,-1.4850385372070745,-0.3589077501564307,-1.486724615097046,-0.3549413681030273,-0.9021681205677935
-0.3228199298925854,0.32118334007685595,0.08015796018098492,-2.0,-0.1776455329213395,-0.0789196612497136,-1.491088304654071,-0.3517458426772141,-1.4923641681671145,-0.3488282561302185,-0.9032310720770157
-0.3850218891224475,0.40184594497519366,0.04501063893225675,-2.0,-0.1819180590524145,-0.0789196612497136,-1.5003654767760122,-0.3412744578112868,-1.5048606395721436,-0.3354451954364776,-0.9057582492282017
-0.4169835985118474,0.4441939377844778,0.0328300810198245,-2.0,-0.1819180590524145,-0.0789196612497136,-1.5086387548324582,-0.3320453774144941,-1.5109485387802124,-0.3289850056171417,-0.9063590316629295
-0.43572733106631045,0.4690316758789632,0.019750786674602023,-2.0,-0.1846646829938198,-0.0789196612497136,-1.5165496049254104,-0.32329629877507254,-1.5179041624069214,-0.3215013444423675,-0.9072520258238784
-0.45098567069478834,0.48770435381506216,0.004984213421590087,-2.0,-0.1846646829938198,-0.0789196612497136,-1.5245299420405958,-0.31455737672995177,-1.525632619857788,-0.3132079541683197,-0.9085375835837458
-0.5140414538107412,0.5539033322657866,-0.013607652824423451,-2.0,-0.1846646829938198,-0.0789196612497136,-1.5359142106888808,-0.30237781848514883,-1.540471076965332,-0.2975938022136688,-0.9104748677758886
-0.5471953769323044,0.5884163040501493,-0.019396475499747552,-2.0,-0.1882658121614406,-0.0789196612497136,-1.546330616763102,-0.2912337782328678,-1.5487265586853027,-0.2887396216392517,-0.9113208051385641
-0.5663345486487998,0.6085234100492646,-0.02855943300043006,-2.0,-0.1882658121614406,-0.0789196612497136,-1.5563509970418303,-0.2804898748254192,-1.557734131813049,-0.2790367901325226,-0.9126249985638613
-0.6500849123732741,0.6974849753157522,-0.048159466405370846,-2.0,-0.1882658121614406,-0.0789196612497136,-1.5709489271093326,-0.26487242035100184,-1.5770013332366943,-0.2584434151649475,-0.9152085208813779
-0.6866193779582469,0.7353438460379667,-0.04651837277228151,-2.0,-0.1882658121614406,-0.0789196612497136,-1.5837655097544914,-0.251209882793582,-1.5864057540893557,-0.2484739273786544,-0.9158008854920552
-0.7725071412807536,0.8267415600876403,-0.05858365914537913,-2.0,-0.1882658121614406,-0.0789196612497136,-1.600429296513968,-0.23340225217978258,-1.6066361665725708,-0.2267971932888031,-0.9178533481287372
-0.7994458769565166,0.854978590298889,-0.05586854874214776,-2.0,-0.1882658121614406,-0.0789196612497136,-1.614570279364246,-0.21830769084564386,-1.6165170669555664,-0.2162670791149139,-0.9184960005767132
-0.7986817579044935,0.8548950108981068,-0.05517410719721689,-2.0,-0.1882658121614406,-0.0789196612497136,-1.6273108989380425,-0.20463355867611574,-1.62725567817688,-0.2046395987272262,-0.9193146016266603
-0.7889740510310159,0.8464492763549644,-0.05905023999953587,-2.0,-0.1906462195773253,-0.0789196612497136,-1.639448049022938,-0.19151356995228572,-1.6387465000152588,-0.1921239197254181,-0.9206177289887013
-0.7810368420785901,0.8406871983264121,-0.062296662759057486,-2.0,-0.1906462195773253,-0.0789196612497136,-1.6515469200487025,-0.1783513015521119,-1.6509733200073242,-0.1787677109241485,-0.9219147114528817
-0.858723905576874,0.9260683373005825,-0.075542369118446,-2.0,-0.1906462195773253,-0.0789196612497136,-1.6691792535628833,-0.1592559216390344,-1.6747934818267822,-0.1530856639146804,-0.924348384713906
-0.8919108235731792,0.9640137057113424,-0.07484734202891154,-2.0,-0.1906462195773253,-0.0789196612497136,-1.6851127600937899,-0.14193033209214845,-1.6875110864639282,-0.1391881257295608,-0.9254815984439317
-0.9034387770870981,0.9793561877926747,-0.07575841267048293,-2.0,-0.1906462195773253,-0.0789196612497136,-1.7001454243566207,-0.12549185048508657,-1.7009785175323486,-0.1243830919265747,-0.9267779603837528
-0.9075101833948113,0.9871870276620162,-0.07650755491147083,-2.0,-0.1906462195773253,-0.0789196612497136,-1.7148695977189763,-0.1093044695474873,-1.7151638269424438,-0.1087385565042495,-0.9280713504346658
-1.0186049881804387,1.1123147936410687,-0.08882590937256131,-2.0,-0.1906462195773253,-0.0789196612497136,-1.7367340269437541,-0.08523751843451513,-1.7447625398635864,-0.0761948823928833,-0.9306315859316617
-1.0639360304833971,1.1638763659159987,-0.08617728062916616,-2.0,-0.1906462195773253,-0.0789196612497136,-1.756028455761397,-0.06403184424080853,-1.759304404258728,-0.0603056326508522,-0.9317651887386299
-1.0757596443765165,1.1792309978038014,-0.0834540167359931,-2.0,-0.1906462195773253,-0.0789196612497136,-1.773833068880243,-0.04439475686987006,-1.7746875286102295,-0.0432851202785968,-0.9328487345569024
-1.1751247937175584,1.2904740798936691,-0.09314218519135274,-2.0,-0.1906462195773253,-0.0789196612497136,-1.797614064263981,-0.018172992283923852,-1.8047949075698853,-0.0101337637752294,-0.9352344808133136
-1.205648072892176,1.3269171307872836,-0.08967896613358582,-2.0,-0.1906462195773253,-0.0789196612497136,-1.8184338969077174,0.004883773790146406,-1.820639729499817,0.0075174118392169,-0.9363487603120966
-1.2018631230212353,1.3268673466051226,-0.08850668936901324,-2.0,-0.1906462195773253,-0.0789196612497136,-1.8374740502353502,0.026111156745128112,-1.8372005224227903,0.0261075589805841,-0.937656519673554
-1.1856697746453766,1.3139169853066714,-0.0873565559645465,-2.0,-0.1906462195773253,-0.0789196612497136,-1.8556333487352552,0.04648491053131445,-1.8544631004333496,0.0455490238964557,-0.938947894332616
-1.1703751332288952,1.3022071324461197,-0.08633400711888227,-2.0,-0.1906462195773253,-0.0789196612497136,-1.873592965469282,0.06673346619064853,-1.8724876642227173,0.065887227654457,-0.9402347016608086
-1.1549940215866077,1.288784825504625,-0.08547303983396273,-2.0,-0.1906462195773253,-0.0789196612497136,-1.8913021515584458,0.08668145712126421,-1.890190601348877,0.0857114642858505,-0.9415226700034702
-1.2738618561694723,1.4256980157963774,-0.09323011834216992,-2.0,-0.1906462195773253,-0.0789196612497136,-1.9176401824132718,0.11635308499028833,-1.9262304306030276,0.1262474209070205,-0.9437315445162794
-1.326949069878121,1.4898445319262694,-0.09167825099332166,-2.0,-0.1906462195773253,-0.0789196612497136,-1.9415314668615107,0.14340485744565118,-1.945367932319641,0.1480405479669571,-0.9450547614202376
-1.4860154742560623,1.6753264923539801,-0.10238261733773213,-2.0,-0.1906462195773253,-0.0789196612497136,-1.9732782294979874,0.17950422965446944,-1.9847735166549685,0.1929084956645965,-0.9476824733872551
-1.5381140879510367,1.738165250666395,-0.09777437133237477,-2.0,-0.1906462195773253,-0.0789196612497136,-2.000498617368594,0.2104636043522261,-2.004263639450073,0.2150047868490219,-0.9488201311588229
-1.6788277752090333,1.903217061850606,-0.10507519103456679,-2.0,-0.1906462195773253,-0.0789196612497136,-2.0344107570643097,0.24918550974364148,-2.0445797443389893,0.2611133456230163,-0.9511759627445765
-1.7021873129995408,1.9337039600923076,-0.10004390200909398,-2.0,-0.1906462195773253,-0.0789196612497136,-2.0628162560913212,0.28165241360321214,-2.064504384994507,0.2838556170463562,-0.9523109600592844
-1.6674100165774952,1.8987225933800569,-0.0955351730102161,-2.0,-0.1906462195773253,-0.0789196612497136,-2.0877521921641184,0.31027912533066093,-2.0852389335632324,0.3077511191368103,-0.9534228983537893
-1.7635777905108427,2.016472294233038,-0.10544271785639386,-2.0,-0.1906462195773253,-0.0789196612497136,-2.1207882210948843,0.34844289563950254,-2.1277379989624023,0.3569523394107818,-0.956025493768658
-1.7616459437481367,2.0198758855369467,-0.1006678833374367,-2.0,-0.1906462195773253,-0.0789196612497136,-2.1488777550271063,0.38093145729618477,-2.148738145828247,0.3811774253845215,-0.9571940228537443
-1.7138337666745693,1.9708984715876625,-0.09709563479597141,-2.0,-0.1906462195773253,-0.0789196612497136,-2.173903318018673,0.4100116677622916,-2.170448064804077,0.4064722061157226,-0.9584174535921368
-1.648055685421691,1.9016914074204152,-0.09520910985710695,-2.0,-0.1906462195773253,-0.0789196612497136,-2.196976194415091,0.4369708958972814,-2.192222595214844,0.4319694936275482,-0.9597664415561847
-1.7331983854456396,2.0088860449300183,-0.10515796403875297,-2.0,-0.1906462195773253,-0.0789196612497136,-2.228973707376101,0.47448439206426984,-2.2351267337799072,0.4822310507297516,-0.962368675278545
-1.7298052916299942,2.0107794433870034,-0.1003994674029649,-2.0,-0.1906462195773253,-0.0789196612497136,-2.2564805705632653,0.5067517377547225,-2.256235361099243,0.5068885684013367,-0.9635343940340164
-1.836884059232516,2.1437099379216313,-0.1095396649989856,-2.0,-0.1906462195773253,-0.0789196612497136,-2.2912362289383843,0.5477119910667133,-2.2989745140075684,0.5573185086250305,-0.966131571362915
-1.8324362040314834,2.1442625273154263,-0.10416215309752919,-2.0,-0.1906462195773253,-0.0789196612497136,-2.320332334636647,0.5820478807074989,-2.3200109004974365,0.5820878148078918,-0.9673001924702104
-1.9257411665259458,2.2622895274414923,-0.11301464611171623,-2.0,-0.1906462195773253,-0.0789196612497136,-2.355819527546272,0.6241586216869477,-2.362562417984009,0.6326881051063538,-0.9699262617103817
-1.9031449617558749,2.241921806979797,-0.10701732839493415,-2.0,-0.1906462195773253,-0.0789196612497136,-2.3851375940814745,0.6590087828568194,-2.383504629135132,0.6575368642807007,-0.971083160662606
-1.8212600249254687,2.1496495083571108,-0.10097120864597246,-2.0,-0.1906462195773253,-0.0789196612497136,-2.4101746560051844,0.6887795855682612,-2.40425705909729,0.6821113228797913,-0.9721401435437992
-1.7175072335097699,2.029975276247142,-0.0946410842866802,-1.981506065461204,-0.1906462195773253,-0.0789196612497136,-2.432455916656106,0.7152625417854348,-2.4249579906463623,0.7066140174865723,-0.9730695767706534
-1.6190135970975754,1.9177617969092609,-0.09149423020551509,-1.981506065461204,-0.1906462195773253,-0.0789196612497136,-2.453424805381037,0.7403239264675102,-2.4463069438934326,0.7322145700454712,-0.9742427522153299
-1.6876303686573313,2.0091568010910827,-0.10275489194623832,-1.256702525368124,-0.1906462195773253,-0.0789196612497136,-2.483865147223209,0.7770500651510396,-2.488823890686035,0.7836549282073975,-0.9769276127528497
-1.6807720630855454,2.009532106847915,-0.1001806859025688,-0.6466468299382009,-0.1906462195773253,-0.0789196612497136,-2.5104138435818846,0.809221384718413,-2.509918212890625,0.8092485070228577,-0.9782920328548014
-1.775883359660649,2.1260887442718794,-0.08294392043063553,-0.035187304493782,-0.1325398641947051,-0.0789196612497136,-2.5435938235475852,0.8490792360881348,-2.5504672527313232,0.8575024604797363,-0.9780257911562402
-1.764659382685508,2.102977768622158,-0.052910838384818734,-0.035187304493782,-0.1325398641947051,-0.0789196612497136,-2.571265961527443,0.8815688333432885,-2.570454835891724,0.8798986673355103,-0.9760990190573954
-1.841817410830312,2.146008654993603,0.05194339644089685,0.0,0.0,0.0,-2.6046012821701106,0.9180611677132611,-2.6101772785186768,0.9211708903312684,-0.9655433501741855
-1.8062587075856011,2.055528551200626,0.13871226458573882,0.0,0.0,0.0,-2.631719642489049,0.9464158385851421,-2.629149913787842,0.9398770928382874,-0.955067069433264
-1.5788347137343957,1.770599111155878,0.11844120737631511,0.0,0.0,0.0,-2.6455852140382676,0.9604681519346508,-2.629149913787842,0.9398770928382874,-0.9550888288886392
-1.5351769491360903,1.659317453577889,0.373268340369021,0.0,0.0,0.0,-2.6679604376584716,0.9814411189398936,-2.6648054122924805,0.9733991026878356,-0.9259401226803519
-1.4531178723109492,1.5163737721252228,0.45261294878898267,0.0,0.0,0.0,-2.6870984993163516,0.9985404632329085,-2.6811683177948,0.9882103204727172,-0.909664794849476
-1.4567067226669193,1.4521815936568438,0.6565203566013197,0.0,0.0,0.0,-2.7105856373459303,1.0185588207339238,-2.7108449935913086,1.0139198303222656,-0.8782871896802422
-1.2901455812313598,1.2507446912988396,0.5765583146772371,0.0,0.0,0.0,-2.72288190457502,1.028477115662772,-2.7108449935913086,1.0139198303222656,-0.8783305971208394
-1.2380620441744858,1.149805803224421,0.7911018500609073,0.0,0.0,0.0,-2.7400810902800874,1.0418161527747416,-2.7363171577453613,1.0345215797424316,-0.848156128053502
-1.1479774796754176,1.02504823042138,0.8190888617403786,0.0,0.0,0.0,-2.7539347637294394,1.0519655597228723,-2.747424602508545,1.042949676513672,-0.8317438966867321
-1.1042531903843962,0.936705323325459,0.9882750910743731,0.0,0.0,0.0,-2.7694118737837647,1.062526149811223,-2.766252040863037,1.0561418533325195,-0.7996323447229343
-1.0090867468860802,0.8169270176974603,0.996178581187258,0.0,0.0,0.0,-2.780788652215355,1.0695951189655157,-2.773911237716675,1.060939073562622,-0.7827424092948324
-0.8892985823500097,0.6860876325715463,1.0118017743841228,0.0,0.0,0.0,-2.789015072392952,1.0740164082975074,-2.78035831451416,1.0645610094070437,-0.7651059592284538
-0.7899187262578862,0.5666557009887184,1.194697957750082,0.0,0.0,0.0,-2.7966740364014906,1.0770983925292112,-2.789492130279541,1.068467378616333,-0.7288576693648647
-0.6466807147359078,0.4387607478010158,1.0647103477250306,0.0,0.0,0.0,-2.799843543456191,1.0777099915902715,-2.789492130279541,1.068467378616333,-0.7279310621165337
-0.526206200177344,0.32766257529177867,1.0107586607566035,0.1238117036697947,-0.0479438467994199,-0.0789196612497136,-2.802226093824537,1.0773856746308228,-2.793519735336304,1.069356918334961,-0.715829279067593
-0.4039600562195573,0.23111234957412913,0.8515482367190965,0.2121309224078738,-0.0479438467994199,-0.0789196612497136,-2.802563932909231,1.0762455240097617,-2.793729543685913,1.0692681074142456,-0.7161785963993466
-0.2879628337167256,0.14923164136984546,0.7080560119372794,0.352452887769894,-0.0479438467994199,-0.0789196612497136,-2.8013589380052615,1.0745303436849958,-2.792976140975952,1.068613052368164,-0.7165547016228159
-0.18569703670557458,0.08106832017819188,0.5933830691745371,0.352452887769894,-0.0479438467994199,-0.0789196612497136,-2.7992057459693127,1.0724119023998726,-2.791815280914306,1.0674859285354614,-0.7167774815962347
-0.0997290970334719,0.02451490124200687,0.49139518145099487,0.8428778515297171,-0.0594186312657356,-0.0789196612497136,-2.7964937215384458,1.0699703565368162,-2.790281057357788,1.0658833980560305,-0.7178180936140431
-0.027199173895972303,-0.02516583910634699,0.40423705129785925,0.8428778515297171,-0.0594186312657356,-0.0789196612497136,-2.7932945717926754,1.0670782956833818,-2.788053035736084,1.0634880065917969,-0.7190856773268017
0.027234916060823865,-0.06413185285952694,0.33308486023916994,1.428946364538033,-0.0652170595864807,-0.0789196612497136,-2.79013122439789,1.064099673184839,-2.7861974239349365,1.0612837076187134,-0.7201562397437229
0.08946542527770027,-0.11709502813745043,0.26048385042063205,2.0,-0.0712596322575724,-0.0789196612497136,-2.785581525111905,1.0595722687343474,-2.7810842990875244,1.055744767189026,-0.7225915304481866
0.13973490363217556,-0.15896027005423982,0.20907392471674915,2.0,-0.075654230563821,-0.0789196612497136,-2.780826858684094,1.0549311167504796,-2.777194023132324,1.051905632019043,-0.7239416257190889
0.21593178201742996,-0.22572965344048335,0.1543136032461052,2.0,-0.0772411688410774,-0.0789196612497136,-2.773553869489195,1.0479737554602242,-2.768047332763672,1.0431485176086426,-0.7265075114974815
0.263138383238026,-0.26547728338720167,0.12061354592651533,2.0,-0.0772411688410774,-0.0789196612497136,-2.7669782223366113,1.0417344407720737,-2.763566732406616,1.0388619899749756,-0.7276817666141815
0.2965813602383015,-0.2930304866825722,0.09087070474407635,2.0,-0.0772411688410774,-0.0789196612497136,-2.7605571565892864,1.0356653143622099,-2.7581403255462646,1.0336741209030151,-0.7289738971083974
0.3244552678357015,-0.31639283027778115,0.06484064018294637,2.0,-0.0816968032349128,-0.0789196612497136,-2.7539691637982378,1.0294323864652086,-2.7519547939300537,1.0277440547943115,-0.730341856327974
0.3994517239209613,-0.3871206908604476,0.03109659697785041,2.0,-0.0816968032349128,-0.0789196612497136,-2.743820006411655,1.0196944168112203,-2.738400220870972,1.0145831108093262,-0.7329652277258712
0.4405681325639005,-0.42619220020208703,0.015948981741374123,2.0,-0.0816968032349128,-0.0789196612497136,-2.7347106512390305,1.0109175425718655,-2.731739282608032,1.0080939531326294,-0.7341121800827585
0.4661403228098574,-0.4509372227032738,0.0019316871469166885,2.0,-0.0816968032349128,-0.0789196612497136,-2.725971032248012,1.0024626209853307,-2.724123001098633,1.0006743669509888,-0.7353778213215886
0.48610809216270867,-0.47085853932476746,-0.010717341348174005,2.0,-0.0816968032349128,-0.0789196612497136,-2.7171927558211353,0.9939306650618963,-2.715749740600586,0.9924910068511964,-0.7367194110488404
0.5698146286073054,-0.5546685407463632,-0.033382106058919024,2.0,-0.0816968032349128,-0.0789196612497136,-2.703881346395543,0.9808564086088267,-2.6978321075439453,0.9747996926307678,-0.7393505178614365
0.6113742880886961,-0.5973891441240605,-0.03970467501920462,2.0,-0.0831616693369956,-0.0789196612497136,-2.6920168822778767,0.9691575341035604,-2.6890134811401367,0.9660702347755432,-0.7405714689681493
0.6331416919131051,-0.6205938130357586,-0.045802507769098326,2.0,-0.0831616693369956,-0.0789196612497136,-2.6807958919937445,0.9580652912609935,-2.679222822189331,0.9563883543014526,-0.7418682352583074
0.7213111564304056,-0.7105090476964812,-0.062038688464366165,2.0,-0.0831616693369956,-0.0789196612497136,-2.6648369092838036,0.9421916650686031,-2.6584651470184326,0.9356937408447266,-0.7443624880293574
0.7583669358916394,-0.7497583227197014,-0.06420319839281236,2.0,-0.0831616693369956,-0.0789196612497136,-2.650846243664683,0.9282288253686952,-2.6481683254241943,0.9253923892974854,-0.7455902039953837
0.7714992844653428,-0.7650475661240864,-0.06672363742831175,2.0,-0.0831616693369956,-0.0789196612497136,-2.6378442180982145,0.9152219493971958,-2.636895179748535,0.9141170382499696,-0.7468908032407781
0.8605054330241377,-0.8572627659961228,-0.08018002596437977,2.0,-0.0831616693369956,-0.0789196612497136,-2.6196162023164633,0.8968850168288041,-2.6131839752197266,0.8902208805084229,-0.7494178766728085
0.8923809519274092,-0.8920773687790681,-0.08044192119310907,2.0,-0.0831616693369956,-0.0789196612497136,-2.603740885446731,0.8808672853850921,-2.601437330245972,0.8783513307571411,-0.7507292020363273
0.986363122162542,-0.9903148651176251,-0.09176140605457458,2.0,-0.0831616693369956,-0.0789196612497136,-2.58324980765479,0.8600997534066029,-2.576457977294922,0.8530004024505615,-0.7532437408796091
1.010306223666159,-1.017638700449694,-0.09080301432138486,2.0,-0.0831616693369956,-0.0789196612497136,-2.5658851647891328,0.8424483887689482,-2.564154863357544,0.8404737710952759,-0.7546078406511525
1.0019943850049178,-1.011982261244293,-0.08978773801599733,2.0,-0.0831616693369956,-0.0789196612497136,-2.550269745058873,0.8265401060015393,-2.550870418548584,0.826948881149292,-0.7559506035931975
1.082007884709949,-1.0975000168514182,-0.10015083415438679,2.0,-0.0831616693369956,-0.0789196612497136,-2.5289482945841106,0.8046949736159563,-2.5231659412384038,0.7985148429870605,-0.7585108606056805
1.0977294800397082,-1.117173690495652,-0.09816628428190599,2.0,-0.0831616693369956,-0.0789196612497136,-2.510596843657126,0.7858343841924692,-2.509460687637329,0.7844126224517822,-0.7598977426535195
1.0851775447166798,-1.1074897294995563,-0.09639513424893857,2.0,-0.0831616693369956,-0.0789196612497136,-2.4938629565523835,0.7685997933913159,-2.494770050048828,0.7692996263504028,-0.7612763723798371
1.064665999227587,-1.089675892948563,-0.09486823043161835,2.0,-0.0831616693369956,-0.0789196612497136,-2.4778560951051776,0.7520575965795532,-2.4793384075164795,0.7533449530601501,-0.7626531361818693
1.1621356053932337,-1.1949912292610172,-0.10434004619060028,2.0,-0.0831616693369956,-0.0789196612497136,-2.4543779087986506,0.7276605856726458,-2.447334051132202,0.7200497388839722,-0.7651980726770018
1.192762488089359,-1.230774094376963,-0.10158417364442492,2.0,-0.0831616693369956,-0.0789196612497136,-2.433759054136305,0.7061751888350739,-2.4315457344055176,0.7035892605781555,-0.7665682135856345
1.192087767575792,-1.2335288334079844,-0.09911436049393521,2.0,-0.0831616693369956,-0.0789196612497136,-2.414719458817003,0.6863006927660151,-2.4147682189941406,0.6861016154289246,-0.7679257883130429
1.1804607714693394,-1.224966067671758,-0.09732048931321687,2.0,-0.0831616693369956,-0.0789196612497136,-2.3964146931389068,0.6671302995916595,-2.3972549438476562,0.6677491068840027,-0.7693171193703269
1.1700166433899664,-1.2177238504258907,-0.09555674263879496,2.0,-0.0831616693369956,-0.0789196612497136,-2.3782177622425436,0.6480096117194937,-2.3789725303649902,0.6485329866409302,-0.7706829924998982
1.287441136074867,-1.3458923716588465,-0.10477554621557876,2.0,-0.0831616693369956,-0.0789196612497136,-2.351734786027131,0.6200530528946556,-2.3432488441467285,0.6107906699180603,-0.7732115566318916
1.3360636094638239,-1.4009704970311585,-0.10166454689844616,2.0,-0.0831616693369956,-0.0789196612497136,-2.3279213885929497,0.5948776648143486,-2.3244075775146484,0.5908973217010498,-0.7745500813300579
1.3483817118840313,-1.4179397103392781,-0.0993544258978016,2.0,-0.0831616693369956,-0.0789196612497136,-2.305730044514193,0.5713403344381007,-2.304839849472046,0.570114016532898,-0.7759262549174091
1.3457427602263905,-1.4192560309784379,-0.09735244129413456,2.0,-0.0831616693369956,-0.0789196612497136,-2.2843303931999985,0.5485662796182857,-2.284521102905273,0.5484711527824402,-0.7772988484214423
1.3327890804770446,-1.410072230440187,-0.09379662486002475,2.0,-0.0831616693369956,-0.0789196612497136,-2.2636548521723503,0.5264653067126271,-2.2645909786224365,0.5271289944648743,-0.7784709020834171
1.466438671030673,-1.5573406055672423,-0.1051249809879681,2.0,-0.0831616693369956,-0.0789196612497136,-2.23349490659651,0.4941685187862222,-2.2238364219665527,0.4835258424282074,-0.7811997689758968
1.5226779081990633,-1.622152853149523,-0.1025816259706056,2.0,-0.0831616693369956,-0.0789196612497136,-2.206314018833344,0.46496645465413927,-2.202249765396118,0.4602826535701751,-0.7826054262619319
1.6959490683053078,-1.8147499512990366,-0.1107863723014381,2.0,-0.0831616693369956,-0.0789196612497136,-2.170496545393791,0.4262797810808526,-2.1579747200012207,0.4123613238334656,-0.7851363313232685
1.748564075056294,-1.8772030830653195,-0.1038198029157811,2.0,-0.0831616693369956,-0.0789196612497136,-2.139883082255418,0.39311512407764615,-2.136080741882324,0.3886018097400665,-0.786152311924611
1.7369942710267896,-1.8702747387266214,-0.1006531300453878,2.0,-0.0831616693369956,-0.0789196612497136,-2.112670914798181,0.36353789441814,-2.113507032394409,0.3640385866165161,-0.7874703012469588
1.6930966772469107,-1.828389505617968,-0.09819263637372061,2.0,-0.0831616693369956,-0.0789196612497136,-2.087780992912442,0.3363824517118623,-2.0909533500671387,0.3394093811511993,-0.7888139890279422
1.6370313968030132,-1.773174940372899,-0.09611792512909488,2.0,-0.0831616693369956,-0.0789196612497136,-2.064397815154901,0.31077834953627914,-2.0684494972229004,0.3147685527801513,-0.7901601070170075
1.5808219391919973,-1.7175655937773366,-0.09434304261062239,2.0,-0.0831616693369956,-0.0789196612497136,-2.041921213162818,0.28608377864899603,-2.04598331451416,0.2901025116443634,-0.7915055277547731
1.6886396926251186,-1.842719484375725,-0.10360917902947356,2.0,-0.0831616693369956,-0.0789196612497136,-2.0095004354786754,0.2503290434292721,-2.001708745956421,0.2412845194339752,-0.7940198555628938
1.707148896970262,-1.868939625401651,-0.09762187960029757,2.0,-0.0831616693369956,-0.0789196612497136,-1.9812585920938588,0.21911216801532116,-1.9799209833145144,0.2172173112630844,-0.7950272551447841
1.6809569682765158,-1.8456426134666963,-0.09564147568102717,2.0,-0.0831616693369956,-0.0789196612497136,-1.955675708342641,0.19074925516714794,-1.9575685262680051,0.1924328655004501,-0.7963745765999011
1.7873458264375734,-1.9699036507824021,-0.10176103150434085,2.0,-0.0831616693369956,-0.0789196612497136,-1.921747231742446,0.15300431246509444,-1.914058804512024,0.1440243124961853,-0.7985684279031662
1.79715797198358,-1.986729206969619,-0.09928452035692606,2.0,-0.0831616693369956,-0.0789196612497136,-1.8925010362358243,0.12037354852791642,-1.8917919397354128,0.1191576123237609,-0.7999277200317831
1.7552005970413598,-1.9457528966993611,-0.09703939466070977,2.0,-0.0831616693369956,-0.0789196612497136,-1.86652023095687,0.09129474716927967,-1.8695523738861084,0.0942559912800788,-0.8012728331908242
1.690725216672567,-1.87944151072546,-0.09513308244946625,2.0,-0.0831616693369956,-0.0789196612497136,-1.8426993661963063,0.06454642045345889,-1.8473588228225708,0.0693385601043701,-0.8026187546936865
1.773472724494316,-1.9788453784428852,-0.10102775788501252,2.0,-0.0831616693369956,-0.0789196612497136,-1.8101774823371577,0.0279039556099007,-1.8041975498199463,0.0207203142344951,-0.8047800940730506
1.7714058577285123,-1.982632596414911,-0.09865756704057813,2.0,-0.0831616693369956,-0.0789196612497136,-1.7819385553768559,-0.004007936223677527,-1.7820879220962524,-0.0042816279456019,-0.8061392009004588
1.7251031829381236,-1.9363184987980249,-0.09650564369850413,2.0,-0.0831616693369956,-0.0789196612497136,-1.7566570434360778,-0.03266832084209932,-1.7600032091140747,-0.0293213296681642,-0.8074843866523588
1.8157777566995545,-2.0461505918999814,-0.10556477591106449,2.0,-0.0831616693369956,-0.0789196612497136,-1.7230610688612338,-0.07091020764504861,-1.7165082693099976,-0.0788474678993225,-0.8100107720583671
1.8078462558919104,-2.0433552159366783,-0.09940345230711024,2.0,-0.0831616693369956,-0.0789196612497136,-1.6945329611901754,-0.10346382012610154,-1.6951061487197876,-0.1032618060708046,-0.8110304935010583
1.9079212965926997,-2.1649309224470903,-0.10802537517482406,2.0,-0.0831616693369956,-0.0789196612497136,-1.6589916504543025,-0.14419464235446602,-1.6517595052719116,-0.1529805809259414,-0.813555156718277
1.8937676388941247,-2.155289797014764,-0.10155678874026634,2.0,-0.0831616693369956,-0.0789196612497136,-1.6294005811051817,-0.1781961806445085,-1.6304234266281128,-0.1774994432926178,-0.8145808908009311
1.82542506623424,-2.083300254478459,-0.09899945589080202,2.0,-0.0831616693369956,-0.0789196612497136,-1.603618296403623,-0.20792172563241512,-1.6085572242736816,-0.2027192413806915,-0.81592870115076
1.7364818882152446,-1.9873219845946677,-0.09679488728903621,2.0,-0.0831616693369956,-0.0789196612497136,-1.580291359711537,-0.23490958879090654,-1.586719036102295,-0.2279735058546066,-0.8172736626961865
1.8000506287114661,-2.068377181015639,-0.1057596309843383,2.0,-0.0831616693369956,-0.0789196612497136,-1.5483052409459366,-0.27206514544814214,-1.5437113046646118,-0.2779227793216705,-0.8197944236278912
1.7780464108527652,-2.0494878901734763,-0.0995759230058733,2.0,-0.0831616693369956,-0.0789196612497136,-1.5209590878867563,-0.3039104452460185,-1.5225492715835571,-0.3025453686714172,-0.8208147981941198
1.8706871900685826,-2.1649985594019356,-0.10824799164152535,2.0,-0.0831616693369956,-0.0789196612497136,-1.4863860395615547,-0.34433844218052034,-1.4796911478042605,-0.3526860773563385,-0.8233476138702015
1.8552151636440954,-2.1536827285020532,-0.1016939940265049,2.0,-0.0831616693369956,-0.0789196612497136,-1.4574778707663267,-0.3782303510679404,-1.4585959911346436,-0.3774125874042511,-0.8243675805410798
1.7888507518642616,-2.082541932429827,-0.09911511486286631,2.0,-0.0831616693369956,-0.0789196612497136,-1.4321816532145886,-0.4079862919744379,-1.4369776248931885,-0.4028451442718506,-0.8257152664036781
1.703376049864279,-1.9886305409686758,-0.0968939543236415,2.0,-0.0831616693369956,-0.0789196612497136,-1.4092106111983356,-0.43509865938236975,-1.4153876304626465,-0.4283119440078735,-0.8270602835387515
1.7690374026419597,-2.073638677660317,-0.10584036948165773,2.0,-0.0831616693369956,-0.0789196612497136,-1.3776158472276605,-0.4725364743061133,-1.372870683670044,-0.4786797761917114,-0.8295806280031605
1.7499640776884804,-2.0576930382237792,-0.09953034209704772,2.0,-0.0831616693369956,-0.0789196612497136,-1.3505721500289094,-0.5046605572471878,-1.3519505262374878,-0.5035082101821899,-0.8305885317438331
1.8438246586180869,-2.176802142452209,-0.10814084305391959,2.0,-0.0831616693369956,-0.0789196612497136,-1.316367780262569,-0.545457722245687,-1.3095847368240356,-0.5540654063224792,-0.8331138878410104
1.8303425916701588,-2.1674829909745226,-0.10158330090395602,2.0,-0.0831616693369956,-0.0789196612497136,-1.2877578595335897,-0.5796704851416984,-1.2887321710586548,-0.578997015953064,-0.8341317213567659
1.7660902975056425,-2.097306153154806,-0.09902047267832448,2.0,-0.0831616693369956,-0.0789196612497136,-1.2627199750542133,-0.6097109556948002,-1.2673633098602295,-0.60463947057724,-0.8354793863222035
1.6825481533328144,-2.0037051160233115,-0.09681327315835249,2.0,-0.0831616693369956,-0.0789196612497136,-1.2399853425846281,-0.6370800675689066,-1.2460227012634275,-0.6303157806396484,-0.8368244056000166
1.7441794711561416,-2.085062134315678,-0.10269071905059778,2.0,-0.0831616693369956,-0.0789196612497136,-1.208990242905918,-0.6745177071989847,-1.2045363187789917,-0.6803971529006958,-0.839010696760644
1.7281982851504383,-2.0725093824140473,-0.10007727703959146,2.0,-0.0831616693369956,-0.0789196612497136,-1.1821398571850037,-0.7070488627896838,-1.1832947731018066,-0.7061417102813721,-0.8403699566224022
1.6733375999603561,-2.0126246775320977,-0.0977153177442691,2.0,-0.0831616693369956,-0.0789196612497136,-1.1581154201993913,-0.736250148943181,-1.1620800495147705,-0.731922447681427,-0.8417151077802543
1.7492408609498504,-2.112022552088118,-0.10344120340259376,2.0,-0.0831616693369956,-0.0789196612497136,-1.126324198350943,-0.7750231482591412,-1.1208388805389404,-0.7822063565254211,-0.8438993690572665
1.739217436969641,-2.106522569026723,-0.10071684361210798,2.0,-0.0831616693369956,-0.0789196612497136,-1.0989989740748918,-0.8084519156709338,-1.0997233390808103,-0.8080544471740723,-0.845258593349455
1.8336023508798331,-2.2297729463233247,-0.10907016720531601,2.0,-0.0831616693369956,-0.0789196612497136,-1.0649318879037593,-0.8503041248499197,-1.0581109523773191,-0.8592110872268677,-0.8477756612753106
1.8188184627431716,-2.21852181831886,-0.10231492840179973,2.0,-0.0831616693369956,-0.0789196612497136,-1.0365715850218824,-0.8852367013134613,-1.0376399755477903,-0.8844236135482788,-0.8487868439166061
1.7524749392732282,-2.143662320402916,-0.09964345299751716,2.0,-0.0831616693369956,-0.0789196612497136,-1.0118563337981124,-0.9157842313494903,-1.0166507959365845,-0.9103743433952332,-0.8501344776697404
1.6666784197679587,-2.0444981544593253,-0.09734461936060224,2.0,-0.0831616693369956,-0.0789196612497136,-0.9894885795266338,-0.943527274032446,-0.9956888556480408,-0.9363609552383424,-0.8514795423743999
1.5803052099099106,-1.9442029172489932,-0.0953930608875439,2.0,-0.0831616693369956,-0.0789196612497136,-0.9685316934698479,-0.9696089170896647,-0.974773645401001,-0.9623608589172364,-0.8528254567702216
1.4996003737454267,-1.8505146542961368,-0.09220437944096241,2.0,-0.0831616693369956,-0.0789196612497136,-0.9485820533646864,-0.9945226108560933,-0.9544143676757812,-0.9877520203590392,-0.8540059831349727
1.5813254613511671,-1.9591555661522106,-0.1000974459246453,2.0,-0.0831616693369956,-0.0789196612497136,-0.9191857572486547,-1.0313128894199548,-0.9132797122001648,-1.0391640663146973,-0.8563369156919921
1.59147994666271,-1.9780980928415146,-0.09782596758577757,1.4151522087434194,-0.0542915999084456,-0.0789196612497136,-0.8932132561524969,-1.0639116328973872,-0.892479419708252,-1.065280556678772,-0.8576917083778824
1.7087303947705617,-2.1325029769864816,-0.10663700047193272,1.4151522087434194,-0.0542915999084456,-0.0789196612497136,-0.8599983728407521,-1.1057686156628566,-0.8515250086784363,-1.1169270277023315,-0.8602122310271944
1.712611692976597,-2.143535111048035,-0.10263156480153317,0.737224383916991,-0.0366521705958646,-0.0789196612497136,-0.8324021012805602,-1.1406179766991371,-0.8321216106414795,-1.141415238380432,-0.8614831625637612
1.6520389339104256,-2.072263415241761,-0.0995279139759228,0.737224383916991,-0.0366521705958646,-0.0789196612497136,-0.8090046641118019,-1.1702029021938667,-0.813382089138031,-1.16505229473114,-0.8627888821902007
1.6815670906613889,-2.1167001294778287,-0.1064491677510111,0.0,0.0,0.0,-0.7806199908761183,-1.206296743516611,-0.7784860730171204,-1.2095080614089966,-0.8651315818088329
1.6192678235921563,-2.047136171388111,-0.10282870286273714,0.0,0.0,0.0,-0.7578334035054196,-1.2355652045992858,-0.7623355984687805,-1.230538010597229,-0.8664414869035624
1.5103931895906257,-1.9190286944379404,-0.09895974415532471,0.0,0.0,0.0,-0.739122613349667,-1.2598504416449272,-0.7469906806945801,-1.2505924701690674,-0.86766738418919
1.382992093940482,-1.7671017797619386,-0.09426800753877304,0.0,0.0,0.0,-0.7233785664882701,-1.280511301325504,-0.7325854897499084,-1.2695319652557373,-0.8687422050188165
1.3438990093915177,-1.7325113666706953,-0.09398467786714546,0.0,0.0,0.0,-0.7038350624667398,-1.3064982233681284,-0.7066602110862732,-1.3039984703063965,-0.870219787402164
1.2513556535650312,-1.6263176187618236,-0.08396389084958546,0.0,0.0,0.0,-0.6884505435930209,-1.3271981384948461,-0.6951383948326111,-1.319523811340332,-0.8706366311698494
1.1346640284658944,-1.4867751632737722,-0.07323929539487631,0.0,0.0,0.0,-0.6761431145746536,-1.3439943340116747,-0.6845760941505432,-1.3339099884033203,-0.8708184375130292
1.0743806761309713,-1.4252179058782004,-0.06245712882653441,0.0,0.0,0.0,-0.6619737079093891,-1.3637133033927182,-0.6663302183151245,-1.3592647314071655,-0.8708222254578073
0.9741972993688763,-1.3075416288645387,-0.05321457071974853,0.0,0.0,0.0,-0.651406549623901,-1.378737434982406,-0.6586465239524841,-1.3702332973480225,-0.8708200598732624
0.8578248748157407,-1.1659285197254603,-0.04534621228352237,0.0,0.0,0.0,-0.6435125525315565,-1.3902963276854898,-0.6519224643707275,-1.3800623416900637,-0.8708186475471904
0.7742439490294625,-1.0745205784222112,-0.03864395102828426,0.0,0.0,0.0,-0.6353127306037292,-1.402908378819619,-0.6413528919219971,-1.396302580833435,-0.8708175726574565
0.6688534382061153,-0.948845064501124,-0.03293353337218058,0.0,0.0,0.0,-0.6298919936829542,-1.4117925388291246,-0.6375082731246948,-1.4027103185653689,-0.8708166964606139
0.5572677956761798,-0.8114473491952127,-0.028067934235635,0.0,0.0,0.0,-0.626567053312034,-1.417890958172862,-0.6346310377120972,-1.40796160697937,-0.8708160021273968
0.4482460838291748,-0.6753159931880282,-0.023922064632608764,0.0,0.0,0.0,-0.6248579866396232,-1.4218747306768798,-0.6327366828918457,-1.4120368957519531,-0.8708154744327209
0.34574152431890964,-0.558907588986283,-0.025106445259627207,0.0,0.0,0.0,-0.6244624308085671,-1.4249842483241788,-0.6318701505661011,-1.4165717363357544,-0.8713266741078464
0.2509798573226616,-0.4372574745811266,-0.028957576417343454,0.0,0.0,0.0,-0.6251950800291816,-1.4258847120101517,-0.6320432424545288,-1.4170933961868286,-0.8721461325772436
0.17227822053069694,-0.32260092555713016,-0.024758101831335033,0.0,0.0,0.0,-0.6263822178641113,-1.4253011051742759,-0.6320697665214539,-1.4170151948928833,-0.8721538639513473
0.11124630051931403,-0.22537546134653408,-0.021100598861913383,0.0,0.0,0.0,-0.6276604705114512,-1.424035329424701,-0.6320710778236389,-1.4170091152191162,-0.8721533355810552
0.06650720600557704,-0.14852901166476878,-0.01798317826769638,0.0,0.0,0.0,-0.6288381461671795,-1.4225611641462508,-0.632071316242218,-1.4170076847076416,-0.8721528462838957
0.03545148767064626,-0.09121892755089286,-0.015326400610590481,0.0,0.0,0.0,-0.6298270653557666,-1.42114896765093,-0.6320713758468628,-1.417007327079773,-0.8721524282139507
0.015133310375052424,-0.05074015862111228,-0.013062168205158726,0.0,0.0,0.0,-0.630603037617727,-1.419932496050779,-0.6320713758468628,-1.4170072078704834,-0.8721520711845934
0.0027722102177097866,-0.023732953097563975,-0.01113246402866589,0.0,0.0,0.0,-0.631178073477701,-1.4189589435874934,-0.6320713758468628,-1.4170072078704834,-0.8721517664592936
-0.004003981734243338,-0.006884117919947461,-0.00948785320579523,0.0,0.0,0.0,-0.6315816792787965,-1.4182248263826058,-0.6320713758468628,-1.4170072078704834,-0.8721515064848834
-0.00707991217470383,0.002711266536745383,-0.008086210367761063,0.0,0.0,0.0,-0.6318490868988836,-1.4177006396491338,-0.6320713758468628,-1.4170072078704834,-0.87215128475554
-0.007867699714023197,0.007409008244180618,-0.006891637063626232,0.0,0.0,0.0,-0.6320144446298747,-1.4173467006133256,-0.6320713758468628,-1.4170072078704834,-0.8721510956849954
-0.007369402920764754,0.00900574247575478,-0.005873540261272525,0.0,0.0,0.0,-0.6321073863718402,-1.4171225994176622,-0.6320713758468628,-1.4170072078704834,-0.8721509344870744
-0.006257058817556267,0.008798333146228684,-0.005005847655413284,0.0,0.0,0.0,-0.6321517618651031,-1.4169922189744228,-0.6320713758468628,-1.4170072078704834,-0.8721507970674288
-0.004952642981259206,0.007672682806873644,-0.004266339289611728,0.0,0.0,0.0,-0.6321656423556771,-1.4169258602475214,-0.6320713758468628,-1.4170072078704834,-0.8721506799273542
-0.0036987431096955833,0.006197632579434841,-0.003636078144456702,0.0,0.0,0.0,-0.6321619917072394,-1.4169006100882446,-0.6320713758468628,-1.4170072078704834,-0.8721505800794387
-0.0026162108368415022,0.004710662916993304,-0.003098924975853465,0.0,0.0,0.0,-0.6321496074469409,-1.4168997487037893,-0.6320713758468628,-1.4170072078704834,-0.8721504949742335
-0.0017483467329342342,0.0033894029350970073,-0.0026411249016325042,0.0,0.0,0.0,-0.6321340939747205,-1.41691172408206,-0.6320713758468628,-1.4170072078704834,-0.8721504224368885
-0.001092943187684525,0.0023074597466727015,-0.002250955104851333,0.0,0.0,0.0,-0.6321187400403631,-1.4169290188419006,-0.6320713758468628,-1.4170072078704834,-0.872150360612618
-0.0006242809703052827,0.0014756034288541768,-0.0019184246065064464,0.0,0.0,0.0,-0.6321052447633664,-1.4169470919252964,-0.6320713758468628,-1.4170072078704834,-0.8721503079199029
-0.00030733563719030475,0.0008705417763245747,-0.0016350184047859992,0.0,0.0,0.0,-0.632094280605611,-1.41696348174572,-0.6320713758468628,-1.4170072078704834,-0.8721502630104174
-0.00010627284032127941,0.00045388660251559376,-0.0013934794204310977,0.0,0.0,0.0,-0.6320859060966388,-1.4169770973585427,-0.6320713758468628,-1.4170072078704834,-0.8721502247347556
1.1021307007515413e-05,0.00018380449925620656,-0.0011876226596474302,0.0,0.0,0.0,-0.6320798523690464,-1.4169876897871705,-0.6320713758468628,-1.4170072078704834,-0.8721501921131504
7.100441126148171e-05,2.1499868406492893e-05,-0.0010121768331142278,0.0,0.0,0.0,-0.6320757106591738,-1.416995478565695,-0.6320713758468628,-1.4170072078704834,-0.8721501643104785
9.412082913781175e-05,-6.575053611245346e-05,-0.0008626493738731543,0.0,0.0,0.0,-0.6320730464061651,-1.417000902526131,-0.6320713758468628,-1.4170072078704834,-0.8721501406149315
9.531053576776027e-05,-0.00010371493437579623,-0.0007352113967429994,0.0,0.0,0.0,-0.6320714618236559,-1.4170044642888862,-0.6320713758468628,-1.4170072078704834,-0.8721501204198207
8.491134193240096e-05,-0.00011154973211172778,-0.000626599652979271,0.0,0.0,0.0,-0.6320706243260134,-1.4170066416714162,-0.6320713758468628,-1.4170072078704834,-0.8721501032080609
6.966221865113234e-05,-0.00010274327267288525,-0.0005340329693283892,0.0,0.0,0.0,-0.6320702738350854,-1.4170078442888427,-0.6320713758468628,-1.4170072078704834,-0.8721500885389447
5.364341364344909e-05,-8.626410055647963e-05,-0.0004551410314970117,0.0,0.0,0.0,-0.6320702182123252,-1.417008398774473,-0.6320713758468628,-1.4170072078704834,-0.8721500760368603
3.907485366058012e-05,-6.768326120900406e-05,-0.00038790368849400583,0.0,0.0,0.0,-0.6320703230175044,-1.4170085506561254,-0.6320713758468628,-1.4170072078704834,-0.8721500653816829
2.69482185663877e-05,-5.0153272380495816e-05,-0.0003305992234121307,0.0,0.0,0.0,-0.6320704994886324,-1.4170084747140776,-0.6320713758468628,-1.4170072078704834,-0.8721500563005747
1.7499064458349143e-05,-3.519904538437838e-05,-0.0002817602661785762,0.0,0.0,0.0,-0.6320706929827452,-1.4170082885709254,-0.6320713758468628,-1.4170072078704834,-0.8721500485610024
1.0540821138830806e-05,-2.3319143945981807e-05,-0.00024013621925119362,0.0,0.0,0.0,-0.6320708729939482,-1.4170080663979578,-0.6320713758468628,-1.4170072078704834,-0.8721500419647847
0.0,-1.4418468783628172e-05,-0.0002046612340992936,0.0,0.0,0.0,-0.6320710251493769,-1.4170078510975512,-0.6320713758468628,-1.4170072078704834,-0.8721500363430159
0.0,0.0,-0.00017442691849694437,0.0,0.0,0.0,-0.6320711451636241,-1.4170076642810345,-0.6320713758468628,-1.4170072078704834,-0.8721500315517428
0.0,0.0,-0.00014865907571087744,0.0,0.0,0.0,-0.6320712345150201,-1.4170075139415128,-0.6320713758468628,-1.4170072078704834,-0.8721500274682767
0.0,0.0,-0.00012669788002012315,0.0,0.0,0.0,-0.6320712975211012,-1.4170074000356803,-0.6320713758468628,-1.4170072078704834,-0.8721500239880559
0.0,0.0,-0.0001079809808045958,0.0,0.0,0.0,-0.6320713394829671,-1.4170073183281822,-0.6320713758468628,-1.4170072078704834,-0.8721500210219624
0.0,0.0,-9.202910273049834e-05,0.0,0.0,0.0,-0.6320713656024355,-1.417007262884068,-0.6320713758468628,-1.4170072078704834,-0.8721500184940462
0.0,0.0,-7.84337731131069e-05,0.0,0.0,0.0,-0.6320713804280002,-1.417007227567008,-0.6320713758468628,-1.4170072078704834,-0.8721500163395749
0.0,0.0,-6.684686237714164e-05,0.0,0.0,0.0,-0.6320713876410217,-1.417007206845031,-0.6320713758468628,-1.4170072078704834,-0.8721500145033809
0.0,0.0,-5.69716696290996e-05,0.0,0.0,0.0,-0.6320713900443296,-1.4170071961414425,-0.6320713758468628,-1.4170072078704834,-0.8721500129384452
0.0,0.0,-4.855532518940073e-05,0.0,0.0,0.0,-0.632071389657851,-1.4170071919076388,-0.6320713758468628,-1.4170072078704834,-0.8721500116046957
0.0,0.0,-4.138231544413213e-05,0.0,0.0,0.0,-0.6320713878590798,-1.417007191542258,-0.6320713758468628,-1.4170072078704834,-0.8721500104679786
0.0,0.0,-3.526896432047709e-05,0.0,0.0,0.0,-0.632071385530719,-1.4170071932394286,-0.6320713758468628,-1.4170072078704834,-0.8721500094991873
0.0,0.0,-3.0058729936727265e-05,0.0446478980697335,-0.0036926832990005,-0.2349279011215381,-0.632071383195,-1.4170071958175376,-0.6320713758468628,-1.4170072078704834,-0.8721500086735138
0.0,0.0,-2.561819613484715e-05,0.0446478980697335,-0.0036926832990005,-0.411322194247349,-0.6320713811255116,-1.4170071985576211,-0.6320713758468628,-1.4170072078704834,-0.8721500079698161
0.003152581738656416,-0.004451193169595796,-0.035694342426265464,0.0446478980697335,-0.0036926832990005,-0.6603494316014347,-0.6318629649602937,-1.4173014701151918,-0.6316351294517517,-1.4176231622695925,-0.8760192140401527
0.006634381239427678,-0.009348019757190677,-0.08319037657271465,0.0446478980697335,-0.0036926832990005,-1.6680552376592663,-0.6315823485083449,-1.4176964090999804,-0.6313307285308838,-1.4180502891540527,-0.8817867927168576
0.011801862412249203,-0.016965241893346826,-0.18900643159864344,0.0446478980697335,-0.0036926832990005,-1.6680552376592663,-0.6311345860544767,-1.4183495374868789,-0.6307611465454102,-1.4189000129699707,-0.8949015473494425
0.013602483650114645,-0.019546003378450846,-0.3273025205554155,0.0446478980697335,-0.0036926832990005,-1.8964522774090184,-0.6308267206098425,-1.4187915905914688,-0.6306965947151184,-1.4189780950546265,-0.9146060522667647
0.017478235242781658,-0.025904758756060235,-0.5778592683130709,0.0446478980697335,-0.0036926832990005,-2.871808957045853,-0.6303528623036404,-1.4195246918719553,-0.6300727725028992,-1.419984221458435,-0.9554206278497895
0.01832566338424683,-0.027661286405439356,-0.6192814874737758,0.0446478980697335,-0.0036926832990005,-3.0423437857633324,-0.6300171886767627,-1.4200552887148026,-0.6299559473991394,-1.420182228088379,-0.9732538887258042
0.018952485413059002,-0.02948007749679741,-0.7818555337840316,0.0446478980697335,-0.0036926832990005,-3.3356832227054243,-0.6296825400502324,-1.420618106117791,-0.6296372413635254,-1.420749545097351,-1.0028754883225046
0.01883724649571199,-0.030431889687973147,-0.7638377330709377,0.0446478980697335,-0.0036926832990005,-3.3356832227054243,-0.629386918509315,-1.4211527098517662,-0.6293952465057373,-1.4212214946746826,-1.0126782830468102
0.018784133141500525,-0.03196836988011779,-1.18026067746173,0.0446478980697335,-0.0036926832990005,-4.0,-0.6290890337882321,-1.4217411938705606,-0.6290928721427917,-1.4218522310256958,-1.0652791231102785
0.018647274625578362,-0.03348005233307454,-1.270712130829006,0.0446478980697335,-0.0036926832990005,-4.0,-0.6287975351142104,-1.422352622241046,-0.6288074254989624,-1.4224618673324585,-1.1218234014038517
0.019822986588549113,-0.04014438339953342,-1.5000033005610756,0.0446478980697335,-0.0036926832990005,-4.0,-0.6284214546380211,-1.4233288693325246,-0.628336489200592,-1.4238104820251465,-1.230710613521583
0.01941131858177492,-0.04310272437818288,-1.5038363389643006,0.0446478980697335,-0.0036926832990005,-4.0,-0.628131501441719,-1.42416674976354,-0.6281612515449524,-1.4243805408477783,-1.253176324584671
0.018013198200088686,-0.04423064182481529,-1.8078670676247932,0.0446478980697335,-0.0036926832990005,-4.0,-0.6279133474242281,-1.4249309578311802,-0.6280143857002258,-1.425012469291687,-1.3036180036597846
0.01603369449445683,-0.044344558204496905,-2.0560535210499986,0.0446478980697335,-0.0036926832990005,-4.0,-0.6277559974788525,-1.4256461788956187,-0.6278990507125854,-1.425654411315918,-1.370539657874889
0.013622356927278268,-0.04409578736068782,-2.2138318904475556,0.0446478980697335,-0.0036926832990005,-4.0,-0.6276588673081939,-1.4263392460594602,-0.6278331279754639,-1.426321268081665,-1.4386294359798584
0.01099466184780194,-0.0471426736013071,-2.5252808883849727,0.0446478980697335,-0.0036926832990005,-4.0,-0.6276146215223304,-1.4272462025127484,-0.6278045177459717,-1.4274663925170898,-1.5393034781282249
0.00810466189133868,-0.048006496434426164,-2.5337923944483696,0.0446478980697335,-0.0036926832990005,-4.0,-0.6276297593343666,-1.4280575909752522,-0.6278386116027832,-1.4281200170516968,-1.596072574096223
0.004119166119783308,-0.052514983481943514,-3.173299640954904,0.0446478980697335,-0.0036926832990005,-4.0,-0.6277635582908863,-1.4291237424237362,-0.6280515789985657,-1.4294495582580566,-1.707695545382545
0.0005969906065897775,-0.05280160161817269,-3.1729760061396455,0.0446478980697335,-0.0036926832990005,-4.0,-0.6279304959585037,-1.4299829299394105,-0.6281850337982178,-1.430003643035889,-1.7591747335799368
-0.0026429487484037045,-0.051554886870251955,-3.287431084925798,0.0446478980697335,-0.0036926832990005,-4.0,-0.6281351303386038,-1.4307453376240244,-0.6283692717552185,-1.4306552410125732,-1.820083218762304
-0.005825206967147063,-0.049722178102822236,-3.421280313857281,0.0446478980697335,-0.0036926832990005,-4.0,-0.6283877905581506,-1.4314490589223474,-0.6286177635192871,-1.431316614151001,-1.8870133346546536
-0.010788529252626824,-0.0516694739913453,-3.9009331188810106,0.0446478980697335,-0.0036926832990005,-4.0,-0.6288091096678414,-1.4323733458002745,-0.6291677951812744,-1.4325140714645386,-2.000623899063502
-0.014078879182277211,-0.05020539607745183,-3.8924912992598397,0.0446478980697335,-0.0036926832990005,-4.0,-0.6291992449129206,-1.433103269977287,-0.6294370293617249,-1.432997465133667,-2.051817945729897
-0.016742222067313885,-0.04772084371116598,-3.8742287443133727,0.0446478980697335,-0.0036926832990005,-4.0,-0.629600575513449,-1.4337423072821271,-0.6297930479049683,-1.4335627555847168,-2.1125860188379537
-0.02059608465807286,-0.04748033912672005,-4.097186132229558,0.0446478980697335,-0.0036926832990005,-4.0,-0.6301232225940335,-1.434489941480763,-0.6304017305374146,-1.4344725608825684,-2.196095988221279
-0.023027159642016227,-0.04517110674385311,-4.024512756716834,0.0446478980697335,-0.0036926832990005,-4.0,-0.6306134736929057,-1.435096967945113,-0.6307891607284546,-1.4349300861358645,-2.250191453843769
-0.028483091601997388,-0.04518086797112946,-4.549953623625487,0.0446478980697335,-0.0036926832990005,-4.0,-0.6313425895342467,-1.4358203509491883,-0.6317368745803833,-1.4358210563659668,-2.3597134013249104
-0.031245955381969157,-0.042488569782767084,-4.511591388246937,0.0446478980697335,-0.0036926832990005,-4.0,-0.6319809666706094,-1.4363652621230718,-0.6321806311607361,-1.4361706972122192,-2.413281549795996
-0.03297595793638472,-0.039090113075753094,-4.371007562295147,0.0518501564049742,-0.0036926832990005,-4.0,-0.6325952691358822,-1.4368204137290794,-0.6327202916145325,-1.4365748167037964,-2.473640375710453
-0.03851346443200629,-0.03780235133419075,-4.823060257850301,0.0518501564049742,-0.0036926832990005,-4.0,-0.6334889584873651,-1.4373607240583186,-0.6338891386985779,-1.4372676610946655,-2.5850293574582337
-0.04071437530847711,-0.034623948771098735,-4.765928808372605,0.0591134508278017,-0.0036926832990005,-4.0,-0.634250671951147,-1.4377554435301565,-0.6344097256660461,-1.437525749206543,-2.638307717205281
-0.046312480819980975,-0.03304917217750998,-5.017775718302656,0.061860074769207,-0.0036926832990005,-4.0,-0.6352721820662904,-1.438205321224431,-0.6356767416000366,-1.438091516494751,-2.7351995429163436
-0.04770442460775075,-0.029990488082453595,-4.837732165826704,0.061860074769207,-0.0036926832990005,-4.0,-0.636105200516349,-1.4385319041900315,-0.636205792427063,-1.4383108615875244,-2.782052355902842
-0.04291542841282351,-0.02492534778395522,-3.8187625975478796,0.061860074769207,-0.0036926832990005,-4.0,-0.6365518798782106,-1.4386769052059072,-0.636205792427063,-1.4383108615875244,-2.7764525382117515
-0.047795607861250325,-0.02282845802764905,-4.842774433370827,0.061860074769207,-0.0036926832990005,-4.0,-0.6375611461161762,-1.4389370893760318,-0.6379138231277466,-1.4387855529785156,-2.8917252854608466
-0.051678742990433506,-0.020333435380382972,-4.836393677181181,0.0649729152361335,-0.0036926832990005,-4.0,-0.6385825825213153,-1.4391374035017095,-0.638863205909729,-1.4389570951461792,-2.966972309689128
-0.060769069825606474,-0.018428982666414174,-5.141707111988892,0.0649729152361335,-0.0036926832990005,-4.0,-0.6400103866303943,-1.4393368387203145,-0.6406673192977905,-1.4391992092132568,-3.0811211434781005
-0.06428435875281051,-0.015830707602635125,-5.010934113427144,0.0649729152361335,-0.0036926832990005,-4.0,-0.6412150808140334,-1.4394599354192976,-0.6414691209793091,-1.439272165298462,-3.1343513105834964
-0.07211915226869602,-0.0123813853895486,-5.218089393964379,0.0649729152361335,-0.0036926832990005,-4.0,-0.6427615738550498,-1.4394851986085406,-0.6433277726173401,-1.4392359256744385,3.050335479138361
-0.0737550839047015,-0.008930372238443817,-4.988045461547216,0.0649729152361335,-0.0036926832990005,-4.0,-0.6440236286209761,-1.4394551608576773,-0.6441418528556824,-1.439205765724182,3.0028992035729516
-0.07906747429799164,-0.00364021238727647,-5.039568235146978,0.0649729152361335,-0.0036926832990005,-4.0,-0.6455549019904997,-1.439248324405311,-0.6459388136863708,-1.4388660192489624,2.9187450078757817
-0.07845084211538353,0.0007366766323240199,-4.7221647562196685,0.0649729152361335,-0.0036926832990005,-4.0,-0.646779217198241,-1.4390172199933575,-0.6467346549034119,-1.4387009143829346,2.8786214423931087
-0.0754293216458429,0.005010961543951478,-4.358184645326601,0.0649729152361335,-0.0036926832990005,-4.0,-0.6478346836994614,-1.4387228683195603,-0.6476163268089294,-1.4384139776229858,2.833633135360095
-0.07826219944391548,0.012136023412178152,-4.791198004901651,0.0649729152361335,-0.0036926832990005,-4.0,-0.6492288290101261,-1.438171668643512,-0.6494335532188416,-1.4376567602157593,2.725816320459526
-0.07653764370634593,0.01731401969244554,-4.68620688587845,0.0649729152361335,-0.0036926832990005,-4.0,-0.6503670171007717,-1.4376351847811215,-0.6502423882484436,-1.437260985374451,2.672302051786903
-0.07311823277922805,0.02163799121428113,-4.534757273880056,0.0649729152361335,-0.0036926832990005,-4.0,-0.6513655686459113,-1.4370723109310437,-0.6511184573173523,-1.4367598295211792,2.6119328559913892
-0.06910567405748723,0.02566123148467019,-4.480419478195893,0.0649729152361335,-0.0036926832990005,-4.0,-0.6522701977434232,-1.4364601343077898,-0.6519802212715149,-1.4361693859100342,2.5450023472769123
-0.06481612625198087,0.02898382006743641,-4.251590841913209,0.0649729152361335,-0.0036926832990005,-4.0,-0.6530923146797721,-1.4358299045909442,-0.6527823209762573,-1.4355897903442385,2.499150362758741
-0.06565186964092025,0.03630743760377077,-4.726103297890543,0.0649729152361335,-0.0036926832990005,-4.0,-0.6541846221060268,-1.434882013040868,-0.6542450189590454,-1.4343527555465698,2.3877374209101165
-0.06364416219748201,0.04147521348177752,-4.697832464135748,0.0649729152361335,-0.0036926832990005,-4.0,-0.6551023262989807,-1.4339594622027707,-0.6549572348594666,-1.4335860013961792,2.319641727358827
-0.06457690860222318,0.050423627753686785,-5.036301720506059,0.0649729152361335,-0.0036926832990005,-4.0,-0.6561822949852805,-1.4327042961355316,-0.6562497019767761,-1.4320576190948486,2.2065966755027415
-0.061521268109952336,0.054339089642528204,-4.9195259509339415,0.0649729152361335,-0.0036926832990005,-4.0,-0.657013522940469,-1.431638674351504,-0.6567927002906799,-1.4313557147979736,2.153450858997484
-0.05664854682959835,0.056163185796631,-4.711423939996057,0.0649729152361335,-0.0036926832990005,-4.0,-0.657675736892177,-1.4306486613891118,-0.6573235988616943,-1.4305168390274048,2.0935342006431803
-0.050962966381325706,0.057321644062885445,-4.6255552156521285,0.0649729152361335,-0.0036926832990005,-4.0,-0.6582062507295121,-1.4296734669432667,-0.6577953696250916,-1.4295897483825684,2.0264898315680586
-0.04801851100205717,0.06450537206740492,-4.985796065972808,0.0649729152361335,-0.0036926832990005,-4.0,-0.6588270058455611,-1.4282814180402026,-0.6586142182350159,-1.4277622699737549,1.9131651173837747
-0.04330707159144823,0.06676865492003622,-4.87797942878814,0.0649729152361335,-0.0036926832990005,-4.0,-0.6592838377212638,-1.4270997107615144,-0.6589433550834656,-1.426936149597168,1.8598913002082949
-0.03779761035876689,0.06711714008448003,-4.680286590027765,0.0649729152361335,-0.0036926832990005,-4.0,-0.6596125308612293,-1.4260083745912395,-0.6592143774032593,-1.425983190536499,1.7997518072066645
-0.03192217807119649,0.06690516910893825,-4.60104050148318,0.0649729152361335,-0.0036926832990005,-4.0,-0.6598288789709508,-1.4249485133480044,-0.6594042778015137,-1.4249638319015503,1.7325989637412786
-0.027120361489970855,0.07256830916174987,-4.818186841582204,0.0649729152361335,-0.0036926832990005,-4.0,-0.6600221948568681,-1.423503651222195,-0.6596751809120178,-1.423094391822815,1.6352114173713257
-0.02172828280264703,0.07437499926660707,-4.731234820956366,0.0649729152361335,-0.0036926832990005,-4.0,-0.660099660572073,-1.4222231214283123,-0.6597099900245667,-1.4220925569534302,1.5734254502253866
-0.016013905183779195,0.07422579806386302,-4.641780145464708,0.0649729152361335,-0.0036926832990005,-4.0,-0.6600695464587887,-1.4210429848478443,-0.6596565842628479,-1.421053767204285,1.5066442399503004
-0.010531774095025148,0.07293539705304376,-4.579735021401883,0.0649729152361335,-0.0036926832990005,-4.0,-0.6599633556800765,-1.4199406780358672,-0.6595671772956848,-1.4200339317321775,1.438996928109716
-0.004859763180978232,0.07702275473968917,-4.802425819604797,0.0649729152361335,-0.0036926832990005,-4.0,-0.6597568982097628,-1.418503504238728,-0.6593469977378845,-1.418208122253418,1.3411573788397375
0.0003520598432726644,0.0771864594399817,-4.720788818038737,0.0649729152361335,-0.0036926832990005,-4.0,-0.6594901107111419,-1.4172603179564518,-0.6591134667396545,-1.4172484874725342,1.279420383242739
0.005491521992443958,0.07543284860957326,-4.632631668847053,0.0550240329594871,-0.0036926832990005,-4.0,-0.6591447176839857,-1.4161412624828067,-0.6587733030319214,-1.416267991065979,1.2125815148630026
0.010240578483127507,0.07270062371056536,-4.571872710461341,0.0534981307698174,-0.0036926832990005,-4.0,-0.6587429022381439,-1.4151149590976255,-0.6583997011184692,-1.41531240940094,1.1449027300176429
0.014199577647463482,0.06931405761251024,-4.324508149718946,0.0534981307698174,-0.0036926832990005,-4.0,-0.6583173310759513,-1.4141756285632257,-0.6580312252044678,-1.4144203662872314,1.098649505921374
0.020613556657846584,0.07053032625532651,-4.833040728553303,0.0468451972228578,-0.0036926832990005,-4.0,-0.657666121877809,-1.412986198434262,-0.6572026014328003,-1.412898302078247,0.9864580380838638
0.025451341919302886,0.06796730699080838,-4.806594085169788,0.0364080262455175,-0.0036926832990005,-4.0,-0.6570164881870084,-1.412027149544008,-0.6566668748855591,-1.412212371826172,0.9180082361010267
0.032220301205754864,0.06707034293096312,-5.131584326915874,0.0150453955901426,-0.0036926832990005,-4.0,-0.6561617836894837,-1.4109989692205165,-0.6556726098060608,-1.41106379032135,0.8060944969907856
0.03202987031253436,0.0588467190636808,-4.8249626222353115,0.0150453955901426,-0.0036926832990005,-4.0,-0.6556588478944259,-1.4104694918697374,-0.6556726098060608,-1.41106379032135,0.7971282971121576
0.03331270169949164,0.05277784122956623,-5.223914370961995,-0.0044251163500419,-0.0036926832990005,-4.0,-0.65506156442582,-1.4099291463379702,-0.6549688577651978,-1.410367727279663,0.6950202636508911
0.031628936044480305,0.04436725827156064,-5.1434151579535206,-0.0044251163500419,-0.0036926832990005,-4.0,-0.6546398717442923,-1.4096407085243865,-0.654761552810669,-1.4102485179901123,0.6266779178577723
0.02822569751016899,0.03483523409153111,-5.438853145085861,-0.0167544060425726,-0.0013733119707026,-4.0,-0.654358790395607,-1.4095609763848262,-0.6546047329902649,-1.4102498292922974,0.5130324278428989
0.0232023308995193,0.025727516435026264,-5.288753758154819,-0.0247501335164415,0.0154726482032501,-4.0,-0.6542392644498196,-1.4096057065347223,-0.6546022891998291,-1.4102638959884644,0.4593021909450634
0.01680795815764365,0.017363818836073568,-5.004216986545224,-0.0276188296330204,0.0334172579537652,-4.0,-0.6542907469780816,-1.4097469744159197,-0.6547528505325317,-1.4103513956069946,0.3998047662264512
0.009277798057349561,0.011053572299809846,-4.874543027563774,-0.0316472114137484,0.0478828107118334,-4.0,-0.654519624212706,-1.4098863117137153,-0.655063807964325,-1.4103423357009888,0.33191103979678077
0.00042709273906923854,0.006719410978898102,-5.050333866978221,-0.0316472114137484,0.0478828107118334,-4.0,-0.6549562827421945,-1.4099959777201572,-0.6555958986282349,-1.4103091955184937,0.2350738101848997
-0.008272955824980789,0.00634868890561535,-4.933013782504687,-0.0343938353551538,0.0646677347981994,-4.0,-0.6555245929252368,-1.4099129748758077,-0.6561533212661743,-1.4099397659301758,0.17378394759894447
-0.02074502129272334,0.012712665857320758,-5.271785857746002,-0.0343938353551538,0.0646677347981994,-4.0,-0.6564814647500742,-1.409390685438552,-0.6573827862739563,-1.408930778503418,0.0618028425031407
-0.028905924610356758,0.017282636639729725,-5.135517085214325,-0.0379949645227741,0.0691233691920347,-4.0,-0.6573528868906039,-1.408885170706503,-0.6579426527023315,-1.4085549116134644,0.009069206308082093
-0.033902259028727094,0.02338525755342045,-4.867061700337091,-0.0379949645227741,0.0705271992065308,-4.0,-0.6581456798519167,-1.4082052158561895,-0.6585067510604858,-1.407764196395874,-0.049525587426828103
-0.04079988479020688,0.03739124902299809,-5.245999561002668,-0.0379949645227741,0.0705271992065308,-4.0,-0.6591441049191887,-1.4069051422725747,-0.6596425771713257,-1.4058929681777954,-0.1625073159280049
-0.0436978767848812,0.0459666851744312,-5.119410391256279,-0.0379949645227741,0.0705271992065308,-4.0,-0.6599884838158818,-1.405739976510979,-0.660197913646698,-1.4051202535629272,-0.2158578617916141
-0.043073548933075176,0.05254596207790505,-4.86257452079444,-0.0379949645227741,0.0705271992065308,-4.0,-0.6606463767173566,-1.4045695660630177,-0.6606012582778931,-1.404094099998474,-0.2748975024610671
-0.03999137477479286,0.05820760306254973,-4.754551582369221,-0.0379949645227741,0.0749828336003661,-4.0,-0.6611317968276342,-1.403354550350251,-0.6609090566635132,-1.4029453992843628,-0.3424753937429126
-0.035642103259061496,0.062449346785670795,-4.685714308944297,-0.0379949645227741,0.0749828336003661,-4.0,-0.6614841367545454,-1.402142815089663,-0.6611698269844055,-1.4018362760543823,-0.4111109215047423
-0.033678397130971385,0.0711707741519379,-4.886719997665429,-0.0379949645227741,0.0749828336003661,-4.0,-0.6619245935286759,-1.4005670685622635,-0.6617826819419861,-1.3999367952346802,-0.5086289974593095
-0.029157992530383085,0.07584758929533052,-4.7943211584810355,-0.0379949645227741,0.0749828336003661,-4.0,-0.6621646125304667,-1.3991191608199678,-0.6618379354476929,-1.398781180381775,-0.5702375515773614
-0.02281707621956623,0.07860530776626208,-4.697988076460959,-0.0379949645227741,0.0749828336003661,-4.0,-0.662211954491305,-1.3977232918671083,-0.6617537140846252,-1.3975239992141724,-0.6373900266477502
-0.01602338553550401,0.07965595129220258,-4.636905768312912,-0.0379949645227741,0.0749828336003661,-4.0,-0.6621279097383345,-1.3963961508972145,-0.6616369485855103,-1.3963202238082886,-0.706022236026301
-0.010355538128053206,0.08634516578421868,-4.8455846676022105,-0.0263370717936979,0.0765697718776226,-4.0,-0.6620095932925724,-1.3946794444264439,-0.6615999937057495,-1.3941960334777832,-0.8035069584682726
-0.004121462668248099,0.08799500386494867,-4.759280442688576,-0.0240787365529868,0.0765697718776226,-4.0,-0.6617631590284689,-1.3931888541156525,-0.6613126397132874,-1.393069624900818,-0.8649704130555597
0.0033488855269640065,0.08637425892351702,-4.672621326786029,-0.0201724269474326,0.0765697718776226,-4.0,-0.661335251917323,-1.3918880784199408,-0.6607953906059265,-1.392005205154419,-0.9326404310406743
0.011261439350623145,0.08255398194508046,-4.616763510155638,-0.0201724269474326,0.0765697718776226,-4.0,-0.6607585858618396,-1.3907586415237065,-0.660186767578125,-1.391034722328186,-1.001430338978319
0.021089581456468325,0.08344636615645998,-4.830517658352895,-0.0201724269474326,0.0765697718776226,-4.0,-0.6599286830464565,-1.389378783989297,-0.659218430519104,-1.3893142938613892,-1.09905060998982
0.029195307050300122,0.07970490520674221,-4.748984500674845,-0.0139467460135804,0.0765697718776226,-4.0,-0.6590553956377033,-1.388290982999551,-0.6584696173667908,-1.3885613679885864,-1.1606178046479474
0.03665052159960325,0.07380715828367815,-4.657221535116676,-0.0073548485542076,0.0765697718776226,-4.0,-0.6580954206676142,-1.3874055933503817,-0.6575566530227661,-1.3878318071365356,-1.2277262837981662
0.04941599637868453,0.07116102446926778,-5.036650782726248,-0.0025329976348515,0.0765697718776226,-4.0,-0.6566651110587468,-1.38639960969252,-0.6557425856590271,-1.386590838432312,-1.3422779238944988
0.05566371272401849,0.06551806479629883,-4.956884035071609,-0.0006408789196612,0.0765697718776226,-4.0,-0.6554614304695323,-1.3856340786345407,-0.655009925365448,-1.3860418796539309,-1.3955658362272048
0.06671187252344131,0.05846109046565026,-5.175640816825526,-0.0006408789196612,0.0765697718776226,-4.0,-0.6538404382303947,-1.3850523127515086,-0.6530420184135437,-1.385562300682068,-1.493327098323952
0.07072187412515826,0.04943988337102438,-4.966549491715771,0.0039978637369344,0.0765697718776226,-4.0,-0.6525079546894061,-1.3847133101506786,-0.6522181630134583,-1.3853652477264404,-1.53988050136442
0.07198595875626129,0.03955636198545756,-4.619594463017525,0.0061951628900587,0.0765697718776226,-4.0,-0.6512928384721797,-1.3845756528213904,-0.6512014865875244,-1.3852899074554443,-1.591400286183336
0.07137561146578832,0.0299259388120392,-4.119533091295109,0.0061951628900587,0.0765697718776226,-4.0,-0.6501814120308381,-1.3845793999927487,-0.6502255201339722,-1.3852753639221191,-1.6215686856480085
0.07644516871506164,0.020531570651920013,-4.34137627967814,0.0061951628900587,0.0765697718776226,-4.0,-0.6487042634577252,-1.3847216287868263,-0.6483379006385803,-1.3854005336761477,-1.704080522217652
0.07811256766246294,0.011286234090140491,-4.299453377548212,0.0061951628900587,0.0765697718776226,-4.0,-0.6473709121845379,-1.3850043152758926,-0.6472504138946533,-1.3856724500656128,-1.7670902413813665
0.0777776379824678,0.002746661591175698,-4.291771624327798,0.0061951628900587,0.0765697718776226,-4.0,-0.6461432526661927,-1.3853882704298106,-0.6461674571037292,-1.386005401611328,-1.8350312334821641
0.07601960815150173,-0.0046850219264380965,-4.290544136546022,0.0061951628900587,0.0765697718776226,-4.0,-0.6450150304675916,-1.385835618309877,-0.6451420783996582,-1.386372685432434,-1.9035538690849216
0.07968789939583468,-0.013936961665005333,-4.6761486048433945,0.0061951628900587,0.0765697718776226,-4.0,-0.6435562129784964,-1.3865222068036582,-0.6432911157608032,-1.387190818786621,-2.0191659958869526
0.07782170680762068,-0.01966169638349884,-4.616739098840375,0.0061951628900587,0.0765697718776226,-4.0,-0.6424045770314846,-1.3871236495165866,-0.6425394415855408,-1.3875373601913452,-2.071664131884256
0.07387574540651967,-0.024606239410484447,-4.467955507231828,0.0061951628900587,0.0765697718776226,-4.0,-0.64142028972729,-1.38776511099587,-0.6417054533958435,-1.3881224393844604,-2.13204238560766
0.07346992998281841,-0.03194175624042231,-4.593296260015796,0.0061951628900587,0.0765697718776226,-4.0,-0.6402651054867624,-1.388643747895108,-0.6402944326400757,-1.3891738653182983,-2.2159392353748326
0.07020445927469286,-0.0369994036142065,-4.462157560432306,0.0061951628900587,0.0765697718776226,-4.0,-0.6393054606660489,-1.3894891674453937,-0.6395414471626282,-1.3898546695709229,-2.270516304709632
0.06601090264477824,-0.04130434857031154,-4.399567987385478,0.0061951628900587,0.0765697718776226,-4.0,-0.6384594173721398,-1.3903657496281394,-0.6387624740600586,-1.3906768560409546,-2.336054520220108
0.061511709266056265,-0.044964807393174266,-4.378436113516335,0.0061951628900587,0.0765697718776226,-4.0,-0.6377006760485852,-1.391268605177446,-0.6380258202552795,-1.391533136367798,-2.4041340093765937
0.0568863830389471,-0.04785767668558139,-4.365713171502328,0.0061951628900587,0.0765697718776226,-4.0,-0.6370222602218472,-1.3921792841836809,-0.6373565196990967,-1.3923883438110352,-2.4727236767135836
0.05225660836302758,-0.04946037188052525,-4.165126521331172,0.0061951628900587,0.0765697718776226,-4.0,-0.6364181436932347,-1.3930509581423598,-0.636752724647522,-1.3931667804718018,-2.5193750512513313
0.05079471455276081,-0.05601557915746243,-4.681314590254098,0.0061951628900587,0.0765697718776226,-4.0,-0.6356786809793379,-1.3942756763803783,-0.6357843279838562,-1.394749402999878,-2.630702903091629
0.04730628838543548,-0.06056651894852732,-4.665959252425479,0.0061951628900587,0.0765697718776226,-4.0,-0.6350965787669488,-1.3954727796225803,-0.6353486776351929,-1.395801663398743,-2.6994952860279264
0.04273770696370766,-0.06350573854749783,-4.606902386878228,0.0061951628900587,0.0765697718776226,-4.0,-0.6346416983831208,-1.3966361501443294,-0.6349718570709229,-1.3968485593795776,-2.7676622762923193
0.03767021063627629,-0.06510572110687265,-4.560242399986565,0.0061951628900587,0.0765697718776226,-4.0,-0.6342928976177377,-1.3977580137656198,-0.6346591114997864,-1.3978736400604248,-2.836318874205501
0.033746513445670666,-0.07256762530486985,-4.9389015540318795,0.0061951628900587,0.0765697718776226,-4.0,-0.6339495624076656,-1.3992929976005686,-0.6342331171035767,-1.399832248687744,-2.9514357727884803
0.02895273064921493,-0.07386736252656531,-4.868381699610795,0.0061951628900587,0.0765697718776226,-4.0,-0.6337265260575223,-1.4005400027616388,-0.6340729594230652,-1.4006339311599731,-3.004609829465831
0.02327759469449285,-0.0733561692434403,-4.661409317217948,0.0061951628900587,0.0765697718776226,-4.0,-0.6336384548134656,-1.4016880865461834,-0.634048581123352,-1.40165114402771,-3.06464298909574
0.01730258073352202,-0.07284996088396581,-4.584624928473098,0.0061951628900587,0.0765697718776226,-4.0,-0.6336610101094402,-1.4028283207820211,-0.6340928077697754,-1.4027917385101318,-3.132048165707835
0.011487942489787649,-0.07833626286750153,-4.801192554982807,0.0061951628900587,0.0765697718776226,-4.0,-0.6337685634950886,-1.4043566091477402,-0.6341887712478638,-1.4047530889511108,3.054475190428045
0.005631651712593195,-0.07941898518591514,-4.718820899491139,0.0061951628900587,0.0765697718776226,-4.0,-0.6339719046624187,-1.4056815660672244,-0.6343951225280762,-1.4057598114013672,2.9933035115010695
-0.0022049797855964717,-0.08592319582013612,-5.103861900891822,0.0061951628900587,0.0765697718776226,-4.0,-0.6343998630415036,-1.4073822508270526,-0.6349661946296692,-1.407852292060852,2.8810788759560872
-0.007851017012007976,-0.08564284510509954,-5.010465198309273,0.0061951628900587,0.0765697718776226,-4.0,-0.6348083915028083,-1.4087384885075087,-0.6352164149284363,-1.408718228340149,2.827814799865694
-0.0159800619833054,-0.08849202220466135,-5.213532054890507,0.0061951628900587,0.0765697718776226,-4.0,-0.635471403480151,-1.4102971277093488,-0.6360588669776917,-1.4105030298233032,2.7307025938126595
-0.020934240737295707,-0.08503918983964412,-4.995312107466243,0.0061951628900587,0.0765697718776226,-4.0,-0.6360545958086206,-1.411484739882755,-0.6364126205444336,-1.411235213279724,2.684207601768211
-0.024910530444889188,-0.07969195144159465,-4.638666967581792,0.0061951628900587,0.0765697718776226,-4.0,-0.6366524086118157,-1.412491871157812,-0.6369397640228271,-1.4121054410934448,2.6328553283055314
-0.028848478714047845,-0.07429152856599104,-4.544546659474975,0.0061951628900587,0.0765697718776226,-4.0,-0.6373113073707461,-1.413409930693823,-0.6375958919525146,-1.4130196571350098,2.5666942027046598
-0.03260311356927625,-0.06922415083758625,-4.502613532308516,0.0061951628900587,0.0765697718776226,-4.0,-0.6380210948007704,-1.4142636004451987,-0.6382924318313599,-1.4138973951339722,2.4985214384339103
-0.04060011005937265,-0.0697246253376816,-4.87590635733177,0.0061951628900587,0.0765697718776226,-4.0,-0.639071410849036,-1.4154042722761169,-0.6396493315696716,-1.4154404401779177,2.3835195606081645
-0.04411861382408854,-0.06643296407410809,-4.805303840943453,0.0061951628900587,0.0765697718776226,-4.0,-0.6399536142032101,-1.4163022608146905,-0.6402078866958618,-1.4160643815994265,2.3306175722407443
-0.04670911477104442,-0.06150009553425912,-4.614067874481035,0.0061951628900587,0.0765697718776226,-4.0,-0.6408307651159946,-1.4170390856808734,-0.6410179734230042,-1.4166826009750366,2.2707085289222633
-0.04953285073466219,-0.056342501046236795,-4.546969596072517,0.0061951628900587,0.0765697718776226,-4.0,-0.6417647827673705,-1.417682128445316,-0.641968846321106,-1.4173094034194946,2.2033304282777815
-0.05220702871282111,-0.051238325063499096,-4.505389124957403,0.0061951628900587,0.0765697718776226,-4.0,-0.6427340932001397,-1.4182461810937559,-0.642927348613739,-1.4178773164749146,2.1351378053100416
-0.054434016879831765,-0.046269794804992395,-4.474712934748361,0.0061951628900587,0.0765697718776226,-4.0,-0.6437166276125047,-1.4187375342073618,-0.6438775658607483,-1.418378472328186,2.0665030512872855
-0.06263416504061478,-0.04404778523988657,-4.853443139608933,0.0061951628900587,0.0765697718776226,-4.0,-0.6451296680843822,-1.4193309580971867,-0.6457222700119019,-1.419170379638672,1.9511517226040016
-0.06515746767240907,-0.0400349333924133,-4.788737710729195,0.0061951628900587,0.0765697718776226,-4.0,-0.6462986254637977,-1.4197704406560845,-0.6464809775352478,-1.4194804430007937,1.8981860889332516
-0.06612956949147256,-0.03487108369230655,-4.602077583662621,0.0061951628900587,0.0765697718776226,-4.0,-0.6474054087493004,-1.4200696273060813,-0.6474756598472595,-1.4196964502334597,1.8379745967775247
-0.07467001624346123,-0.030499221761949337,-5.01155310088992,0.0061951628900587,0.0765697718776226,-4.0,-0.6490280745557291,-1.420338549166319,-0.6496452689170837,-1.4200226068496704,1.7255148311162505
-0.07702607880286007,-0.025574196675435087,-4.923057754189247,0.0061951628900587,0.0765697718776226,-4.0,-0.6503785496312219,-1.4205009526712926,-0.6505488157272339,-1.420145034790039,1.6723111153482968
-0.07677411832304598,-0.019951092510580883,-4.700304230450594,0.0061951628900587,0.0765697718776226,-4.0,-0.6515943102638662,-1.4205384070944553,-0.6515761017799377,-1.420132040977478,1.612973801642708
-0.07589996923245491,-0.014107902697812012,-4.617589822020534,0.0061951628900587,0.0765697718776226,-4.0,-0.6527649078229066,-1.4204713424073039,-0.652701735496521,-1.420049071311951,1.5455119978859702
-0.08063684282067883,-0.008253374810965552,-4.828831334237501,0.0,0.0,0.0,-0.6542924530360736,-1.4203100371446309,-0.6546347737312317,-1.4198869466781616,1.4487219130909366
-0.08099108874938486,-0.0024926703821918786,-4.7427924728826945,0.0,0.0,0.0,-0.6556060610459298,-1.42006126192617,-0.6556316614151001,-1.4196449518203735,1.3875589772130732
-0.07843057092398072,0.002586536298661868,-4.350628843171721,0.0,0.0,0.0,-0.6567326475014719,-1.419765367957052,-0.6565476059913635,-1.419398307800293,1.349788407875822
-0.07248410767477688,0.006080719176391866,-3.53756883295146,0.0,0.0,0.0,-0.657594427258433,-1.4194929895906403,-0.6571646928787231,-1.4192404747009275,1.3466463512094613
-0.06098445414618957,0.007192137534362472,-2.76154212710865,0.0,0.0,0.0,-0.6579939527537854,-1.4193222243296062,-0.6571629047393799,-1.4192419052124023,1.3484118970639785
-0.0478152236596655,0.00691081996733306,-2.2593111666308814,0.0,0.0,0.0,-0.6580991112347991,-1.4192257474984693,-0.6571474075317383,-1.4192460775375366,1.3456182918139168
-0.035402306775696946,0.005963957713087095,-1.8763792607013818,0.0129091325246051,0.0765697718776226,0.1488670176241702,-0.6580435604821145,-1.4191777696421009,-0.6571465134620667,-1.4192461967468262,1.344478043225319
-0.02482396125037657,0.004778994694285828,-1.5686240548288901,0.0129091325246051,0.0765697718776226,1.997894254978256,-0.6579106830832512,-1.419160681970581,-0.6571462154388428,-1.4192463159561155,1.3440575126664789
-0.02344976447432007,0.00564671075341143,-1.2956653633055049,0.0129091325246051,0.0765697718776226,3.5911802853437096,-0.6582170209275157,-1.4190268549968217,-0.6581177115440369,-1.418964147567749,1.3462255483999472
-0.02071845307169458,0.006147357900660572,-0.9147633696418516,0.0129091325246051,0.0765697718776226,4.0,-0.6584116553560415,-1.4189034107938752,-0.658214271068573,-1.4188672304153442,1.3647806757539624
-0.023464405787391465,0.008465994623238524,-0.5119016378446735,0.0129091325246051,0.0765697718776226,4.0,-0.6589246803176176,-1.4186517724027718,-0.6591231226921082,-1.4184842109680176,1.3928940021037328
-0.02880463882794133,0.010929277668656326,-0.34922385168783615,0.0129091325246051,0.0690012970168612,4.0,-0.65965314346173,-1.4183534735307586,-0.6600390672683716,-1.418175458908081,1.4023622338005284
-0.03175332953913372,0.011681698316392751,-0.05700964675938447,0.0129091325246051,0.0690012970168612,4.0,-0.660308950018769,-1.4181288639898144,-0.6605220437049866,-1.4180744886398315,1.428600095928703
-0.042921027769079315,0.015217472106818212,0.7421362188526507,0.0129091325246051,0.0685130083161669,4.0,-0.6615552785852804,-1.4177082135349683,-0.6623623371124268,-1.417452692985535,1.5226898995450384
-0.05167795587995813,0.017318658313948278,1.0388112357564083,0.0129091325246051,0.0685130083161669,4.0,-0.6628209188951338,-1.4173258285566466,-0.6634537577629089,-1.417173981666565,1.5847943296196996
-0.06559238459917772,0.018888567205672467,1.7252509799454914,0.0129091325246051,0.0685130083161669,4.0,-0.6645676226126596,-1.4169449463320742,-0.6655731797218323,-1.4168314933776855,1.7001191517365744
-0.07210316832684907,0.018624547161981517,1.80051742852066,0.0129091325246051,0.0685130083161669,4.0,-0.6660475162978087,-1.416660183119821,-0.6665180325508118,-1.4166792631149292,1.743902674329889
-0.07441881943328608,0.01663294984476948,2.0768540904484833,0.0129091325246051,0.0685130083161669,4.0,-0.6673542502823253,-1.4164938510767198,-0.667521595954895,-1.4166377782821655,1.8034168350842108
-0.08101265861771381,0.013006251425155066,2.717880129628965,0.0129091325246051,0.0685130083161669,4.0,-0.6689808575631311,-1.4164674780153237,-0.6694573760032654,-1.4167295694351196,1.9186063779545846
-0.0813550944628581,0.009371398073684933,2.744750797604256,0.0129091325246051,0.0685130083161669,4.0,-0.6702996978835732,-1.4164996712356794,-0.670324444770813,-1.416762351989746,1.9679939403712698
-0.0788768357714197,0.005246284948695641,2.897913054134331,0.0129091325246051,0.0685130083161669,4.0,-0.6714375464254563,-1.4166224322510257,-0.6712584495544434,-1.41692054271698,2.028024768124071
-0.07475326514741719,0.0012430362556113943,2.8240740972913594,0.0129091325246051,0.0685130083161669,4.0,-0.672426974385081,-1.4168031388505116,-0.6721289753913879,-1.4170924425125122,2.0659360361572636
-0.07583270640349839,-0.003816243826653883,3.348442936648447,0.0129091325246051,0.0685130083161669,4.0,-0.6736943864362522,-1.4171177096561138,-0.673772394657135,-1.4174833297729492,2.1619030713262353
-0.07411169164686147,-0.008702487768411227,3.4233307855987407,0.0129091325246051,0.0685130083161669,4.0,-0.6747939367257672,-1.4175017898528228,-0.6746695637702942,-1.417854905128479,2.228473687173558
-0.07065071577126661,-0.013140997928788398,3.534977938942099,0.0129091325246051,0.0685130083161669,4.0,-0.6757509252582495,-1.4179344511237073,-0.6755008101463318,-1.4182552099227903,2.2964087564838755
-0.06627115004983287,-0.017057312264493443,3.6329088487410512,0.0129091325246051,0.0685130083161669,4.0,-0.6765918119487717,-1.418403607184178,-0.6762753129005432,-1.4186866283416748,2.364656310554014
-0.06663146956463553,-0.0229445445680077,3.9640639161816615,0.0129091325246051,0.0685130083161669,4.0,-0.6776759703875219,-1.4190657179130441,-0.677702009677887,-1.419491171836853,2.462643183047248
-0.06436428766787929,-0.02743068152431821,3.944214828807451,0.0129091325246051,0.0685130083161669,4.0,-0.6785921948165538,-1.4197294006096361,-0.6784283518791199,-1.4200536012649536,2.522678017847414
-0.06094093851568375,-0.03155887433521416,3.9823304164092064,0.0129091325246051,0.0685130083161669,4.0,-0.6793957123165068,-1.4204411984907295,-0.6791483163833618,-1.4207395315170288,2.5897615905612485
-0.056707425366586586,-0.03491166361308623,4.020728513392733,0.0129091325246051,0.0685130083161669,4.0,-0.6800908978287684,-1.4211677870037085,-0.6797849535942078,-1.421410083770752,2.6578175335770173
-0.056167193767923555,-0.04123740294915589,4.3102429158822915,0.0129091325246051,0.0685130083161669,4.0,-0.6809625029509313,-1.422144556220225,-0.6809234619140625,-1.4226016998291016,2.7556010817444374
-0.053238866379240975,-0.04518390661514446,4.260228932474888,0.0129091325246051,0.0685130083161669,4.0,-0.6816675918959552,-1.4230652505202395,-0.6814559698104858,-1.42335045337677,2.8159664231146087
-0.049101708924108624,-0.04826716530532004,4.248956610396875,0.0129091325246051,0.0685130083161669,4.0,-0.6822459141457352,-1.4239920213950745,-0.6819469332695007,-1.4242148399353027,2.882988873124035
-0.04700367061899959,-0.055775785161667216,4.664699473047736,0.0129091325246051,0.0685130083161669,4.0,-0.682892844165725,-1.4252606766205391,-0.6827412247657776,-1.425803303718567,2.9970283863190064
-0.04312040602099867,-0.05830063581835486,4.573882865159272,0.0129091325246051,0.0685130083161669,4.0,-0.6833881876573327,-1.4263200022588736,-0.6831075549125671,-1.4265024662017822,3.0497837936363865
-0.03823346879042639,-0.059166125226973405,4.4239435326550165,0.0129091325246051,0.0685130083161669,4.0,-0.6837550480261809,-1.4273100282909872,-0.683401882648468,-1.4273725748062134,3.109339979694393
-0.032851574690766605,-0.059795475845959956,4.386689005470178,0.0129091325246051,0.0685130083161669,4.0,-0.6840109967419171,-1.4282982914672893,-0.6836220622062683,-1.4283437728881836,-3.106714486392007
-0.02739541318528631,-0.05978592439201695,4.367188125771646,0.0129091325246051,0.0685130083161669,4.0,-0.6841759254750841,-1.4292543876523671,-0.683781623840332,-1.4292536973953247,-3.038663833691622
-0.02348157389952089,-0.06453264317946547,4.61459250094239,0.016632333867399,0.0685130083161669,4.0,-0.6843555156132838,-1.4305247589954866,-0.6840726733207703,-1.4308677911758425,-2.940864885600595
-0.018940822571514325,-0.06618424281157548,4.5403766173304385,0.016632333867399,0.0685130083161669,4.0,-0.6844310403599123,-1.4316664653974138,-0.6841028928756714,-1.4317858219146729,-2.880217214048178
-0.014281962211862276,-0.0666848873595119,4.482652044438906,0.016632333867399,0.0685130083161669,4.0,-0.6844261051218026,-1.4327585099414553,-0.6840894222259521,-1.4327946901321411,-2.8133003948784623
-0.009838217741582706,-0.06600965594513519,4.448698333844261,0.016632333867399,0.0685130083161669,4.0,-0.6843608490203281,-1.433780829874399,-0.6840397119522095,-1.433732032775879,-2.7452411309738123
-0.005653642188103511,-0.06451410012771375,4.422174490882065,0.016632333867399,0.0685130083161669,4.0,-0.6842416261715925,-1.434738116018327,-0.6839392185211182,-1.434630036354065,-2.677006816145876
-0.002034427897457163,-0.06249426750444505,4.204111627833678,0.016632333867399,0.0685130083161669,4.0,-0.6840928250720162,-1.4356368143264877,-0.6838312745094299,-1.4354908466339111,-2.6306062040068583
0.002438528125691767,-0.06653526624656504,4.70329734532294,0.016632333867399,0.0685130083161669,4.0,-0.6838296773012987,-1.4369038653491815,-0.683506429195404,-1.437195897102356,-2.5198744944826696
0.007151587694816077,-0.06775817854158382,4.680503980461325,0.016632333867399,0.0685130083161669,4.0,-0.6834790894453588,-1.4380492740155038,-0.6831384897232056,-1.4381376504898071,-2.451383421179904
0.01152994002219535,-0.06675540724284015,4.61723114145916,0.0187685969329365,0.0685130083161669,4.0,-0.6830752194955974,-1.4390671135684432,-0.6827588081359863,-1.4389946460723877,-2.383367186561912
0.015462419028079277,-0.0643211221351824,4.564822563589685,0.0187685969329365,0.0685130083161669,4.0,-0.682630771746025,-1.4399742741248112,-0.6823465824127197,-1.439798355102539,-2.315139978400025
0.018938646182409407,-0.06139570874193297,4.520928589789761,0.0187685969329365,0.0685130083161669,4.0,-0.6821535662746726,-1.4408100185624082,-0.6819023489952087,-1.4405986070632937,-2.2469081230010715
0.02169237329011009,-0.058302226675392865,4.285152531246725,0.0187685969329365,0.0685130083161669,4.0,-0.6816685042730531,-1.4415878456853153,-0.6814695000648499,-1.441364288330078,-2.200552372801121
0.02756892945148856,-0.06058903467969312,4.779349166476613,0.0187685969329365,0.0685130083161669,4.0,-0.6809329383472321,-1.4426718578407733,-0.6805082559585571,-1.442837119102478,-2.0898807857726887
0.032567958901821355,-0.06007574833489788,4.7540488315019465,0.0187685969329365,0.0685130083161669,4.0,-0.6801613591450228,-1.443607350011441,-0.6798000931739807,-1.443570256233215,-2.02130782178295
0.040959171746127274,-0.06195346099007433,5.101324059058623,0.0187685969329365,0.0685130083161669,4.0,-0.6790855446778875,-1.4446926939978417,-0.6784791350364685,-1.4448283910751345,-1.907584208604817
0.044763079286997326,-0.05996949289211141,4.99696264267581,0.0187685969329365,0.0685130083161669,4.0,-0.6781787288357974,-1.4455527930153695,-0.6779038310050964,-1.4454094171524048,-1.8542345522568378
0.05264186797725443,-0.05963635980719672,5.189159180505378,0.0187685969329365,0.0685130083161669,4.0,-0.6769416678289161,-1.4464902821068735,-0.6763722896575928,-1.4464662075042725,-1.7579591853247314
0.0554195938060492,-0.056092861328840934,4.958842528393678,0.0187685969329365,0.0685130083161669,4.0,-0.6759157677687627,-1.4472102099175748,-0.6757150292396545,-1.4469541311264038,-1.7115242741956047
0.056431954967840856,-0.05087066572010291,4.608692198005253,0.0187685969329365,0.0685130083161669,4.0,-0.6749621289965297,-1.4477624662774833,-0.6748889684677124,-1.44738507270813,-1.6607940204672462
0.06357290544417991,-0.04749141700320969,5.0397631828854275,0.0187685969329365,0.0685130083161669,4.0,-0.6735871430600301,-1.44835300122219,-0.6730710864067078,-1.448108792304993,-1.5503844846559105
0.06589625232252558,-0.04270689230999915,4.933938196243486,0.0187685969329365,0.0685130083161669,4.0,-0.6724163845287893,-1.4487965680648545,-0.6722484827041626,-1.448450803756714,-1.4965425076645054
0.0662369874943521,-0.03702147024918392,4.712390132409948,0.0187685969329365,0.0685130083161669,4.0,-0.6713395191373492,-1.4491040259005696,-0.6713148951530457,-1.4486931562423706,-1.4376766560821908
0.07087386962927648,-0.0329176975895587,4.784829491038512,0.0187685969329365,0.0685130083161669,4.0,-0.6699731918768294,-1.4494250768176165,-0.6696380972862244,-1.44912850856781,-1.3553490882883854
0.07179906717925169,-0.027806520464115393,4.611808145640316,0.0187685969329365,0.0685130083161669,4.0,-0.6687780469120547,-1.4496138697785184,-0.6687111854553223,-1.449244499206543,-1.3020612264516678
0.0711776441659819,-0.02211926373618128,4.516720829206368,0.0187685969329365,0.0685130083161669,4.0,-0.6676703429309181,-1.449682800378345,-0.6677152514457703,-1.44927179813385,-1.2370949515096332
0.06955414308407386,-0.01668795545440025,4.273855807954551,0.0187685969329365,0.0685130083161669,4.0,-0.6666388271935956,-1.4496776551355977,-0.6667561531066895,-1.4492851495742798,-1.191058042844724
0.07405363171015455,-0.011446295495329583,4.753021967635106,0.0187685969329365,0.0685130083161669,4.0,-0.6652285082672472,-1.4495981462503273,-0.6649033427238464,-1.4492193460464478,-1.080499234414158
0.07500848930102018,-0.005896645588368806,4.7282191564775164,0.0187685969329365,0.0685130083161669,4.0,-0.6639805263402757,-1.4494144101759199,-0.6639115214347839,-1.449013352394104,-1.0120517159115043
0.07341463019084153,-0.0006624322552559658,4.659294391615228,0.0187685969329365,0.0685130083161669,4.0,-0.6628857575064078,-1.4491627326150749,-0.6630009412765503,-1.4487844705581665,-0.9440041009782352
0.07601825294413984,0.004984652507086971,4.87021091398079,0.0187685969329365,0.0685130083161669,4.0,-0.6615390028740898,-1.4488000134958154,-0.6613508462905884,-1.4483919143676758,-0.8463080328930352
0.07491543463791916,0.009959215459004307,4.7772621196412395,0.0187685969329365,0.0685130083161669,4.0,-0.6603956160481279,-1.4483914001584022,-0.6604753136634827,-1.4480319023132324,-0.785473828153952
0.07820760079543788,0.018282079272025353,5.144114007859617,0.0187685969329365,0.0685130083161669,4.0,-0.6589793302495134,-1.44768184401084,-0.6587414145469666,-1.447080373764038,-0.6737639731436391
0.07658492389120009,0.02348783586541265,5.0345565692757495,0.0187685969329365,0.0685130083161669,4.0,-0.657835280721301,-1.4470451880731798,-0.6579525470733643,-1.4466689825057983,-0.6203243360527996
0.07784162083800975,0.03155515848878642,5.208860813731993,0.0187685969329365,0.0685130083161669,4.0,-0.6565268440935784,-1.446136067341235,-0.656436026096344,-1.4455530643463137,-0.5248981230978145
0.07439617760678569,0.03544335109796596,4.972292170726064,0.0187685969329365,0.0685130083161669,4.0,-0.6555091498604546,-1.44537414378567,-0.6557581424713135,-1.4450931549072266,-0.47892536603166086
0.06890848180516869,0.03798473607095259,4.611378178572131,0.0187685969329365,0.0685130083161669,4.0,-0.6546815921529844,-1.4446390440401453,-0.6550781726837158,-1.44445538520813,-0.42882913271410805
0.06737976481633563,0.043895794778309696,4.514695613496897,0.0187685969329365,0.0685130083161669,4.0,-0.6536801170172797,-1.443640519412125,-0.6537905931472778,-1.4432133436203003,-0.363417082078373
0.06312545689342257,0.0471960140840754,4.251550523710055,0.0187685969329365,0.0685130083161669,4.0,-0.652883284987162,-1.442720015472947,-0.6531907320022583,-1.442481517791748,-0.3196065807843282
0.05775654318761325,0.04917324409471589,4.173674469085983,0.0187685969329365,0.0685130083161669,4.0,-0.6522282063526235,-1.4418341683314282,-0.6526162028312683,-1.441691279411316,-0.2584360504786033
0.052198881252597806,0.05014476463505748,3.983552005832002,0.0187685969329365,0.0685130083161669,4.0,-0.6516715081238939,-1.4409831710503995,-0.6520731449127197,-1.4409129619598389,-0.2125051380524509
0.04701382645589652,0.049983355551808745,3.854093510057851,0.0187685969329365,0.0685130083161669,4.0,-0.6511791001367471,-1.4401915252638025,-0.6515538096427917,-1.4402031898498535,-0.16103084103223222
0.044899396578774044,0.0570230390805343,4.485949115849789,0.0187685969329365,0.0685130083161669,4.0,-0.6505666598519049,-1.4389264114833005,-0.6507194638252258,-1.438417673110962,-0.03439783688970791
0.04090844022417979,0.060500973598704016,4.48220812293541,0.0187685969329365,0.0685130083161669,4.0,-0.6501121040421866,-1.437784123220532,-0.6504005193710327,-1.4375327825546265,0.03439792692283935
0.037701499340061416,0.06776429811485929,4.854897538182106,0.0187685969329365,0.0685130083161669,4.0,-0.6496695737622443,-1.4363359430708684,-0.6499013304710388,-1.4358110427856443,0.14876678188374381
0.03345621480045675,0.06935720845214456,4.763215417936904,0.0187685969329365,0.0685130083161669,4.0,-0.649346997461035,-1.435146410027654,-0.6496537923812866,-1.4350312948226929,0.20177723669982536
0.028273476871594955,0.0689485934576319,4.575262020488784,0.0187685969329365,0.0685130083161669,4.0,-0.6491543189733952,-1.4340637074526992,-0.6495288610458374,-1.4340932369232178,0.2612095171959612
0.02389047183771539,0.07318641705905077,4.678656251122723,0.0187685969329365,0.0685130083161669,4.0,-0.6489916954716735,-1.4326803754975814,-0.649308443069458,-1.432374119758606,0.34430975170881956
0.018809306601792024,0.07366983898473925,4.520192853210918,0.0187685969329365,0.0685130083161669,4.0,-0.6489453540938545,-1.4314774347203871,-0.6493125557899475,-1.4314424991607666,0.39787301928632246
0.01323040791868227,0.07260698331261325,4.4421793539052965,0.0187685969329365,0.0685130083161669,4.0,-0.6490132155715315,-1.4303689806640272,-0.6494163870811462,-1.4304457902908323,0.46298755358532956
0.0067478471419888005,0.07675380275593019,4.837702740570141,0.0187685969329365,0.0685130083161669,4.0,-0.6492300788107735,-1.4289331305830715,-0.6496985554695129,-1.428633451461792,0.576903033805984
0.0018377299543796185,0.07594156155936979,4.753107914041416,0.0187685969329365,0.0685130083161669,4.0,-0.6494467117668709,-1.4277587654599524,-0.6498015522956848,-1.427817463874817,0.6300163968325977
-0.0009390961941752839,0.06673642732113778,3.901288577173018,0.0187685969329365,0.0685130083161669,4.0,-0.6496008787839682,-1.4271522343953373,-0.6498015522956848,-1.427817463874817,0.6277154790199669
-0.007172707221379558,0.06752334810942012,4.896069309612569,0.0187685969329365,0.0685130083161669,4.0,-0.6500279964944712,-1.4260324297212663,-0.6504784822463989,-1.4259755611419678,0.7491413527305628
-0.012546045571235957,0.06628815565563508,4.886772982007063,0.0187685969329365,0.0685130083161669,4.0,-0.6504979809905738,-1.4250337123758374,-0.6508862972259521,-1.4251229763031006,0.8245012393621547
-0.01708786026543332,0.06377100770083971,4.802624241745996,0.0187685969329365,0.0685130083161669,4.0,-0.6509989684525942,-1.42413950575012,-0.6513271927833557,-1.4243214130401611,0.8928196246799808
-0.023372750248256302,0.06581692408006751,4.993127196075762,0.0187685969329365,0.0685130083161669,4.0,-0.651687856342483,-1.4229839179855175,-0.6521420478820801,-1.4228360652923584,0.99043984539427
-0.028129478355318142,0.06468619828324426,4.872002645419935,0.0187685969329365,0.0685130083161669,4.0,-0.6523762785963885,-1.4220055973325165,-0.652720034122467,-1.42208731174469,1.051303373293184
-0.03246335008833737,0.061923818759238025,4.759220779561056,0.0187685969329365,0.0685130083161669,4.0,-0.6531128542692075,-1.4211532338174744,-0.6534260511398315,-1.4213528633117676,1.1180805719243043
-0.04050893864987096,0.06244511830143509,5.112387404491078,0.0187685969329365,0.0685130083161669,4.0,-0.6541641464312198,-1.4201279905958766,-0.6547455787658691,-1.4200903177261353,1.2319363684378637
-0.04417535581521208,0.05971658317183795,4.982685499224764,0.0187685969329365,0.0685130083161669,4.0,-0.6550546693164903,-1.4193092469719863,-0.6553196310997009,-1.4195064306259155,1.2852790350892132
-0.046544929173946384,0.055359050710940105,4.7563099745574435,0.0187685969329365,0.0685130083161669,4.0,-0.6559181229983834,-1.4186418498260986,-0.6560893654823303,-1.4189567565917969,1.3443810611107587
-0.052626920429052516,0.05391019670200587,4.826162306504841,0.0187685969329365,0.0685130083161669,4.0,-0.657064910741744,-1.4178518859981653,-0.6575044393539429,-1.4179565906524658,1.427227574671334
-0.055683984464455494,0.05005843789094166,4.6435897467099805,0.0187685969329365,0.0685130083161669,4.0,-0.6581090381587854,-1.4172439553015654,-0.658329963684082,-1.4175223112106323,1.4806935689832506
-0.05753832944986643,0.04497240339395812,4.545207348846415,0.0187685969329365,0.0685130083161669,4.0,-0.6591225691310459,-1.4167792483644843,-0.6592565774917603,-1.4171468019485474,1.5457224777930731
-0.058344238167155685,0.0393663648919296,4.502051204227403,0.0187685969329365,0.0685130083161669,4.0,-0.6600964594950566,-1.4164302944553073,-0.6601547002792358,-1.4168354272842407,1.6137775286708154
-0.06358403149755151,0.036085660005220566,4.728218983555276,0.0187685969329365,0.0685130083161669,4.0,-0.6613763600789995,-1.4160173137786254,-0.6617550253868103,-1.4162544012069702,1.7117749617003706
-0.06568208479504385,0.03149806745545242,4.646556149784882,0.0187685969329365,0.0685130083161669,4.0,-0.6625324028968742,-1.4157432202384046,-0.6626840233802795,-1.4160747528076172,1.7726569910781294
-0.07345721291695226,0.02660505256967693,5.021256383243901,0.0187685969329365,0.0685130083161669,4.0,-0.6640973151888281,-1.4155627190688336,-0.6646592020988464,-1.4159163236618042,1.884733354307532
-0.0754327776886639,0.021609154628846043,4.910860652253942,0.0187685969329365,0.0685130083161669,4.0,-0.6654032314258937,-1.4154673075405657,-0.6655460000038147,-1.4158283472061155,1.938039425283587
-0.074733860602525,0.01622486847692719,4.691969159959508,0.0187685969329365,0.0685130083161669,4.0,-0.6665639517893835,-1.4154775059854412,-0.6665134429931641,-1.4158666133880615,1.996937458722074
-0.07976471145019379,0.009539916069540622,5.083343979372476,0.0187685969329365,0.0685130083161669,4.0,-0.6680922735420769,-1.4156598375815959,-0.6684558391571045,-1.4161429405212402,2.1091446806621463
-0.07950193134912682,0.004180582890945721,4.968821023459531,0.0187685969329365,0.0685130083161669,4.0,-0.6693511370324917,-1.4158614942498033,-0.6693321466445923,-1.416248798370361,2.1626705936961663
-0.0769042116461158,-0.0009117425466459664,4.737911263776732,0.0187685969329365,0.0685130083161669,4.0,-0.6704514376242428,-1.416131248874843,-0.6702637076377869,-1.4164992570877075,2.2214107707111905
-0.07348003615368823,-0.0060597667806151796,4.64764664880293,0.0187685969329365,0.0685130083161669,4.0,-0.6714555392800661,-1.4164861628483978,-0.6712080836296082,-1.416858196258545,2.2886197169443903
-0.0752696729763021,-0.013239026184712243,5.009905394812195,0.0187685969329365,0.0685130083161669,4.0,-0.6727495293457585,-1.417057726304269,-0.6728788614273071,-1.417576551437378,2.4025706579824164
-0.07300127008509026,-0.01763031894207345,4.906332093097937,0.0187685969329365,0.0685130083161669,4.0,-0.6738038843117553,-1.4175598507370877,-0.6736399531364441,-1.417877197265625,2.455793596027517
-0.0692044843436709,-0.021457752530565782,4.689837916514459,0.0187685969329365,0.0685130083161669,4.0,-0.6747209063475837,-1.4180949601965849,-0.6744465231895447,-1.418371558189392,2.5147897710043057
-0.06986209475169111,-0.027584911760394445,4.768152762304575,0.0187685969329365,0.0685130083161669,4.0,-0.6758716514706682,-1.4188433390825705,-0.6759191751480103,-1.4192861318588257,2.5973229454184823
-0.06733139690711974,-0.03186569416113062,4.595437967376856,0.0187685969329365,0.0685130083161669,4.0,-0.6768221453644754,-1.4195676920550666,-0.6766392588615417,-1.419877052307129,2.6505811407629247
-0.06332698174322085,-0.035506499664492305,4.503401495007159,0.0187685969329365,0.0685130083161669,4.0,-0.677634723443157,-1.4203182298902461,-0.677345335483551,-1.420581340789795,2.715564081915277
-0.06336043714337405,-0.042783123366580134,4.733504423538903,0.0187685969329365,0.0685130083161669,4.0,-0.6786501668239351,-1.421367377640855,-0.6786525845527649,-1.4218932390213013,2.81261304496811
-0.05605169695528865,-0.04163646952016889,4.33649625828731,0.0187685969329365,0.0685130083161669,4.0,-0.6791807669024343,-1.4219761045093702,-0.6786525845527649,-1.4218932390213013,2.819279269014607
-0.053863638794464645,-0.04795941170697862,5.0799552175105145,0.0187685969329365,0.0685130083161669,4.0,-0.6799329456894402,-1.4230602857061816,-0.679774820804596,-1.4235172271728516,2.936003132582121
-0.049831507181914585,-0.05163117817397618,5.050612641676821,0.0187685969329365,0.0685130083161669,4.0,-0.6805282073566035,-1.4240703697925263,-0.68023681640625,-1.4243357181549072,3.0082908109026323
-0.04486919356904291,-0.053516195924043344,4.9395544189442315,0.0187685969329365,0.0685130083161669,4.0,-0.6809974623547257,-1.4250210835822843,-0.68063884973526,-1.4251573085784912,3.076475713068259
-0.03958652041217377,-0.05444395077769917,4.839087096521202,0.0187685969329365,0.0685130083161669,4.0,-0.6813661419747726,-1.4259386748262586,-0.680984377861023,-1.426005721092224,-3.1385104531401584
-0.034323936895589616,-0.05492387223779763,4.754807034369579,0.0187685969329365,0.0685130083161669,4.0,-0.681651626912227,-1.4268415047338272,-0.6812713146209717,-1.426876187324524,-3.0702874714245443
-0.029526568566040905,-0.054883538293921806,4.485630776655698,0.0187685969329365,0.0685130083161669,4.0,-0.6818836650047945,-1.4277176202892998,-0.6815369725227356,-1.427714705467224,-3.0238348690981
-0.026678253847470173,-0.060858164728451285,4.9292699791289944,0.0187685969329365,0.0685130083161669,4.0,-0.6821677934320601,-1.4289907280944527,-0.6819619536399841,-1.4294224977493286,-2.9128381205640954
-0.02250785179696111,-0.0643099079386213,4.888070811749522,0.0187685969329365,0.0685130083161669,4.0,-0.6823189481443482,-1.4301926469100206,-0.6820175647735596,-1.4304420948028564,-2.84446519792088
-0.017815612997841505,-0.06551512795729073,4.793589883446934,0.0187685969329365,0.0685130083161669,4.0,-0.6823688787886838,-1.4313012802406695,-0.6820297837257385,-1.4313883781433103,-2.7765190296455553
-0.013016491443161016,-0.06517513010034623,4.714933568601568,0.0187685969329365,0.0685130083161669,4.0,-0.6823366677965077,-1.4323270456761912,-0.681989848613739,-1.432302474975586,-2.708299921851597
-0.008519178748721455,-0.069718837660083,4.917333915431658,0.0187685969329365,0.0685130083161669,4.0,-0.6822476228692983,-1.4336702236244188,-0.6819226145744324,-1.4339985847473145,-2.610564603975064
-0.003844038581624796,-0.07073711201023217,4.816467706727088,0.0187685969329365,0.0685130083161669,4.0,-0.6820748651029108,-1.434853041207954,-0.6817370057106018,-1.4349266290664673,-2.5496596459803276
0.001265566106188708,-0.07011091491422837,4.711288543049456,0.0187685969329365,0.0685130083161669,4.0,-0.6817985834705474,-1.4359434383008551,-0.6814293265342712,-1.4358981847763062,-2.4828896904410573
0.008294646680970717,-0.07407055652227838,5.072591204800638,0.0187685969329365,0.0685130083161669,4.0,-0.6813136552622984,-1.4373269773166777,-0.6808056831359863,-1.4376131296157837,-2.369098530518993
0.011006530405980548,-0.0675739023323658,4.787099887115681,0.0187685969329365,0.0685130083161669,4.0,-0.6810016634391638,-1.438082624766345,-0.6808056831359863,-1.4376131296157837,-2.3598534767760735
0.016241587608934155,-0.06800376428967571,5.178699562999209,0.0187685969329365,0.0685130083161669,4.0,-0.6804794792757788,-1.4391922245602504,-0.6801011562347412,-1.439223289489746,-2.2579785468857256
0.021249610774715183,-0.06644039743672053,5.102884812535999,0.0187685969329365,0.0685130083161669,4.0,-0.6798885429856242,-1.4401769335790788,-0.6795266270637512,-1.4400639533996582,-2.189323591681169
0.02550572475079608,-0.06342067213044865,4.974811114097339,0.0187685969329365,0.0685130083161669,4.0,-0.6792671856115445,-1.4410403516402708,-0.6789596080780029,-1.4408221244812012,-2.1214439143930255
0.03317113519934079,-0.06438829988673288,5.295564166843088,0.0187685969329365,0.0685130083161669,4.0,-0.6783523483070495,-1.4421190504253194,-0.6777983903884888,-1.4421889781951904,-2.00742535964049
0.037061015917980895,-0.0620412028414441,5.161658175137093,0.0187685969329365,0.0685130083161669,4.0,-0.677564457526409,-1.4429941011009992,-0.6772833466529846,-1.4428244829177856,-1.9538009187485914
0.03995940685683879,-0.05813012224964204,4.897947549780896,0.0187685969329365,0.0685130083161669,4.0,-0.6767798741582303,-1.4437282062457097,-0.6765704154968262,-1.4434455633163452,-1.8949544765730695
0.042905974376660314,-0.05358396328311213,4.780736821407499,0.0187685969329365,0.0685130083161669,4.0,-0.6759457316728731,-1.4443577502772404,-0.6757327914237976,-1.4440292119979858,-1.8277316636819905
0.04519972368276928,-0.04896386847712659,4.497075115083308,0.0187685969329365,0.0685130083161669,4.0,-0.6751076006779315,-1.444909668007554,-0.6749418377876282,-1.4445757865905762,-1.7817011652473165
0.0525636882483711,-0.047956250138873543,4.937261732317481,0.0187685969329365,0.0685130083161669,4.0,-0.6738975874046276,-1.4456264781708972,-0.6733654141426086,-1.4455536603927612,-1.6711954226203012
0.0571069529415588,-0.04464000508195684,4.894800863112415,0.0187685969329365,0.0685130083161669,4.0,-0.672756221803097,-1.4461745475184595,-0.6724278926849365,-1.4459348917007446,-1.6028058488505101
0.0592636637112116,-0.040039757232375815,4.799517185639698,0.0187685969329365,0.0685130083161669,4.0,-0.6716999345081746,-1.4465846739621022,-0.671544075012207,-1.4462522268295288,-1.5348256343276594
0.05988110387272243,-0.034869240037906805,4.719938392206311,0.0187685969329365,0.0685130083161669,4.0,-0.6707108980938198,-1.446883497018165,-0.6706662774085999,-1.446509838104248,-1.4666062450976691
0.06502610866165569,-0.03161835675863609,4.922072937787957,0.0187685969329365,0.0685130083161669,4.0,-0.6694126739488174,-1.4472264951469427,-0.669040858745575,-1.4469915628433228,-1.3688347344569873
0.06697467996199982,-0.02716228807434413,4.820916205380695,0.0187685969329365,0.0685130083161669,4.0,-0.6682434398668988,-1.4474378066278635,-0.6681026220321655,-1.447115778923035,-1.3079117690201794
0.06761483450700757,-0.021858057907257592,4.714951684646834,0.0187685969329365,0.0685130083161669,4.0,-0.6671295255878313,-1.4475217506670417,-0.6670832633972168,-1.447138428688049,-1.2411457219007405
0.07332348465925276,-0.016296024482436562,5.07580779578863,0.0187685969329365,0.0685130083161669,4.0,-0.6656703002295198,-1.4475037841404073,-0.6652577519416809,-1.4471018314361572,-1.1273585898584386
0.07374552492602963,-0.011555198056764396,4.972885788393009,0.0187685969329365,0.0685130083161669,4.0,-0.6644692241954718,-1.4474511135121115,-0.6644387245178223,-1.447108507156372,-1.0739614886503124
0.07218527000467409,-0.006637021532820634,4.739006290948502,0.0187685969329365,0.0685130083161669,4.0,-0.6633924412825811,-1.4473108653832507,-0.6635051965713501,-1.4469554424285889,-1.015099306879452
0.0701151874132347,-0.0013334073172100117,4.647437754292288,0.0187685969329365,0.0685130083161669,4.0,-0.6623743261862312,-1.4470664458771454,-0.6625239253044128,-1.4466831684112549,-0.9478900178814157
0.07349643358447479,0.005658578285568182,5.012701757689522,0.0187685969329365,0.0685130083161669,4.0,-0.6610289554328959,-1.4466255535217314,-0.6607846021652222,-1.446120262145996,-0.8339146361172319
0.07245726648997451,0.010314264021656718,4.915534622881586,0.0187685969329365,0.0685130083161669,4.0,-0.6599217098561186,-1.4462272377382355,-0.6599968075752258,-1.4458907842636108,-0.7805951875792452
0.06967334080412713,0.014565745673225638,4.696039211494883,0.0187685969329365,0.0685130083161669,4.0,-0.6589464336255567,-1.4457811521463695,-0.6591476202011108,-1.4454739093780518,-0.7214981494719098
0.06639013045898673,0.019048399018141263,4.612441074828407,0.0187685969329365,0.0685130083161669,4.0,-0.6580487069653722,-1.4452517605270192,-0.6582859754562378,-1.4449278116226196,-0.6543022689901652
0.0683516756149284,0.026258959217263324,4.827222056921164,0.0187685969329365,0.0685130083161669,4.0,-0.6568567908577735,-1.444470309719309,-0.6567150354385376,-1.4439492225646973,-0.5571132374218751
0.06688423013650749,0.031411354149213255,4.735946111018621,0.0187685969329365,0.0685130083161669,4.0,-0.6558601740780711,-1.443709551340492,-0.6559662222862244,-1.4433372020721436,-0.4964215927572512
0.06354409802958558,0.03564690873402913,4.644158227058862,0.0187685969329365,0.0685130083161669,4.0,-0.6550108361779995,-1.442926965214682,-0.65525221824646,-1.442620873451233,-0.42960884238366265
0.06331269770614228,0.043422081745320876,5.014953529084202,0.0187685969329365,0.0685130083161669,4.0,-0.6540094280448864,-1.4418426127721524,-0.6540261507034302,-1.441280722618103,-0.3156855595129558
0.05997444364264958,0.04670821277582412,4.923314233135105,0.0187685969329365,0.0685130083161669,4.0,-0.6532171105098207,-1.4409306195905902,-0.6534583568572998,-1.4406931400299072,-0.2622735657401609
0.058684914748515664,0.05425148583740348,5.129376191514445,0.0187685969329365,0.0685130083161669,4.0,-0.6523427677146074,-1.439684616748095,-0.6524359583854675,-1.439139485359192,-0.16562865823447634
0.054640383643086876,0.05674497429897362,4.914760240056715,0.0085145342183565,0.0685130083161669,4.0,-0.651671185339075,-1.4386517531940308,-0.651963472366333,-1.4384715557098389,-0.11897955491768879
0.049188351812358325,0.057516375744927635,4.580333549973517,0.0085145342183565,0.0685130083161669,4.0,-0.651157362657726,-1.4376928377225247,-0.651551365852356,-1.4376370906829834,-0.0680000170860327
0.04379447267547564,0.06464257451755666,5.012677113971744,0.0085145342183565,0.0685130083161669,4.0,-0.6507269281216594,-1.4363014762606725,-0.6511167287826538,-1.435786485671997,0.04250103253761139
0.0371455779384163,0.06697797251082702,4.911904131871204,0.0040588998245212,0.0685130083161669,4.0,-0.6504657623466178,-1.435112806347966,-0.6509462594985962,-1.4349440336227417,0.09637375190249216
0.02982608219827288,0.06725893700927615,4.695978428827596,0.002410925459678,0.0685130083161669,4.0,-0.6503553110444921,-1.4340225847590722,-0.6508842706680298,-1.4340022802352903,0.15530960185249187
0.02310133791872892,0.07168871808693413,4.766106416642333,0.002410925459678,0.0685130083161669,4.0,-0.6503226537861065,-1.4326535973633934,-0.6508086323738098,-1.4323334693908691,0.23718463718614158
0.01587187190227845,0.07203377268495799,4.591998515861755,0.002410925459678,0.0685130083161669,4.0,-0.6504309586304597,-1.4314837669706706,-0.6509534120559692,-1.431458830833435,0.2900357629307013
0.00839244333244935,0.07048736809530844,4.499085856612132,0.002410925459678,0.0685130083161669,4.0,-0.6506714594801601,-1.4304334564745451,-0.6512119770050049,-1.430545210838318,0.35490707854745296
0.0013285463795998315,0.06773135223469658,4.4623329841531305,0.002410925459678,0.0685130083161669,4.0,-0.6510041611819394,-1.4294878535528237,-0.6515146493911743,-1.4296870231628418,0.4228965166144369
-0.007441963302110897,0.06961069450523139,4.829995575240136,0.002410925459678,0.0685130083161669,4.0,-0.6515627061572353,-1.4282799121732537,-0.6521965265274048,-1.428144097328186,0.5372472812088418
-0.013402652801478421,0.06755802361233831,4.755165852186326,0.002410925459678,0.0685130083161669,4.0,-0.6520758274182378,-1.4273018392306134,-0.6525065898895264,-1.427450180053711,0.5901065641686578
-0.018327050212310354,0.06421641732171668,4.567441922438457,0.002410925459678,0.0685130083161669,4.0,-0.6526158124118331,-1.4264418180904095,-0.6529716849327087,-1.4266833066940308,0.6492139155609933
-0.018779730049178073,0.055046058931018306,3.818328095286317,0.002410925459678,0.0685130083161669,4.0,-0.6529389710184456,-1.4260205903684449,-0.6529716849327087,-1.4266833066940308,0.6491800331926691
-0.025274393468489954,0.054614085580949365,4.913943971539243,0.002410925459678,0.0685130083161669,4.0,-0.6536687965478629,-1.4251684103622966,-0.6541381478309631,-1.4251996278762815,0.7754126902278026
-0.030058202514920668,0.052565413558494783,4.910662469905828,0.002410925459678,0.0685130083161669,4.0,-0.6543894353626978,-1.424430018804724,-0.6547351479530334,-1.424578070640564,0.8525460528644686
-0.033689137846044895,0.049604326969596726,4.825989539757883,0.002410925459678,0.0685130083161669,4.0,-0.65511040083322,-1.4237847239914836,-0.6553727984428406,-1.4239987134933472,0.9208965000771295
-0.03621328577781078,0.046227402367778905,4.53967913314876,0.002410925459678,0.0685130083161669,4.0,-0.6558162936586961,-1.423214296823957,-0.655998706817627,-1.4234583377838137,0.9670614636165673
-0.03748892133165425,0.04274378472690122,4.3047792014410176,0.002410925459678,0.0685130083161669,4.0,-0.6564800360719026,-1.422704953723988,-0.6565722227096558,-1.4229567050933838,1.0183589327741156
-0.045348867786248415,0.04302134274645149,4.898873945218689,0.002410925459678,0.0685130083161669,4.0,-0.6575994649271285,-1.4220027043354795,-0.6581674814224243,-1.4219826459884644,1.1445570632348432
-0.05018075970072415,0.0410175413002088,4.871939747028062,0.002410925459678,0.0685130083161669,4.0,-0.6586444739980212,-1.42144683035479,-0.658993661403656,-1.4215916395187378,1.2137957042944647
-0.052699805496010714,0.03751727303770135,4.781676338538185,0.002410925459678,0.0685130083161669,4.0,-0.6596138954806315,-1.421021945772836,-0.6597959399223328,-1.4212749004364014,1.2819178069996717
-0.05868618821316936,0.035330442880460555,4.977517924950033,0.0,0.0,0.0,-0.6608528407465073,-1.4205662365875296,-0.6612854599952698,-1.4207242727279663,1.379504745674619
-0.06132739168316902,0.03160132217893246,4.859706946259157,0.0,0.0,0.0,-0.6619664246969014,-1.4202474745798574,-0.6621572971343994,-1.4205169677734375,1.4404102916519035
-0.0617425714831075,0.02718692266358128,4.451383813541094,0.0,0.0,0.0,-0.662975109710915,-1.42003368098269,-0.6630051136016846,-1.4203526973724363,1.4780385297713459
-0.05871765037916775,0.022424531895160395,3.666047914362907,0.0,0.0,0.0,-0.6637630190725453,-1.4199135228177806,-0.6635444164276123,-1.4202576875686646,1.4818745479907058
-0.050276987561514185,0.017323779232303962,2.910888339711729,0.0,0.0,0.0,-0.6641445053102002,-1.4198919313665903,-0.6635345220565796,-1.4202605485916138,1.480119603828768
-0.04003515781537368,0.012651609755335856,2.3958073165983316,0.0,0.0,0.0,-0.6642718692221651,-1.4199236191385651,-0.6635317206382751,-1.420261263847351,1.4822991145432105
-0.030051973238941983,0.008747809045186824,1.9984617554788546,0.0,0.0,0.0,-0.6642524623985308,-1.4199792662240995,-0.6635310053825378,-1.4202613830566406,1.4833541141455897
-0.021361213880228824,0.005696679803048242,1.6765448397603384,0.0,0.0,0.0,-0.6641587643951873,-1.420041005631656,-0.663530707359314,-1.4202615022659302,1.483757649557397
-0.01435247521971542,0.003444518722914076,1.4135346712850567,0.0,0.0,0.0,-0.6640372094319918,-1.4200987448411857,-0.663530707359314,-1.4202615022659302,1.4839818124890254
-0.009032583826459734,0.0018700347496557377,1.1959383419335354,0.0,0.0,0.0,-0.6639151611316148,-1.4201477186831086,-0.663530707359314,-1.4202615022659302,1.4841047858896337
-0.005209827630620447,0.0008315248595262344,1.0141949700470154,0.0,0.0,0.0,-0.6638069673299479,-1.4201864520411571,-0.663530707359314,-1.4202615022659302,1.4841674966446259
-0.002610973936139102,0.00019301054750134978,0.8614347047923194,0.0,0.0,0.0,-0.6637185192961832,-1.4202153586103967,-0.663530707359314,-1.4202615022659302,1.4841970312140425
-0.0009518087097502715,-0.0001627741700378928,0.7324749182131817,0.0,0.0,0.0,-0.6636506106210542,-1.4202357906927656,-0.663530707359314,-1.4202615022659302,1.4842083965444595
2.4754167767181536e-05,-0.0003297633872789685,0.6232799025658557,0.0,0.0,0.0,-0.6636012808455747,-1.4202494344190972,-0.663530707359314,-1.4202615022659302,1.4842099788537375
0.0005319068837177861,-0.00037884462962342304,0.5306296498608344,0.0,0.0,0.0,-0.6635673578772224,-1.4202579553008938,-0.663530707359314,-1.4202615022659302,1.484206532246716
0.0007352669025532652,-0.0003606726822714815,0.4519063384195775,0.0,0.0,0.0,-0.6635454036229399,-1.4202628155020836,-0.663530707359314,-1.4202615022659302,1.484200743315645
0.0007564556027927511,-0.0003094785889332411,0.38495195524630804,0.0,0.0,0.0,-0.663532238607818,-1.4202652019208382,-0.663530707359314,-1.4202615022659302,1.4841941090091613
0.0006800543983878791,-0.0002469579580570413,0.32796957765715296,0.0,0.0,0.0,-0.6635251860565147,-1.420266020458241,-0.663530707359314,-1.4202615022659302,1.484187439355269
0.0005615204493967942,-0.00018575109245907458,0.27945223229282246,0.0,0.0,0.0,-0.6635221412401084,-1.420265925516074,-0.663530707359314,-1.4202615022659302,1.4841811486988878
0.00043468824881843756,-0.00013230754775616827,0.23812976000026495,0.0,0.0,0.0,-0.6635215415485187,-1.4202653644824395,-0.663530707359314,-1.4202615022659302,1.4841754256930275
0.00031818754098782327,-8.909798368995125e-05,0.20292786547133113,0.0,0.0,0.0,-0.6635222881767987,-1.4202646249010888,-0.663530707359314,-1.4202615022659302,1.4841703327856173
0.00022055320034727996,-5.622938484219031e-05,0.17293572649604938,0.0,0.0,0.0,-0.6635236515967446,-1.4202638775882597,-0.663530707359314,-1.4202615022659302,1.4841658643179982
0.00014406113700804783,-3.256192393364349e-05,0.1473798422232868,0.0,0.0,0.0,-0.6635251794903918,-1.4202632126475816,-0.663530707359314,-1.4202615022659302,1.484161980200971
8.745532688290434e-05,-1.6436415226959532e-05,0.12560258698499369,0.0,0.0,0.0,-0.6635266166146675,-1.4202626676116477,-0.663530707359314,-1.4202615022659302,1.4841586251593895
4.778040609827827e-05,0.0,0.10704442007229154,0.0,0.0,0.0,-0.663527840163006,-1.4202622482177547,-0.663530707359314,-1.4202615022659302,1.4841557394676246
2.1535243346686636e-05,0.0,0.09122900603384049,0.0,0.0,0.0,-0.6635288106943111,-1.4202619429345538,-0.663530707359314,-1.4202615022659302,1.4841532646977758
0.0,0.0,0.07775069662744535,0.0,0.0,0.0,-0.6635295368660086,-1.4202617325453981,-0.663530707359314,-1.4202615022659302,1.4841511465758503
0.0,0.0,0.06626395672439847,0.0,0.0,0.0,-0.6635300514541875,-1.420261596041929,-0.663530707359314,-1.4202615022659302,1.4841493361895526
0.0,0.0,0.056474407174645636,0.0,0.0,0.0,-0.6635303960412139,-1.4202615139092012,-0.663530707359314,-1.4202615022659302,1.4841477902821723
0.0,0.0,0.048131222729204004,0.0,0.0,0.0,-0.6635306120005096,-1.4202614696686793,-0.663530707359314,-1.4202615022659302,1.4841464710627608
0.0,0.0,0.04102067151186533,0.0,0.0,0.0,-0.6635307358124666,-1.4202614503329798,-0.663530707359314,-1.4202615022659302,1.4841453457813314
0.0,0.0,0.03496061968332526,0.0,0.0,0.0,-0.6635307971839287,-1.4202614462396916,-0.663530707359314,-1.4202615022659302,1.4841443862101031
0.0,0.0,0.029795854236082747,0.0,0.0,0.0,-0.6635308188492895,-1.4202614505801276,-0.663530707359314,-1.4202615022659302,1.484143568108292
0.0,0.0,0.025394100458099755,0.0,0.0,0.0,-0.6635308172728223,-1.4202614588232458,-0.663530707359314,-1.4202615022659302,1.4841428707108542
0.0,0.0,0.021642629926826723,0.0,0.0,0.0,-0.6635308037404739,-1.420261468151428,-0.663530707359314,-1.4202615022659302,1.48414227626026
0.0,0.0,0.01844537090789167,0.0,0.0,0.0,-0.6635307855288175,-1.4202614769676956,-0.663530707359314,-1.4202615022659302,1.4841417695883492
0.0,0.0,0.015720446416924903,0.0,0.0,0.0,-0.6635307669791378,-1.4202614844972095,-0.663530707359314,-1.4202615022659302,1.4841413377488228
0.0,0.0,0.0133980764569251,0.0,0.0,0.0,-0.6635307503977779,-1.4202614904840907,-0.663530707359314,-1.4202615022659302,1.4841409696975418
0.0,0.0,0.011418790447597152,0.0,0.0,0.0,-0.6635307367616451,-1.4202614949730754,-0.663530707359314,-1.4202615022659302,1.4841406560163275
0.0,0.0,0.009731903911111865,0.0,0.0,0.0,-0.663530726240385,-1.4202614981607258,-0.663530707359314,-1.4202615022659302,1.4841403886754243
0.0,0.0,0.008294220308447356,0.0,0.0,0.0,-0.6635307185624307,-1.4202615003001673,-0.663530707359314,-1.4202615022659302,1.4841401608298415
0.0,0.0,0.0070689247235658,0.0,0.0,0.0,-0.6635307132571907,-1.420261501644798,-0.663530707359314,-1.4202615022659302,1.484139966645107
0.0,0.0,0.006024641028007557,0.0,0.0,0.0,-0.6635307098045448,-1.4202615024188583,-0.663530707359314,-1.4202615022659302,1.4841398011483793
0.0,0.0,0.005134628359091165,0.0,0.0,0.0,-0.6635307077186466,-1.4202615028054326,-0.663530707359314,-1.4202615022659302,1.4841396601013628
0.0,0.0,0.004376096320543163,0.0,0.0,0.0,-0.6635307065877268,-1.4202615029449415,-0.663530707359314,-1.4202615022659302,1.4841395398918789
0.0,0.0,0.0037296213603813812,0.0,0.0,0.0,-0.6635307060863149,-1.4202615029392884,-0.663530707359314,-1.4202615022659302,1.4841394374414083
0.0,0.0,0.00317864937484778,0.0,0.0,0.0,-0.6635307059716437,-1.4202615028584773,-0.663530707359314,-1.4202615022659302,1.4841393501262612
0.0,0.0,0.002709071797581358,0.0,0.0,0.0,-0.663530706072209,-1.4202615027477585,-0.663530707359314,-1.4202615022659302,1.484139275710385
0.0,0.0,0.002308864316238209,0.0,0.0,0.0,-0.6635307062735545,-1.4202615026342225,-0.663530707359314,-1.4202615022659302,1.4841392122880905
0.0,0.0,0.0019677789635156573,0.0,0.0,0.0,-0.6635307065042519,-1.4202615025323428,-0.663530707359314,-1.4202615022659302,1.4841391582352408
0.0,0.0,0.0016770816967918564,0.0,0.0,0.0,-0.6635307067236037,-1.4202615024483312,-0.663530707359314,-1.4202615022659302,1.4841391121676517
0.0,0.0,0.0014293287458640109,0.0,0.0,0.0,-0.6635307069116668,-1.420261502383365,-0.663530707359314,-1.4202615022659302,1.484139072905636
0.0,0.0,0.0012181760013306978,0.0,0.0,0.0,-0.6635307070616441,-1.4202615023358574,-0.663530707359314,-1.4202615022659302,1.4841390394437932
0.0,0.0,0.0010382165621742375,0.0,0.0,0.0,-0.6635307071743893,-1.4202615023029608,-0.663530707359314,-1.4202615022659302,1.484139010925255
0.0,0.0,0.0008848422826309435,0.0,0.0,0.0,-0.6635307072546536,-1.4202615022814986,-0.663530707359314,-1.4202615022659302,1.4841389866197428
0.0,0.0,0.0007541257727361103,0.0,0.0,0.0,-0.6635307073086736,-1.4202615022684897,-0.663530707359314,-1.4202615022659302,1.4841389659048645
0.0,0.0,0.000642719830916385,0.0,0.0,0.0,-0.6635307073427412,-1.4202615022613998,-0.663530707359314,-1.4202615022659302,1.4841389482501761
0.0,0.0,0.0005477717333765407,0.0,0.0,0.0,-0.6635307073624496,-1.4202615022582208,-0.663530707359314,-1.4202615022659302,1.4841389332035966
0.0,0.0,0.00046685018545096046,0.0,0.0,0.0,-0.6635307073723797,-1.420261502257452,-0.663530707359314,-1.4202615022659302,1.4841389203798312
0.0,0.0,0.00039788306439430074,0.0,0.0,0.0,-0.663530707376055,-1.420261502258031,-0.663530707359314,-1.4202615022659302,1.4841389094505055
0.0,0.0,0.0003391043593479435,0.0,0.0,0.0,-0.6635307073760387,-1.4202615022592466,-0.663530707359314,-1.4202615022659302,1.4841389001357554
0.0,0.0,0.0002890089498293924,0.0,0.0,0.0,-0.6635307073740964,-1.4202615022606542,-0.663530707359314,-1.4202615022659302,1.4841388921970617
0.0,0.0,0.00024631406472739816,0.0,0.0,0.0,-0.6635307073713727,-1.4202615022619995,-0.663530707359314,-1.4202615022659302,1.4841388854311408
0.0,0.0,0.00020992643493601663,0.0,0.0,0.0,-0.6635307073685559,-1.4202615022631566,-0.663530707359314,-1.4202615022659302,1.4841388796647401
0.0,0.0,0.0001789142984823264,0.0,0.0,0.0,-0.6635307073660163,-1.4202615022640817,-0.663530707359314,-1.4202615022659302,1.4841388747502022
0.0,0.0,0.00015248354128237436,0.0,0.0,0.0,-0.663530707363915,-1.4202615022647784,-0.663530707359314,-1.4202615022659302,1.4841388705616825
0.0,0.0,0.00012995736262040413,0.0,0.0,0.0,-0.6635307073622856,-1.4202615022652754,-0.663530707359314,-1.4202615022659302,1.4841388669919269
0.0,0.0,0.00011075894459678257,0.0,0.0,0.0,-0.663530707361091,-1.4202615022656107,-0.663530707359314,-1.4202615022659302,1.484138863949526
0.0,0.0,9.439668181810124e-05,0.0,0.0,0.0,-0.6635307073602617,-1.4202615022658227,-0.663530707359314,-1.4202615022659302,1.484138861356575
0.0,0.0,8.045159306780498e-05,0.0,0.0,0.0,-0.6635307073597189,-1.420261502265946,-0.663530707359314,-1.4202615022659302,1.4841388591466773
0.0,0.0,6.856659262339692e-05,0.0,0.0,0.0,-0.6635307073593887,-1.4202615022660086,-0.663530707359314,-1.4202615022659302,1.4841388572632443
0.0,0.0,5.8437346547607935e-05,0.0,0.0,0.0,-0.6635307073592076,-1.420261502266032,-0.663530707359314,-1.4202615022659302,1.4841388556580488
0.0,0.0,4.980447971529362e-05,0.0,0.0,0.0,-0.6635307073591253,-1.4202615022660325,-0.663530707359314,-1.4202615022659302,1.484138854289986
0.0,0.0,4.244693413273099e-05,0.0,0.0,0.0,-0.6635307073591041,-1.420261502266021,-0.663530707359314,-1.4202615022659302,1.4841388531240256
0.0,0.0,3.617630838729824e-05,0.0,0.0,0.0,-0.6635307073591173,-1.4202615022660046,-0.663530707359314,-1.4202615022659302,1.4841388521303107
0.0,0.0,3.0832033339527013e-05,0.0,0.0,0.0,-0.663530707359147,-1.4202615022659872,-0.663530707359314,-1.4202615022659302,1.4841388512833953
0.0,0.0,2.627726052148175e-05,0.0,0.0,0.0,-0.6635307073591817,-1.4202615022659717,-0.663530707359314,-1.4202615022659302,1.4841388505615947
0.0,0.0,2.239535786616073e-05,0.0,0.0,0.0,-0.6635307073592152,-1.4202615022659586,-0.663530707359314,-1.4202615022659302,1.484138849946424
0.0,0.0,1.9086923218805515e-05,0.0,0.0,0.0,-0.663530707359244,-1.4202615022659486,-0.663530707359314,-1.4202615022659302,1.4841388494221317
0.0,0.0,1.6267238955519256e-05,0.0,0.0,0.0,-0.6635307073592672,-1.4202615022659413,-0.663530707359314,-1.4202615022659302,1.4841388489752922
0.0,0.0,1.3864102674842811e-05,0.0,0.0,0.0,-0.6635307073592848,-1.4202615022659362,-0.663530707359314,-1.4202615022659302,1.4841388485944638
0.0,0.0,1.1815978331082018e-05,0.0,0.0,0.0,-0.6635307073592973,-1.4202615022659326,-0.663530707359314,-1.4202615022659302,1.4841388482698945
0.0,0.0,1.0070420509462656e-05,0.0,0.0,0.0,-0.6635307073593057,-1.4202615022659306,-0.663530707359314,-1.4202615022659302,1.4841388479932736
0.0,0.0,0.0,0.0,0.0,0.0,-0.6635307073593111,-1.4202615022659295,-0.663530707359314,-1.4202615022659302,1.4841388477575177
0.0,0.0,0.0,0.0,0.0,0.0,-0.6635307073593142,-1.420261502265929,-0.663530707359314,-1.4202615022659302,1.4841388475565889
0.0,0.0,0.0,0.0,0.0,0.0,-0.6635307073593159,-1.4202615022659288,-0.663530707359314,-1.4202615022659302,1.4841388473853439
0.0,0.0,0.0,0.0,0.0,0.0,-0.6635307073593164,-1.420261502265929,-0.663530707359314,-1.4202615022659302,1.4841388472393964
0.0,0.0,0.0,0.0,0.0,0.0,-0.6635307073593164,-1.4202615022659293,-0.663530707359314,-1.4202615022659302,1.484138847115009
0.0,0.0,0.0,0.0,0.0,0.0,-0.6635307073593162,-1.4202615022659295,-0.663530707359314,-1.4202615022659302,1.4841388470089978
0.0,0.0,0.0,0.0,0.0,0.0,-0.6635307073593159,-1.4202615022659295,-0.663530707359314,-1.4202615022659302,1.4841388469186474
0.0,0.0,0.0,0.0,0.0,0.0,-0.6635307073593154,-1.4202615022659297,-0.663530707359314,-1.4202615022659302,1.4841388468416443
0.0,0.0,0.0,0.0,0.0,0.0,-0.663530707359315,-1.4202615022659297,-0.663530707359314,-1.4202615022659302,1.4841388467760166
0.0,0.0,0.0,0.0,0.0,0.0,-0.6635307073593146,-1.42026150226593,-0.663530707359314,-1.4202615022659302,1.4841388467200842
0.0,0.0,0.0,0.0,0.0,0.0,-0.6635307073593144,-1.42026150226593,-0.663530707359314,-1.4202615022659302,1.4841388466724144
0.0,0.0,0.0,0.0,0.0,0.0,-0.6635307073593143,-1.42026150226593,-0.663530707359314,-1.4202615022659302,1.484138846631787
0.0,0.0,0.0,0.0,0.0,0.0,-0.6635307073593142,-1.42026150226593,-0.663530707359314,-1.4202615022659302,1.484138846597161
