vx,vy,omega,vx_cmd,vy_cmd,omega_cmd,filtered_x,filtered_y,x,y,filtered_theta
0.0,0.0,0.0,0.0,0.0,0.0,-0.9653787016868592,0.5366368293762207,-0.9653787016868592,0.5366368293762207,0.0
0.0,0.0,0.0,0.0,0.0,0.0,-0.9653787016868592,0.5366368293762207,-0.9653787016868592,0.5366368293762207,0.0
0.0,0.0,0.0,0.0,0.0,0.0,-0.9653787016868592,0.5366368293762207,-0.9653787016868592,0.5366368293762207,0.0
0.0,0.0,0.0,0.0,0.0,0.0,-0.9653787016868592,0.5366368293762207,-0.9653787016868592,0.5366368293762207,0.0
0.0,0.0,0.0,0.0,0.0,0.0,-0.9653787016868592,0.5366368293762207,-0.9653787016868592,0.5366368293762207,0.0
0.0,0.0,0.0,0.0,0.0,0.0,-0.9653787016868592,0.5366368293762207,-0.9653787016868592,0.5366368293762207,0.0
0.0,0.0,0.0,0.0,0.0,0.0,-0.9653787016868592,0.5366368293762207,-0.9653787016868592,0.5366368293762207,0.0
0.0,0.0,0.0,0.0,0.0,0.0,-0.9653787016868592,0.5366368293762207,-0.9653787016868592,0.5366368293762207,0.0
0.0,0.0,0.0,0.0,0.0,0.0,-0.9653787016868592,0.5366368293762207,-0.9653787016868592,0.5366368293762207,0.0
0.0,0.0,0.0,0.0,0.0,0.0,-0.9653787016868592,0.5366368293762207,-0.9653787016868592,0.5366368293762207,0.0
0.0,0.0,0.0,0.0,0.0,0.0,-0.9653787016868592,0.5366368293762207,-0.9653787016868592,0.5366368293762207,0.0
0.0,0.0,0.0,0.0,0.0,0.0,-0.9653787016868592,0.5366368293762207,-0.9653787016868592,0.5366368293762207,0.0
0.0,0.0,0.0,0.0,0.0,0.0,-0.9653787016868592,0.5366368293762207,-0.9653787016868592,0.5366368293762207,0.0
0.0,0.0,0.0,0.0,0.0,0.0,-0.9653787016868592,0.5366368293762207,-0.9653787016868592,0.5366368293762207,0.0
0.0,0.0,0.0,0.0,0.0,0.0,-0.9653787016868592,0.5366368293762207,-0.9653787016868592,0.5366368293762207,0.0
0.0,0.0,0.0,0.0,0.0,0.0,-0.9653787016868592,0.5366368293762207,-0.9653787016868592,0.5366368293762207,0.0
0.0,0.0,0.0,0.0,0.0,0.0,-0.9653787016868592,0.5366368293762207,-0.9653787016868592,0.5366368293762207,0.0
0.0,0.0,0.0,0.0,0.0,0.0,-0.9653787016868592,0.5366368293762207,-0.9653787016868592,0.5366368293762207,0.0
0.0,0.0,0.0,0.0,0.0,0.0,-0.9653787016868592,0.5366368293762207,-0.9653787016868592,0.5366368293762207,0.0
0.0,0.0,0.0,0.0,0.0,0.0,-0.9653787016868592,0.5366368293762207,-0.9653787016868592,0.5366368293762207,0.0
0.0,0.0,0.0,0.0,0.0,0.0,-0.9653787016868592,0.5366368293762207,-0.9653787016868592,0.5366368293762207,0.0
0.0,0.0,0.0,0.0,0.0,0.0,-0.9653787016868592,0.5366368293762207,-0.9653787016868592,0.5366368293762207,0.0
0.0,0.0,0.0,0.0,0.0,0.0,-0.9653787016868592,0.5366368293762207,-0.9653787016868592,0.5366368293762207,0.0
0.0,0.0,0.0,-0.0678416113527122,0.1232013427939269,-0.0112916762035553,-0.9653787016868592,0.5366368293762207,-0.9653787016868592,0.5366368293762207,0.0
0.0,0.0,0.0,-0.0818799114976729,0.7053635461966887,-0.0112916762035553,-0.9653787016868592,0.5366368293762207,-0.9653787016868592,0.5366368293762207,0.0
-0.002854554911591349,0.00594774320495917,-0.004778087840003444,-0.0886549172198061,1.243335622186618,-0.0112916762035553,-0.9655674108847397,0.5370300233711407,-0.9657737016677856,0.5374598503112793,-0.0005180120293274137
-0.0042539292932692475,0.013262983030265123,0.01999523913734213,-0.0886549172198061,2.0,-0.0112916762035553,-0.9657055937397674,0.5376087838415546,-0.9658067226409912,0.5381374359130859,0.0020915831504070394
-0.005579230301131536,0.02781059889325447,0.04158343363690174,-0.0649118791485465,2.0,-0.0112916762035553,-0.9658612697351906,0.5387827067612858,-0.9659570455551147,0.5398340225219727,0.004753286573338356
-0.006932285327426737,0.051715636091930944,0.055746491701935845,-0.0521553368429084,2.0,-0.0112916762035553,-0.96603998531299,0.5408079928624968,-0.9661377668380736,0.5425355434417725,0.006955182826017691
-0.009505404106984493,0.10903123550266827,0.052190416220516525,-0.0484931715877012,2.0,-0.0112916762035553,-0.9663210058658704,0.5454244682848531,-0.9665069580078124,0.5495665073394775,0.00746136654281874
-0.011460635157543074,0.1508782450028297,0.042060480593903264,-0.0423895628290227,2.0,-0.0112916762035553,-0.9666023489377018,0.5499353942625761,-0.9667436480522156,0.5529595613479614,0.007197843944590854
-0.012701686039932974,0.18775056605201862,0.05163252280212612,-0.040314335851072,2.0,-0.0112916762035553,-0.9668677626139914,0.5547870052082977,-0.9669574499130248,0.5574516654014587,0.008908774930341918
-0.01319494227123264,0.214771564770107,0.02579092110856588,-0.040314335851072,2.0,-0.0112916762035553,-0.9671035978221185,0.5595773211079638,-0.9671392440795898,0.5615300536155701,0.006931901296596345
-0.015184582539384407,0.27204492135770025,0.03367624081188115,-0.040314335851072,2.0,-0.0112916762035553,-0.9674462482331935,0.5667998988403755,-0.967590034008026,0.5709388852119446,0.008199570636156376
-0.015820038586526503,0.315979813935318,0.044332724686354234,-0.040314335851072,2.0,-0.0112916762035553,-0.967731210344752,0.5740570697862275,-0.967777132987976,0.5772321224212646,0.009894360100560452
-0.01795171320239042,0.40519138503317254,0.04202115847645325,-0.040314335851072,2.0,-0.0112916762035553,-0.9681252519175019,0.585010354134066,-0.9682793021202089,0.5914574265480042,0.010352920962903562
-0.019306693120451454,0.4552153173949026,0.03780596373374929,-0.040314335851072,2.0,-0.0112916762035553,-0.9685020544745504,0.5948004033396306,-0.9685999751091005,0.5984154939651489,0.010568077943718748
-0.022195809029047563,0.5421800587909873,0.03850893603387294,0.0,0.0,0.0,-0.9690019555233625,0.6078329221028145,-0.9692107439041138,0.6141176223754883,0.011249216161959352
-0.023651190908386358,0.5805123460378371,0.03470921393459538,-0.0114442664225222,2.0,-0.0112916762035553,-0.969453300996369,0.619041877662071,-0.9695584774017334,0.6218120455741882,0.011453219778069654
-0.024518174934443172,0.5868454391767498,0.027034751262579034,-0.0016784924086366,2.0,-0.0112916762035553,-0.9698890347162397,0.6287487439433047,-0.9699516892433168,0.6292064189910889,0.011176189538662026
-0.028673851139872183,0.6277932033726698,0.04012011270920585,0.005523765926604,2.0,-0.0112916762035553,-0.9705560493668447,0.6408452497963038,-0.9708563685417176,0.6438044309616089,0.013027885829219965
-0.031220612845006553,0.6286692837756938,0.05220309055248606,-0.0259708552681772,2.0,-0.0112916762035553,-0.9711831925585772,0.6509478570597869,-0.9713672399520874,0.6510111689567566,0.014980790502350358
-0.033198635376376205,0.6728444921014498,0.03381860830800234,-0.0718699931334401,2.0,-0.0112916762035553,-0.9718134856723089,0.6639269046206066,-0.971956431865692,0.6671193242073059,0.013821593435064134
-0.032512692858560115,0.675265542056428,0.023481794780017166,-0.1420004577706568,2.0,-0.0112916762035553,-0.9722993174828419,0.6748524675029709,-0.9722497463226318,0.6750274300575256,0.01324169148197937
-0.031334074054729356,0.6635049518962566,0.036870630622316825,-0.2210421911955444,2.0,-0.0112916762035553,-0.9727416043206771,0.6848792459239038,-0.9726564288139344,0.6840293407440186,0.015069400040363935
-0.031879750102071606,0.6526181442191873,0.03994805190640866,-0.2640115968566414,1.990600442511635,-0.0112916762035553,-0.9732790231114045,0.694775619000678,-0.9733184576034546,0.6939888596534729,0.01599320831381742
-0.041021022787536165,0.7096052299650367,0.025129505808290695,-0.3166247043564507,1.811764705882353,-0.0112916762035553,-0.9743934112675556,0.7089848171822342,-0.9750540256500244,0.7131031155586243,0.01502502105844182
-0.05009976296659173,0.7332990187603701,0.019602339556587182,-0.3301136797131303,1.6841992828259709,-0.0112916762035553,-0.9756499258815853,0.721904852183671,-0.9763060212135316,0.7236171364784241,0.014827653231331905
-0.07586825055311561,0.8215937674800483,-0.017935481181259573,-0.3389639124132142,1.5385061417563133,-0.0112916762035553,-0.9781550278029593,0.7394746344235512,-0.9800172448158264,0.745855450630188,0.011069523686672609
-0.09480432285002734,0.851352056371219,-0.0036240138615899406,-0.348485542076753,1.0005340657663844,-0.0112916762035553,-0.9806207475431985,0.754587398594527,-0.9819892048835754,0.7567379474639893,0.012335313842813734
-0.1303792485834095,0.9352442507949228,-0.028708013242980498,-0.357579919127184,0.9272907606622416,-0.0112916762035553,-0.9844894074010234,0.7737549849434139,-0.9870603084564208,0.7798176407814026,0.009557447754157055
-0.13388300255165334,0.8709173741012703,-0.02472580243986653,-0.3626459143968872,0.8360418097199969,-0.0112916762035553,-0.9868071018905851,0.7844663654596088,-0.9870603084564208,0.7798176407814026,0.009530255064135157
-0.1698736387191564,0.899466043795148,-0.08392274751408389,-0.2416723887998779,0.6146028839551385,-0.0112916762035553,-0.9913285024499355,0.8002883417115597,-0.9939294457435608,0.8023514747619629,0.0027156202657078097
-0.16902785982218446,0.810372673589896,-0.07219216752189327,-0.1152666514076448,0.4918593118181125,-0.0112916762035553,-0.9939905678348662,0.8087900051247868,-0.9939294457435608,0.8023514747619629,0.0026490622167117356
-0.2192220569469904,0.8388375147823823,-0.0737593673739446,0.0102235446707865,0.3723506523231861,-0.0112916762035553,-1.0000132565164477,0.823637724425734,-1.0036406517028809,0.8256947994232178,0.0013241127867559155
-0.22008812377819323,0.7567106932961565,-0.06298304658940038,0.137666895551995,0.2696269169146257,-0.0112916762035553,-1.0035780634589286,0.8316298766632313,-1.0036406517028809,0.8256947994232178,0.001312822159326802
-0.23647310681376466,0.7839682906749426,-0.043103728499561844,0.6267490653849088,0.1846036469062333,-0.0112916762035553,-1.008182653510762,0.8455391956866067,-1.009366750717163,0.8475090265274048,0.002460544743152464
-0.22064408315493395,0.7850810769448894,-0.040541828518829516,0.7940489814602882,0.0663767452506294,-0.0112916762035553,-1.0109197965656036,0.8581562525216774,-1.0097758769989014,0.8582366704940796,0.002048615759250907
-0.1783738890420855,0.7713590502952998,-0.05230423967691929,1.373159380483711,-0.0046082246128023,-0.0112916762035553,-1.011655699742775,0.8698104126643075,-1.0086009502410889,0.8688187599182129,0.00012425919354955346
-0.09115205957444868,0.8193216540120523,-0.13674550409392436,2.0,-0.0427557793545432,-0.0112916762035553,-1.0087436126792617,0.8853228739967709,-1.002440333366394,0.8887889981269836,-0.009881254024315672
-0.006417852029469276,0.8119873087565429,-0.15005786176311542,2.0,-0.067109178301671,-0.0112916762035553,-1.0046004282992003,0.8979471608428512,-0.9984769225120544,0.8974171280860901,-0.01352654855632899
0.1121149581134132,0.8220048901202266,0.03519783524054107,2.0,-0.0701609826810103,-0.0112916762035553,-0.9968671352508883,0.9116012010378337,-0.9883010983467102,0.9123251438140868,0.004158273882133084
0.20282693159125265,0.778743104254236,0.14099623814209655,2.0,-0.0761425192645153,-0.0112916762035553,-0.989076499849106,0.9218933248812251,-0.9825209975242616,0.9187669157981871,0.016435801961438595
0.3134749238894426,0.7412963114083715,0.3172111118300341,2.0,-0.0761425192645153,-0.0112916762035553,-0.9785165405770868,0.931877678281738,-0.970520317554474,0.9291715025901794,0.03830739168204035
0.3772381029577685,0.6702066860182767,0.3650173779695862,2.0,-0.0807202258335242,-0.0112916762035553,-0.9692856792764349,0.9390388193112279,-0.9646776914596558,0.9339013695716858,0.04884568725992864
0.4135380012630496,0.5837661126302967,0.38039201160792396,2.0,-0.0807202258335242,-0.0112916762035553,-0.9608501523787399,0.9440477043531511,-0.9582268595695496,0.9378008842468262,0.05637596730911974
0.4372429507879376,0.49489120653065066,0.3758931998762293,2.0,-0.0807202258335242,-0.0112916762035553,-0.952666455221927,0.9475126111143386,-0.9509533643722534,0.9410898685455322,0.06197304954952023
0.4553133505771536,0.4085812591965826,0.3564506806194952,2.0,-0.0807202258335242,-0.0112916762035553,-0.9444759682412824,0.9497250839244901,-0.9431700706481934,0.9434877038002014,0.06588482775426598
0.47565623589277994,0.3304548505483217,0.3309383310113562,2.0,-0.0823682001983674,-0.0112916762035553,-0.9358461251671367,0.9510975957582901,-0.9343760013580322,0.9454516172409058,0.06883803470440904
0.5004976222646902,0.2609984889568534,0.29857784323907144,2.0,-0.0823682001983674,-0.0112916762035553,-0.9265934085772992,0.9517932453779903,-0.9247981905937196,0.9467738270759584,0.07064626567780366
0.5869576270763996,0.20819800046556294,0.2709223179177741,2.0,-0.0823682001983674,-0.0112916762035553,-0.9128697401122223,0.9524786813106657,-0.906621515750885,0.9486629366874696,0.07244486558724639
0.6391845588998798,0.16153513567640715,0.23519933538031063,2.0,-0.0823682001983674,-0.0112916762035553,-0.9000257949290198,0.9527250560593424,-0.8962514996528625,0.9493528604507446,0.0729244377073371
0.6761427424379464,0.12165371738203963,0.19646399969387018,1.9673456931410696,-0.0823682001983674,-0.0112916762035553,-0.8873556067512833,0.9526731335038063,-0.8846847414970398,0.9497910141944884,0.07250757618551715
0.780904957908696,0.09156130935799993,0.1659450828305427,1.440726329442283,-0.0823682001983674,-0.0112916762035553,-0.869611692019596,0.9526302411100992,-0.8620408177375793,0.9504555463790894,0.07235528506435925
0.8374936444671541,0.06820770361440158,0.13985579689993105,0.2638895246814678,-0.0823682001983674,-0.0112916762035553,-0.8533762422317045,0.9525513595925014,-0.8492867350578308,0.9508636593818665,0.07218845818469216
0.8700725123934975,0.05097730516825623,0.11785148851508229,0.1830167086289766,-0.0681467917906464,-0.0112916762035553,-0.8378226169124323,0.952503613973768,-0.8354682326316833,0.951258420944214,0.072043936208823
0.8829232664512444,0.03729250301011029,0.10311875880806357,0.1449912260624093,-0.0651560234988939,-0.0112916762035553,-0.8230519177999142,0.9524145746083167,-0.8221232295036316,0.9514256119728088,0.07233366947882133
0.87864375741552,0.02179525811283587,0.06625911447931121,0.0,0.0,0.0,-0.8092080557412843,0.9519867612653276,-0.8095173239707947,0.9508668184280396,0.06998764002559038
0.9347773984053305,-0.008905808799636344,0.10212895986726668,0.0,0.0,0.0,-0.7914388673585285,0.9503058962416028,-0.7873822450637817,0.948087215423584,0.07493015733086932
0.9205577903023705,-0.035633892154634084,0.11329009643539975,0.0,0.0,0.0,-0.7774224602362305,0.9483964605353794,-0.778450071811676,0.9464648962020874,0.07777843046858597
0.8604618832871561,-0.05800377989913849,0.1197360221080958,0.0,0.0,0.0,-0.7666663617279359,0.9463474875198964,-0.7710093259811401,0.9447308778762816,0.08029106052278778
0.7724689065807606,-0.07632425100985885,0.12143938551305838,0.0,0.0,0.0,-0.7587160199610963,0.9442082955339346,-0.7650750279426575,0.94288432598114,0.08239173271494156
0.6690551439513914,-0.09118300865670848,0.11894847023183609,0.0,0.0,0.0,-0.7531930046553105,0.942004823304627,-0.7606664299964905,0.9409310221672058,0.08406450631290975
0.570191396510126,-0.11521461584752517,0.08592168407223016,0.0,0.0,0.0,-0.7490238166996556,0.9389572113123815,-0.7561684250831604,0.9372205138206482,0.08238578592734833
0.4585423125488206,-0.12138947518781147,0.05572088346382946,0.0,0.0,0.0,-0.7472816629882609,0.9367055692497269,-0.7553502321243286,0.9362593293190002,0.08048854749872508
0.34818765697660015,-0.111799093717595,0.04419252787976649,0.0,0.0,0.0,-0.7472403224208837,0.9353973395289907,-0.7552153468132019,0.9360904097557068,0.08013050097802948
0.25000352994461694,-0.09370317425538874,0.037631535313565764,0.115754940108339,-0.1241779201953154,-0.0112916762035553,-0.7481600858439097,0.9348048408546009,-0.7552555799484253,0.9361125826835632,0.08012608087653582
0.16972904226944105,-0.07336828258208655,0.03207154693339913,0.1586633096818492,-0.1648279545281146,-0.0112916762035553,-0.7494668230979001,0.9346498910869322,-0.7552680373191833,0.9361194372177124,0.08012517115327934
0.10815795641383599,-0.05425067116731148,0.027333373433029155,0.2912947280079345,-0.7425955596246281,-0.0112916762035553,-0.7508215058261232,0.9347398275028819,-0.7552710771560669,0.93612140417099,0.0801244179978835
0.07639522642361231,-0.04750785019252697,0.04861374221330092,0.9050736247806516,-1.797482261387045,-0.0112916762035553,-0.7511907522042814,0.9343175718369401,-0.753486156463623,0.9348048567771912,0.08286968827043831
0.06204031586311056,-0.05265868057570818,0.025188977224123648,0.9937590600442512,-1.7977874418249788,-0.0112916762035553,-0.7509174044218727,0.9332169346318627,-0.7519547939300537,0.9328446984291076,0.08110586567223313
0.059875243985110974,-0.07044704752196826,0.018674900111984492,1.0514381628137637,-1.7977874418249788,-0.0112916762035553,-0.750067888152894,0.931198440629558,-0.7502243518829346,0.9299129247665404,0.08080245153212759
0.06852304952588369,-0.09834686373380605,0.023271876168008646,1.111985961699855,-1.7977874418249788,-0.0112916762035553,-0.7485381942691902,0.928226884072737,-0.7479132413864136,0.926210641860962,0.08159982692273662
0.08660058640208099,-0.13338511549860024,0.02779730763013294,1.127061875333791,-1.7977874418249788,-0.0112916762035553,-0.7462467538894898,0.924337022056315,-0.7449403405189514,0.921804904937744,0.08246308150384936
0.12819702050467202,-0.1960542012782511,0.04139425536221939,1.141039139391165,-1.7977874418249788,-0.0112916762035553,-0.7421112833468292,0.9180599261167421,-0.739105224609375,0.9135310053825378,0.08438292034196165
0.1608487337531716,-0.24141728315411146,0.04362451684590269,1.143968871595331,-1.7977874418249788,-0.0112916762035553,-0.737901588345229,0.911924191814295,-0.7355419397354126,0.9086459279060364,0.08528727533631149
0.18966601321889076,-0.2777559738016922,0.045217768402567686,1.1501945525291828,-1.7977874418249788,-0.0112916762035553,-0.73342295305761,0.9056592335454752,-0.7313404083251953,0.9030331373214722,0.08615810115793536
0.2174699143449539,-0.3106034013342213,0.046159740600951724,1.1501945525291828,-1.7977874418249788,-0.0112916762035553,-0.7285502338135701,0.8990436569919689,-0.7265409231185913,0.896669864654541,0.08698376589499425
0.240081938304542,-0.33649024106315245,0.01821688882950822,1.1545891508354311,-1.7977874418249788,-0.0112916762035553,-0.7235758772783004,0.8923626728216325,-0.7219417691230774,0.8904919028282166,0.08469145242293549
0.25772197807672553,-0.3559523890194836,0.031289177222365364,1.1545891508354311,-1.7977874418249788,-0.0112916762035553,-0.7185684167797589,0.8856922233717552,-0.7172936201095581,0.8842857480049133,0.08639979456393829
0.31756676470651257,-0.43077537437013536,0.04314678463850455,1.1545891508354311,-1.7977874418249788,-0.0112916762035553,-0.7104886400851471,0.8750505798666312,-0.7061638236045837,0.8696433305740356,0.08818729116668968
0.35889522709436866,-0.48103148456506,0.04443471216650401,1.1545891508354311,-1.7977874418249788,-0.0112916762035553,-0.7026754257901112,0.8648358379969485,-0.699688732624054,0.8612039685249329,0.08901741529763256
0.3900757358567636,-0.5180807210231322,0.04541674320305299,1.1545891508354311,-1.7977874418249788,-0.0112916762035553,-0.6948718180140623,0.8546900796731706,-0.6926184892654419,0.8520126342773438,0.08983489509380228
0.4104609833379549,-0.5429825234407362,0.007589303426476013,1.1560540169375142,-1.7977874418249788,-0.0112916762035553,-0.6872829762932318,0.8447545773313516,-0.6858097910881042,0.8429549932479858,0.08645861648636803
0.47738932366078946,-0.6293989355208492,0.025843496421241702,1.1560540169375142,-1.7977874418249788,-0.0112916762035553,-0.6762910952496258,0.8303540322800494,-0.6714543700218201,0.8241089582443237,0.08855845341864835
0.5157561310988608,-0.6778682072642706,0.03005281823163236,1.1560540169375142,-1.7977874418249788,-0.0112916762035553,-0.6661165093882745,0.817079437924196,-0.6633438467979431,0.8135766983032227,0.08942876734966258
0.5391091776783579,-0.7063238867746158,0.033211614691677514,1.1560540169375142,-1.7977874418249788,-0.0112916762035553,-0.6563205857886423,0.8043523957458436,-0.6546329259872437,0.802295982837677,0.09025228884306674
0.5562503849869669,-0.7264511533771456,0.03586814239384477,1.1560540169375142,-1.7977874418249788,-0.0112916762035553,-0.6465616663257245,0.7917206382356485,-0.6453229188919067,0.7902660965919495,0.0910718546175883
0.6315191531888054,-0.8252884180479075,-0.004682624157564416,1.1560540169375142,-1.7977874418249788,-0.0112916762035553,-0.6326857850285136,0.7735634761596462,-0.6272463202476501,0.7664207816123962,0.08724754176138147
0.6679779188607775,-0.8729611929434491,0.004399543927496556,1.1701533531700616,-1.7977874418249788,-0.0112916762035553,-0.6201712589076066,0.7572073049753831,-0.6175364851951599,0.7537621259689331,0.08815786675104839
0.6844238997879394,-0.8937377093240874,0.011561881989775381,1.300465400167849,-1.6998245212481882,-0.0112916762035553,-0.6083963996798301,0.7418664298982461,-0.6072078943252563,0.7403649687767029,0.08900517799487329
0.6861883092368276,-0.8974371507484377,-0.03370747502533,1.4318760967421986,-1.1645990691996642,-0.0112916762035553,-0.597328975529695,0.7273220635112229,-0.5972014665603638,0.7270547151565552,0.08428178885437033
0.6807858790029453,-0.8915033677007824,-0.024671444812269627,1.5438162813763636,-1.0355077439536124,-0.0112916762035553,-0.5867071069715991,0.7133553402130582,-0.5870975255966187,0.7137841582298279,0.0847243698506756
0.7745937000208116,-0.9782373538320059,0.033810693274465786,0.0,0.0,0.0,-0.5696130762416662,0.6933574674369639,-0.562833845615387,0.6870894432067871,0.0906748567231387
0.8387982331802528,-1.0036696465293766,0.05741498102977154,1.3906767376211184,-0.4684214541847868,-0.0112916762035553,-0.5529751374432121,0.676024389266569,-0.5483352541923523,0.6741864681243896,0.09378737013578832
0.8798152386365798,-0.9906704499024114,0.012134621413123568,0.8868238345922026,-0.4134889753566795,-0.0112916762035553,-0.5368428094780844,0.6608250270922992,-0.5338786244392395,0.6617644429206848,0.08979207711130109
0.9057561399308109,-0.9562844726649115,-0.0765073466853036,0.2586404211490043,-0.255039291981384,-0.0112916762035553,-0.5210508620036298,0.6472474914618842,-0.519176185131073,0.6497324705123901,0.08032916685653502
1.0197254688292317,-0.9938650597808228,-0.20866244871864736,0.1308308537422751,-0.1709925993743799,-0.0112916762035553,-0.49902446815127166,0.6294625587469164,-0.4907882213592529,0.6267467141151428,0.06440987424152912
1.0549007729919901,-0.9749095091900957,-0.2291016919066638,0.0824292362859542,-0.1498130769817653,-0.0256961928740366,-0.48038348817990734,0.6148138331947774,-0.4778414666652679,0.6161836981773376,0.05875468320886218
1.1085514082837327,-1.0037670071794151,-0.29087137149083375,0.0444647898069732,-0.1366292820630197,-0.0256961928740366,-0.4599583343330322,0.5973075667300506,-0.4560811519622803,0.5952221155166626,0.04834102335345873
1.0725392260747206,-0.9765509157847855,-0.3390079319512228,-0.0643625543602655,-0.1135576409552148,-0.0256961928740366,-0.44460220868684946,0.5830464986641306,-0.4472047090530395,0.5850133299827576,0.03832233365853584
0.9836255553426725,-0.9234128382185742,-0.359968687621289,-0.0985427634088656,-0.1024490730144198,-0.0256961928740366,-0.43331949476668574,0.5709345412740039,-0.4397450387477875,0.5747746825218201,0.030573145621038966
0.9102420313851776,-0.925069218713808,-0.4297284281779471,-0.1206378271152819,-0.0952468146791791,-0.0256961928740366,-0.4224327311065421,0.5560504356976809,-0.4277359545230865,0.5559307336807251,0.017172337874142723
0.7959966961899848,-0.8848732268770071,-0.42624265808935563,-0.1260700389105058,-0.0952468146791791,-0.0256961928740366,-0.4154214004692803,0.543906608783327,-0.4236775934696197,0.5468114614486694,0.010689783905699243
0.6632916848440695,-0.8266976393623346,-0.4228310301466897,0.0,0.0,0.0,-0.4114583292832043,0.5335945146192683,-0.4210485517978668,0.5377987027168274,0.004238288172535382
0.5258374505477628,-0.7649757868616271,-0.4217038891691649,0.0957351033798734,-0.1559777218280307,-0.0256961928740366,-0.40993250037696044,0.5244476666902202,-0.4198659360408783,0.5289081335067749,-0.0024052604700888058
0.4012530208854792,-0.75059539382497,-0.4196745099953781,1.0261081864652477,-0.8005188067444875,-0.0256961928740366,-0.40975514090786347,0.5131587145388453,-0.4187585115432739,0.5141979455947876,-0.008932929776395574
0.29952518260595834,-0.6987965163648682,-0.3759379981005087,1.4820477607385367,-0.8469062333104449,-0.0256961928740366,-0.4100601265203273,0.5045735135276359,-0.4174117147922516,0.5083168745040894,-0.010914717619187603
0.23197971296590664,-0.6314411893734551,-0.3448044431789998,1.615777828641184,-0.9147173266193636,-0.0256961928740366,-0.4097330261544807,0.49784550185271376,-0.4146143496036529,0.5027130842208862,-0.013620202196375171
0.22179123069819398,-0.5913707284260359,-0.38107464458100826,1.7025101091020067,-0.9587243457694364,-0.0256961928740366,-0.40669489193569036,0.49039142479941356,-0.4074311852455139,0.4932872056961059,-0.023011441624944277
0.23079788322587105,-0.5340136345342503,-0.37145713530783786,1.807675288014038,-1.010605020218204,-0.0256961928740366,-0.4025508195726436,0.4847212615535797,-0.4018999338150024,0.4888662993907928,-0.028047131194598018
0.2594038320110793,-0.47404842580895784,-0.33448877466846283,1.8330052643625545,-1.0229953459983214,-0.0256961928740366,-0.3969669685628911,0.4801412293221594,-0.3948996961116791,0.4844747483730316,-0.029997496867450853
0.34131276107908387,-0.4498487632475011,-0.3178254790876194,0.0,0.0,0.0,-0.3874016637051251,0.4741562481839391,-0.38148233294487,0.4759050905704498,-0.033568520555251384
0.34462495997095466,-0.38519545244984477,-0.27091049509369003,1.8580910963607231,-1.0270237277790493,-0.0256961928740366,-0.3817216963574774,0.4712327754063831,-0.38148233294487,0.4759050905704498,-0.03359299250714672
0.4176357073830466,-0.3753565380688564,-0.2370934550280321,1.8887312123292896,-0.9794155794613566,-0.0256961928740366,-0.371381095321161,0.46572008008758414,-0.3661048114299774,0.4664311110973358,-0.034307808897051706
0.46263861671621004,-0.3608780275606627,-0.2269070039839826,1.9232166018158232,-0.9112993057145036,-0.0256961928740366,-0.3617238672429435,0.4606715222763601,-0.3584716320037842,0.4617178440093994,-0.0370060675476106
0.5576353190336838,-0.38465830953290164,-0.20554433127371355,1.9462882429236288,-0.8564888990615702,-0.0256961928740366,-0.3480415980276156,0.4533254046139405,-0.3411764502525329,0.4516068696975708,-0.03832422332452093
0.6046465192413865,-0.3889783936866566,-0.2000917618300716,1.9462882429236288,-0.8564888990615702,-0.0256961928740366,-0.33601161187216644,0.4468852791129272,-0.3326142430305481,0.4465730786323547,-0.041024248271250625
0.6317892709036175,-0.3829866115722347,-0.18625876461033086,2.0,-0.718730449378195,-0.0256961928740366,-0.3245429118656023,0.441057730135766,-0.3225813806056976,0.4414907395839691,-0.042726416104536764
0.7296433486880204,-0.41363425660717107,-0.16327332392644325,2.0,-0.6511024643320362,-0.0256961928740366,-0.3079653365246405,0.4329038868158189,-0.3008936941623688,0.4306890666484833,-0.04321916310695591
0.7739778275166902,-0.42110702106689996,-0.16050957287225023,2.0,-0.5447775997558555,-0.0256961928740366,-0.2933601748551319,0.4257917284616137,-0.2901562452316284,0.425251692533493,-0.045532963619940664
0.7955196299376437,-0.4151072622970379,-0.15225913891321186,2.0,-0.2596169985503929,-0.0256961928740366,-0.2795524420199385,0.41945064876789173,-0.2779956758022308,0.4198842346668243,-0.047206315784256166
0.905456197426197,-0.43633556771127496,-0.1491206298303753,2.0,-0.1119707026779584,-0.0256961928740366,-0.25955643051572214,0.41140556966719205,-0.2516116201877594,0.4098714590072632,-0.049302418480388445
0.9530104720132984,-0.4318408037336522,-0.15022318536217727,2.0,-0.0061951628900587,-0.0256961928740366,-0.24192540869146154,0.4047213408832895,-0.2384887933731079,0.4050461649894714,-0.0518079156283045
0.9677199325226448,-0.40936531626726297,-0.1483768272402387,2.0,0.0846265354390782,-0.0256961928740366,-0.22570482667596115,0.399297699761369,-0.224641814827919,0.4009219408035278,-0.05401109881961038
0.9689588826841445,-0.37499137756306744,-0.17155329402714667,2.0,0.1299153124284733,-0.0256961928740366,-0.2101394031163655,0.39502025042457173,-0.2100498676300048,0.3975043594837188,-0.05889903081413625
0.9660778309219658,-0.33145051015090776,-0.18104645068301917,1.9389028763256275,0.1532310978866253,-0.0256961928740366,-0.19482652184691157,0.3918987923324206,-0.1950347274541854,0.3950453698635101,-0.06268012276283136
1.0605357780340094,-0.2992016701089999,-0.22216010964456967,1.8482642862592509,0.1620813305867094,-0.0256961928740366,-0.1731248412864449,0.388727493661933,-0.1662986278533935,0.3910580277442932,-0.07005208266158502
1.0966104293718486,-0.2571295203040386,-0.21308650754580738,1.6580148012512397,0.1715419241626612,-0.0256961928740366,-0.15377144223622605,0.3867215767608961,-0.1511644273996353,0.3897620141506195,-0.07260906011306355
1.1050705349185324,-0.21161332005134342,-0.20150908029013617,1.5281300068665598,0.1715419241626612,-0.0256961928740366,-0.13566639387602006,0.38561649388275476,-0.1350550055503845,0.3889058232307434,-0.07476595306692416
1.2218415382482117,-0.1638061736091,-0.1989267684591257,0.9404745555809876,0.1217975127794308,-0.0256961928740366,-0.11026575633477201,0.38539112030486605,-0.1018270403146743,0.3888460099697113,-0.07771093504850969
1.1415472447472739,-0.11989813839212059,-0.16978833211356073,0.1980926222629131,0.0869459067673761,-0.0256961928740366,-0.09602439478138397,0.38567289824136186,-0.1018270403146743,0.3888460099697113,-0.07773500621403344
1.2040524534735835,-0.0801120957570067,-0.15323647619423644,0.1374837872892347,0.0622873273823147,-0.0256961928740366,-0.07362753837420599,0.3863847076499762,-0.0691104605793953,0.389259934425354,-0.0786675329873177
1.2110248865676725,-0.04169482014518004,-0.1317003484424463,0.0,0.0,0.0,-0.053901764825308424,0.38764260715564136,-0.053397886455059,0.3904189169406891,-0.07879019960787727
1.2807716503575675,0.012842438596266145,-0.19279612394482193,-0.1589074540321966,0.0229800869764247,-0.0256961928740366,-0.02991454071403319,0.39058084450261016,-0.02487413585186,0.394522100687027,-0.08748697048771936
1.2571500808085863,0.05670659170894049,-0.201593674935205,-0.9247272449835966,0.0107728694590676,-0.0256961928740366,-0.010983771353261413,0.39368609927192083,-0.0126908365637063,0.3968560397624969,-0.09154466201091882
1.1770384857101128,0.09089307326841276,-0.20704343555837432,0.0,0.0,0.0,0.0038346047250667602,0.396853408027367,-0.0019548377022147,0.399323970079422,-0.09536318096447771
1.1220350371268204,0.13701166122444575,-0.24042265938039942,-2.0,-0.0147402151522086,-0.0256961928740366,0.019031047103182416,0.40135650935197364,0.0150561006739735,0.4046893715858459,-0.1023044428265366
1.0088708171871383,0.16608352488899802,-0.23293627202871686,-2.0,-0.0458686198214692,-0.0256961928740366,0.02950253630604212,0.4054705815564097,0.0213244725018739,0.4075715243816376,-0.10532879601182961
0.8681078165375437,0.18329431914702538,-0.22184333147523186,-2.0,-0.0738841840238042,-0.0256961928740366,0.036338895077991276,0.40926569083559955,0.0261663440614938,0.4105094671249389,-0.10785581100072952
0.7188087290198641,0.1927058693930895,-0.20929311284038274,-2.0,-0.0846265354390785,-0.0256961928740366,0.040358741368616044,0.4128205796320511,0.0295693110674619,0.4135007262229919,-0.11004910862715074
0.5820404236534746,0.2105559399152494,-0.11547434387401023,-2.0,-0.0915236133363852,-0.0256961928740366,0.04281818843889148,0.41708390776150334,0.0329343229532241,0.4183738827705383,-0.10324533602448871
0.44088178069751494,0.21194574670276,-0.05688989000622129,-2.0,-0.0959182116426338,-0.0256961928740366,0.04279910575376751,0.42054468028406267,0.0325979627668857,0.4206451177597046,-0.09877391053365356
0.30295769783349014,0.20473238799956928,-0.0056525700045786595,-2.0,-0.0975051499198902,-0.0256961928740366,0.04073531539830195,0.42345895080410445,0.0307679250836372,0.422937661409378,-0.0941167524353491
0.17410769928576147,0.19218422682348654,0.0258837391769483,-2.0,-0.1021438925764859,-0.0256961928740366,0.03706461017620735,0.4259051339378823,0.0277529787272214,0.4249983131885528,-0.09077165309613382
0.0700028713886388,0.17538749885891766,0.04762534042892682,-2.0,-0.1021438925764859,-0.0256961928740366,0.03296816115452705,0.427869681821379,0.0254447944462299,0.4266558289527893,-0.08799092530988349
-0.01001982455216198,0.15791522866182542,0.06115824050372472,-2.0,-0.1021438925764859,-0.0256961928740366,0.028798058836402338,0.42952082324503754,0.0230150409042835,0.4282581508159637,-0.08575718396892486
-0.10845900928211577,0.14735519479765669,0.08124185124501199,-2.0,-0.1033646143282216,-0.0256961928740366,0.022130114329511896,0.4313493631454502,0.0150161879137158,0.4305862188339233,-0.08259648858204854
-0.1877459103981551,0.13012241912192368,0.07541682487439014,-2.0,-0.1033646143282216,-0.0256961928740366,0.015153263917358908,0.43256782023152135,0.0094234198331832,0.4313224554061889,-0.08193019424252415
-0.3006044817170568,0.11194741638423536,0.0650402977457164,-2.0,-0.1033646143282216,-0.0256961928740366,0.004688463808928292,0.4334482640674203,-0.0034675116185098,0.4321348071098327,-0.08184754043549068
-0.36975427742696076,0.09189087919932333,0.05546326316418506,-2.0,-0.1033646143282216,-0.0256961928740366,-0.0046925694001420945,0.43391352319506904,-0.0096898330375552,0.4324640929698944,-0.08184401990201519
-0.417519467887437,0.07328687544677656,0.045410234320641306,-2.0,-0.1033646143282216,-0.0256961928740366,-0.01376630375173362,0.43415390195088704,-0.0172181613743305,0.432809442281723,-0.08204575770129342
-0.4566170094953952,0.05720988220508089,0.03539609023545506,-2.0,-0.1033646143282216,-0.0256961928740366,-0.023031279367144598,0.4342636725062637,-0.0258567500859498,0.4331018328666687,-0.08240442334894676
-0.5415863271183944,0.04524284991360545,0.02706520631641833,0.0,0.0,0.0,-0.03595431153250469,0.4343879128728372,-0.0420948080718517,0.4335230886936188,-0.08274112595984062
-0.5916939413521719,0.036001565983548374,0.021480381098422784,-2.0,-0.1033646143282216,-0.0256961928740366,-0.04793221186054263,0.4345008747637346,-0.0515533499419689,0.4338330328464508,-0.08291360141241605
-0.6131991269077927,0.028696917969095962,0.015508864292882407,-2.0,-0.1033646143282216,-0.0256961928740366,-0.05882098184576592,0.434594003429494,-0.0603751018643379,0.4340661168098449,-0.08321749322385752
-0.6171670726837412,0.023292888835116862,0.013230136703749987,-2.0,-0.1033646143282216,-0.0256961928740366,-0.06889448122623446,0.43469590402706115,-0.0691812336444854,0.4343053698539734,-0.08321647546618786
-0.6901202462466536,0.022072923642604023,0.006538858274674854,-2.0,-0.1033646143282216,-0.0256961928740366,-0.08359194996826656,0.4349879406693883,-0.0888640731573104,0.4348997771739959,-0.08373053845139458
-0.7170995209993125,0.02078701985673451,0.0055572648700795224,-2.0,-0.1104448004882887,-0.0256961928740366,-0.09641742245928506,0.4352560987936149,-0.0983671396970748,0.4351631700992584,-0.08373237948893106
-0.7267145368023853,0.020327388697142477,0.003172847679788839,-2.0,-0.1144731822690166,-0.0256961928740366,-0.10852664520644421,0.4355583057693802,-0.1092214956879615,0.4355250895023346,-0.08390208737152426
-0.7955241260406001,0.021892346388122104,-0.0005776424407426864,-2.0,-0.1164263370717937,-0.0256961928740366,-0.12470294889396097,0.43598700036561744,-0.1296756267547607,0.4361000955104828,-0.08425812127605893
-0.7394757777385877,0.020178295091922975,-0.0005244383800372327,-2.0,-0.1164263370717937,-0.0256961928740366,-0.1337260851839039,0.4362239652360145,-0.1296756267547607,0.4361000955104828,-0.08426159269183743
-0.8000129863378789,0.02224921131062975,-0.005538891726780384,-2.0,-0.1164263370717937,-0.0256961928740366,-0.1495596973728245,0.43668372229072355,-0.1539345532655716,0.436833381652832,-0.08481387422910305
-0.8391886224721166,0.02360989131692778,-0.008400347723721086,-2.0,-0.122041657129778,-0.0256961928740366,-0.16494973196407314,0.43712966163948946,-0.1677808463573455,0.4372279942035675,-0.08521289318504717
-0.8709039219175273,0.024705069897797135,-0.01087201059136877,-2.0,-0.1322957198443579,-0.0256961928740366,-0.18047338806128127,0.43757982007398905,-0.1827653646469116,0.4376589655876159,-0.0856154049086215
-1.0158767254821435,0.028138601637271318,-0.016413185453287876,-2.0,-0.1877775234607464,-0.0256961928740366,-0.20399172718050781,0.43820208544656897,-0.2144685089588165,0.4384502172470093,-0.08639042720388798
-1.0856140624914772,0.02908583945257625,-0.014184212806104424,-2.0,-0.2273899443045701,-0.0256961928740366,-0.22485595752787732,0.43871492316350147,-0.229895681142807,0.4387833774089813,-0.08641123224087709
-1.2339661695430015,0.02827401253913279,-0.01198968656851564,-1.96069275959411,-0.2601052872510871,-0.0256961928740366,-0.25203305822384364,0.439126628261236,-0.2627540528774261,0.4390679597854614,-0.08640016565645314
-1.2843881025267039,0.024455214297426687,-0.008890479768212084,-1.8207980468451967,-0.2991073472190431,-0.0256961928740366,-0.2751098150455355,0.4393265589717934,-0.2787536680698395,0.4390505850315094,-0.08625586052504798
-1.2862435001619776,0.018251942934808085,-0.0013426355525091365,-1.6823071641107803,-0.3056382085908291,-0.0256961928740366,-0.29578268149547277,0.439307755926689,-0.2959167659282684,0.4388594627380371,-0.08557943989659322
-1.37658657461646,0.004895760633031737,0.0022785098828014155,-1.6823071641107803,-0.3056382085908291,-0.0256961928740366,-0.32233498635708324,0.4387168351993152,-0.3288638293743133,0.4377516210079193,-0.08520813656871283
-1.390243238740438,-0.009305426170319818,0.011932988556793927,-1.098374914168002,-0.2497291523613336,-0.0256961928740366,-0.3452631876471576,0.43785635391434424,-0.3462501168251037,0.436830073595047,-0.08412441118398034
-1.3696634108590593,-0.024764356396146114,0.016547465833096117,0.0,0.0,0.0,-0.366146586179633,0.4366855066145399,-0.3646593391895294,0.4355683326721191,-0.08343279768081627
-1.3360785224881913,-0.04545113145091668,0.005345937350400195,-0.27353322652018,-0.1289387350270847,-0.0256961928740366,-0.3858409676470053,0.4349217135505641,-0.3834138810634613,0.4334267377853393,-0.08438309696502085
-1.2923868130888,-0.07036735998545775,-0.0007273550754357443,0.8511787594415199,-0.0708934157320517,-0.0256961928740366,-0.40432984818101836,0.43254733095874204,-0.4011723697185516,0.4307467043399811,-0.0849563044319957
-1.3566082120595975,-0.12800891635255374,0.05284099982472408,1.3758449683375296,-0.0649729152361335,-0.0256961928740366,-0.4292535917552777,0.427610879516673,-0.4338946938514709,0.4234452843666076,-0.07916145788273148
-1.3369013698002434,-0.17259996115075868,0.07727901398626602,2.0,-0.0609445334554052,-0.0256961928740366,-0.4496565412802935,0.42261490767616255,-0.4482323825359344,0.4193924367427826,-0.07564143370543609
-1.343965328642381,-0.23701790242610618,0.13681390429407786,2.0,-0.0609445334554052,-0.0256961928740366,-0.471513948083579,0.4155947606948959,-0.4720244407653808,0.4109394550323486,-0.06790187967087126
-1.2605542112188166,-0.2748925809566434,0.1550016534982253,2.0,-0.0588082703898678,-0.0256961928740366,-0.48750324298059006,0.4092986512795618,-0.4814753532409668,0.4065615534782409,-0.0636998050915928
-1.127936863934465,-0.2950146599922473,0.17046575907138356,2.0,-0.0588082703898678,-0.0256961928740366,-0.49890502971153844,0.40357013760263927,-0.4893211424350738,0.4021159708499908,-0.05953187089013832
-0.9282561910109927,-0.27141169526498365,0.14577615539458735,2.0,-0.0588082703898678,-0.0256961928740366,-0.5037515099531622,0.4004102501583271,-0.4893211424350738,0.4021159708499908,-0.0594940450637728
-0.7946922298078624,-0.29279037627556126,0.20335985438347615,2.0,-0.0588082703898678,-0.0256961928740366,-0.5097739495146623,0.3946543590854151,-0.5001216530799866,0.393109381198883,-0.050986353320102595
-0.6546853965878296,-0.3024830746717567,0.21706274703270428,2.0,-0.0588082703898678,-0.0256961928740366,-0.5132334396794103,0.3893289472053231,-0.5031155347824097,0.3886284828186035,-0.046207046674980136
-0.5158420882985848,-0.30459078489566843,0.23515497246087638,2.0,-0.0588082703898678,-0.0256961928740366,-0.5145297389332947,0.3843498812956187,-0.5044959187507629,0.3841975629329681,-0.040759261515836295
-0.38188825526608355,-0.3019884367679421,0.2607370533968723,2.0,-0.0588082703898678,-0.0256961928740366,-0.5139277791661229,0.3796484650234796,-0.5042473077774048,0.3798365294933319,-0.034196593738186905
-0.2483062282720657,-0.31326575936086964,0.38120359510733093,2.0,-0.0588082703898678,-0.0256961928740366,-0.5112071374606221,0.3740711276831284,-0.5015535354614258,0.3732561469078064,-0.016701142406684553
-0.12797048540383288,-0.3013853358953242,0.33568770798344055,2.0,-0.0588082703898678,-0.0923476005188064,-0.5072248699781113,0.3698442677372723,-0.4985285401344299,0.3707028329372406,-0.016011612147343476
-0.019035621963736482,-0.2765763598280291,0.24963625387496263,2.0,-0.0588082703898678,-0.158999008163577,-0.5020709210691975,0.3666621765948923,-0.4941985011100769,0.3684550523757934,-0.019725659503032306
0.09723877186966613,-0.2598535576657864,0.14768596679902046,2.0,-0.0588082703898678,-0.29413290608072,-0.4946888119475297,0.36334246748910576,-0.4862859845161438,0.3645509779453277,-0.026517894168022554
0.18357698936808026,-0.23168842021285987,0.08136816814464884,2.0,-0.0588082703898678,-2.365087357900358,-0.4874253362164688,0.3610467542456457,-0.4811859130859375,0.3630821704864502,-0.03125355757132265
0.29554260765930385,-0.20566251685288153,-0.027909675077581755,2.0,-0.0588082703898678,-3.295399404898146,-0.4770862702711715,0.3590602625034389,-0.4689948260784149,0.360941082239151,-0.04187365958189315
0.3625761048298769,-0.17367507483683714,-0.13045342962190695,2.0,-0.0588082703898678,-3.295399404898146,-0.46792613151918255,0.35788429119929505,-0.463081806898117,0.3601959347724914,-0.05382568802195731
0.40482369242299326,-0.14121318267194283,-0.3561235881864162,2.0,-0.0588082703898678,-4.0,-0.45933200616262876,0.3572514839645509,-0.4562788903713226,0.3595974147319793,-0.08240215905127851
0.4373035721948359,-0.11414883305972434,-0.5961470122827305,2.0,-0.0588082703898678,-4.0,-0.45070764399472485,0.35678124573006204,-0.448360413312912,0.3587371110916137,-0.12376068946408496
0.5121029583263889,-0.10176075742559809,-1.0278502067889597,2.0,-0.0588082703898678,-4.0,-0.43876594165829436,0.3557738165245559,-0.4333603978157043,0.3566690683364868,-0.23351838752630663
0.551407208395205,-0.09517377417884647,-1.0321324541902572,2.0,-0.0588082703898678,-4.0,-0.4279739650925823,0.3545810973426168,-0.4251335561275482,0.3550571203231811,-0.2675153791269783
0.6372273211428455,-0.1142675235089104,-2.000404651532809,2.0,-0.0588082703898678,-4.0,-0.41347804529697685,0.35179606549553716,-0.4072760641574859,0.3504162132740021,-0.4007331720507337
0.6719426962296352,-0.13104104969138008,-1.982372572212368,2.0,-0.0588082703898678,-4.0,-0.4009874407252223,0.3488589191994104,-0.3984786570072174,0.3476467430591583,-0.45808091039917875
0.6796505387994256,-0.15087427518655167,-2.2366907679378203,2.0,-0.0588082703898678,-4.0,-0.3897268067702177,0.3454511255810165,-0.3891697824001312,0.3440178334712982,-0.5209878887724663
0.6752605956407739,-0.1768080599399997,-2.461953247049954,2.0,-0.0588082703898678,-4.0,-0.3791426089438861,0.34132270398274095,-0.3794598579406738,0.3394485414028168,-0.5873991030239578
0.6664710293377405,-0.21000574708385586,-2.654607771859575,2.0,-0.0588082703898678,-4.0,-0.3689195009280016,0.336299139054158,-0.3695546984672546,0.3339000344276428,-0.6535204409467933
0.7162897140496396,-0.2842725567524745,-3.2871079787413415,2.0,-0.0588082703898678,-4.0,-0.35496254594572746,0.32802940953673937,-0.3513622879981994,0.322662353515625,-0.7835975144113698
0.7244335092396663,-0.3388362235727111,-3.2917642637833104,2.0,0.0110780498970015,-4.0,-0.3429635397068709,0.31987394837153593,-0.3423750102519989,0.3159307837486267,-0.84351755586484
0.7701816626806364,-0.4382880578529236,-4.04129531197602,2.0,0.041168841077287,-3.972411688410773,-0.32834828012810996,0.30787799714416736,-0.325042188167572,0.3006908893585205,-0.9713480306031252
0.7649515220075704,-0.49592948401099063,-4.034593784667467,2.0,0.0523384451056687,-3.9156481269550634,-0.3163711281796672,0.29705482314409015,-0.316749095916748,0.2928892374038696,-1.0320993317860332
0.7313822392551709,-0.531661766415213,-4.01591366168085,2.0,0.077851529716945,-2.656717784390021,-0.30635110527615694,0.28675775815740445,-0.3087770640850067,0.2841754853725433,-1.094916525257102
0.7376122251290059,-0.6269492803717303,-4.649438498669211,2.0,0.0841382467383839,-2.424048218509194,-0.2942371369286738,0.27195189354243243,-0.2937869131565094,0.2650657296180725,-1.220132222231143
0.7050754774236573,-0.6734271166910849,-4.595065856214319,2.0,0.0903028915846493,-0.9779812314030673,-0.2845862838466918,0.25884814367800746,-0.2869376242160797,0.255489319562912,-1.2749450329910872
0.6529456223937141,-0.6962708815152465,-4.214320165171091,2.0,0.0903028915846493,-0.8085450522621498,-0.27675128179567055,0.2465631519573129,-0.2805185616016388,0.2449122965335846,-1.3155169777698654
0.5917668575940661,-0.7103049016315113,-3.722797781572077,2.0,0.0903028915846493,-0.6504615854123754,-0.27034856364291954,0.23449505546977462,-0.2747697830200195,0.2334808558225631,-1.3434613094058607
0.5674572822837674,-0.7962753521601863,-3.486092154084171,2.0,0.0903028915846493,-0.5003128099488823,-0.26248735371895726,0.21744683403756104,-0.2642441391944885,0.211233988404274,-1.384363433335174
0.5232915278847732,-0.8370206983044464,-3.0008019512262907,2.0,0.0903028915846493,-0.4353704127565425,-0.25632775124171175,0.2020128310492975,-0.2595194876194,0.1990682780742645,-1.3949603539712128
0.4710454799397076,-0.8568602736226176,-2.509351115444828,2.0,0.0903028915846493,-0.3100022888532843,-0.251408973675983,0.1873089432783706,-0.2551846504211426,0.185875192284584,-1.4015465613851719
0.4434279056484351,-0.9697579599933674,-2.201212374119845,2.0,0.0903028915846493,-0.2643472953383687,-0.24569799131674985,0.1661357275366507,-0.2476938366889953,0.1579769253730774,-1.4144504850161983
0.4030918609865838,-1.016349759868664,-1.890732902412729,2.0,0.0903028915846493,-0.2265049210345617,-0.24126968403738655,0.14753950488430523,-0.2441846579313278,0.1441724449396133,-1.4198668556002996
0.3600970167385964,-1.032143212104355,-1.6205282808942665,2.0,0.0903028915846493,-0.1034561684596013,-0.2376625216573739,0.13023383363137034,-0.2407696396112442,0.1290924847126007,-1.4238288219591193
0.3195343586610712,-1.0388315478655323,-1.4065095624508066,2.0,0.0903028915846493,0.0629282063019762,-0.2345824895825582,0.11327738907882987,-0.2375138401985168,0.1127940416336059,-1.4283609993512034
0.28370564114665253,-1.0376148531766718,-1.22217664734224,2.0,0.0903028915846493,0.2698405432211794,-0.23183850822824842,0.09673651768523871,-0.2344277501106262,0.0968244448304176,-1.431973047062757
0.27754460338169823,-1.158899992779623,-1.0647346432891325,2.0,0.0903028915846493,0.5163042648966201,-0.22770651246093354,0.0721167500867549,-0.2281517535448074,0.0633518099784851,-1.4351554029840141
0.2665988175449346,-1.2220269300643205,-0.8784389159052339,2.0,0.0903028915846493,1.5682001983672849,-0.22398940389437902,0.049401148418321175,-0.2247804254293441,0.0448391400277614,-1.4325650024458907
0.25653552459702667,-1.2555348554753252,-0.6771897953757476,2.0,0.0903028915846493,1.88351262684062,-0.22038908797444745,0.02763357230584594,-0.2211163341999054,0.0252120476216077,-1.4253067812931057
0.2498538335302958,-1.2747882267772723,-0.386614246832919,2.0,0.0903028915846493,1.96554512855726,-0.2167262334716513,0.006272210852992921,-0.2172091007232666,0.0048808231949806,-1.4049138318030636
0.2752893774279013,-1.4256368695338648,0.11205061123028548,2.0,0.0903028915846493,2.0187685969329365,-0.21104707669541858,-0.024096717699684942,-0.2092089205980301,-0.0349981300532817,-1.355004977605999
0.2906504171530348,-1.4895878711371642,0.3372391445622246,2.0,0.0903028915846493,2.074921797512779,-0.20562695753034865,-0.05113458672127801,-0.2045168578624725,-0.0557561479508876,-1.32554819544732
0.3046075655231651,-1.505689883395181,0.5639441509966805,2.0,0.0903028915846493,2.0893263141832605,-0.20005387031756613,-0.07603246607083815,-0.1990452259778976,-0.0771961137652397,-1.2938136064231625
0.3227368219862007,-1.498041863091186,0.771346710555838,2.0,0.0903028915846493,2.0979934386205845,-0.19398165859837146,-0.09961790812606647,-0.1926715075969696,-0.0990652069449424,-1.2604275474558206
0.39053990672295164,-1.625496559653714,1.2112645713484522,2.0,0.0903028915846493,2.103486686503395,-0.18433553644657238,-0.13201236556197074,-0.179435595870018,-0.1412231624126434,-1.1951725342901591
0.4358012553935962,-1.6582581980378521,1.292555989951692,2.0,0.0903028915846493,2.103486686503395,-0.17509475624575455,-0.1601861201316429,-0.1718238443136215,-0.1625537127256393,-1.1639939507628063
0.4709361629045695,-1.6396884346539606,1.3967347907334693,2.0,0.2604104676890211,2.103486686503395,-0.16579923423519308,-0.18549063955453898,-0.163260132074356,-0.1841486543416977,-1.1315996537421862
0.5743380189015074,-1.7448280758423564,1.7756768497815458,1.9788204776073857,0.7388113221942474,2.103486686503395,-0.15142855555404242,-0.2186762362581769,-0.1439559906721115,-0.2262743860483169,-1.0661488204418426
0.6333385751417341,-1.7424061320732904,1.7812007476393559,1.9075913633936064,0.8554512855725949,2.0854200045777063,-0.13833873267192953,-0.2464333753745635,-0.1340749263763427,-0.2462583482265472,-1.0369302264734344
0.6699136751513585,-1.6797648417713502,1.7973901686278217,1.8146944380865189,1.0261692225528345,2.073090714885176,-0.12578740515793072,-0.2701707769023175,-0.1231442242860794,-0.2656438648700714,-1.0067115462324012
0.6976268130910019,-1.5873398764433588,1.8423757853620188,1.7739223315785455,1.0970931563286794,2.0679636835278856,-0.11323672350463346,-0.29093697566484195,-0.1112339720129966,-0.2842576801776886,-0.9731292656590105
0.8039770066787645,-1.6016948011394894,2.2412555953475093,1.7269855802243077,1.1633783474479285,2.0679636835278856,-0.09504408542882402,-0.31728339046278425,-0.0873584523797035,-0.3183207809925079,-0.8994800391485676
0.8598749816499518,-1.537182092382481,2.2708084383330167,1.6726024261844814,1.2351567864499886,2.055878538185702,-0.07848514449021338,-0.33864569478015544,-0.0744455531239509,-0.3339835405349731,-0.8587817981840595
0.8894070932301169,-1.4323913844151965,2.3372672253626265,1.6136415655756466,1.3117570763714046,2.0375677119096665,-0.06277483304445912,-0.3563130938208293,-0.0606406293809413,-0.3487401604652405,-0.8150585149479489
0.9078535453904505,-1.3118443124711343,2.4236361013772343,1.5108567940794997,1.4319981689173724,1.9392996108949416,-0.047324859677572856,-0.37126221827326145,-0.0459917858242988,-0.3625506162643432,-0.7677991729848723
0.9241038365290306,-1.1898847885041532,2.5267715649930023,1.4672770275425346,1.479118028534371,1.8743572137026017,-0.03172492710512794,-0.38418921505722176,-0.0305505637079477,-0.3753755390644073,-0.7168591606934274
1.0434227768239288,-1.151180642782883,3.0973644461685144,1.4261997405966276,1.521232928969253,1.804409857328145,-0.009051317470407322,-0.4006687141980776,-0.0004284691240172,-0.3978716731071472,-0.6051044256268638
1.0976026227706692,-1.0675793666412594,3.125376342811631,1.399893186846723,1.5501640344853895,1.7591210803387505,0.011225173547852612,-0.4135608830900848,0.0151406005024909,-0.4075192511081695,-0.5453230410598745
1.1153696668991118,-0.9620123359224759,3.2627403213195545,1.392507820248722,1.5577935454337375,1.7444724193179215,0.02996136101433747,-0.4236633172980252,0.0312453359365463,-0.4160342812538147,-0.4791367204811224
1.1083573380575327,-0.8500649688080646,3.3887437359255803,1.38970016021973,1.5627374685282671,1.7382467383840696,0.047343703959400796,-0.4316548871079701,0.0468369424343109,-0.4235647618770599,-0.4108528211106832
1.1978592586290502,-0.7795019097669645,4.120208821138567,1.38628213931487,1.5649958037689784,1.7249408712901504,0.07099422314364558,-0.4405911369558875,0.0774622783064842,-0.4354917407035827,-0.25843456262213393
1.2191824073708628,-0.6823123741450141,4.116978415306231,1.38628213931487,1.5649958037689784,1.7249408712901504,0.09156960409769278,-0.446638152124345,0.0931105688214302,-0.4396145343780517,-0.18017727006023937
1.2031104855846961,-0.5734009581506565,4.293139262855123,1.3798733501182574,1.5689631494621197,1.7121232928969254,0.11001403842813615,-0.45035522350134094,0.1088525652885437,-0.4424844980239868,-0.09384850553229017
1.276365426919327,-0.4688590645450412,5.175076165378762,1.3779201953154805,1.5709163042648966,1.646692607003891,0.134106551070141,-0.4526185730386191,0.1394004821777343,-0.4450636208057403,0.09552083987907678
1.2681393331456465,-0.3620876487221446,5.1602001920634955,1.3779201953154805,1.5709163042648966,1.5362172884718088,0.1539845864839186,-0.4530618628040028,0.1533901095390319,-0.445345789194107,0.18652639909785215
1.215758449686508,-0.25779219034725714,5.32317279622455,1.428641184100099,1.5547417410543984,1.3587243457694362,0.17081201521438436,-0.45196049075491573,0.1670265942811966,-0.4444233477115631,0.28628528156924543
1.1429077438415005,-0.1584260002106663,5.485859149525815,1.4954146639200427,1.5033493553063249,1.2436102845807584,0.18544812877625796,-0.44951625592174366,0.1801834106445312,-0.4423353374004364,0.39097071402992556
1.1467782032859142,-0.03938046492235964,6.473327047584086,1.5387502861066604,1.4647745479514764,1.193682764934768,0.20399052139166457,-0.44418119795994676,0.2042702287435531,-0.4355781078338623,0.6101492516551773
1.0922486539258394,0.05637420828609942,6.4886590794182055,1.5560234988937207,1.4499427786678871,1.168169680323491,0.2187341278274901,-0.43848112603656336,0.2147934287786483,-0.4315612018108368,0.7073691496053782
1.006956177153802,0.13528033515173635,6.5064455939125,1.5956969558251315,1.4157015335317005,1.0357213702601662,0.23057158284003476,-0.432362804701974,0.2244077324867248,-0.4266604781150818,0.8128406414072205
0.9082093361761104,0.20184898569153792,6.56039568588421,1.6127260242618449,1.3981231403067065,0.9334248874647132,0.24015491579092993,-0.42579759243693066,0.2330187559127807,-0.4209868609905243,0.9224794837395083
0.8060247124432725,0.25900007233746336,6.64081197769344,1.6314030670634012,1.3771877622644388,0.8472419317921722,0.24793103400540434,-0.4187898590041712,0.2405464351177215,-0.414659708738327,1.0363452599242717
0.7055367382174976,0.3084280364626157,6.740733345267311,1.6726634622720682,1.3317158770122837,0.7107652399481195,0.25418436051277715,-0.41137826912891096,0.2469223737716674,-0.407806247472763,1.154467273618574
0.6422883355459126,0.403288068703149,7.6836413337526315,1.7156328679331656,1.2829480430304416,0.4965285725185016,0.26129171669454443,-0.40017240419654015,0.2567209303379059,-0.3933171331882477,1.3870763122296499
0.5624501578350826,0.4578840936407422,7.754051049795491,1.7600671396963454,1.218738078889143,-0.5281452658884564,0.2662903799522462,-0.39011055570651854,0.2605206966400146,-0.386165052652359,1.4799076859493576
0.4740790030101095,0.4851711042419304,7.43420884034809,1.8109102006561373,1.1255359731441217,-0.6692607003891053,0.2694475334755635,-0.38098051782542786,0.2630611956119537,-0.3790085613727569,1.5772140119377558
0.3960318461099328,0.5403261373616175,7.896419178631763,1.8341039139391169,1.0823224231326771,-0.7542229343099107,0.2718732483927434,-0.3695715857988575,0.2662329971790313,-0.3655856847763061,1.7360369704440868
0.3098637796754361,0.5539696485161535,7.625024580967933,1.8501564049744408,1.0537575341420615,-0.8280766002899211,0.27251335091263845,-0.3600244210226593,0.2662862241268158,-0.3590384423732757,1.8109630196829727
0.22125938079032642,0.5436810089105804,6.906123254324703,1.869504844739452,1.018539711604486,-0.9062027924010074,0.27161370306411436,-0.3518410690462153,0.2652105093002319,-0.3525846004486084,1.876386473033593
0.1157863781830083,0.5648865817101387,6.953710619165642,1.8794537270160985,0.998641947051194,-0.9333028152895402,0.2681812335180883,-0.34174031280962786,0.2605589926242828,-0.3402078449726105,1.990498408991155
0.025131035079151598,0.5502093167414099,6.3829349264325215,1.896055542839704,0.9677576867322804,-0.9881132219424736,0.2640407632233864,-0.33367241357958494,0.2574893534183502,-0.334733098745346,2.032979051226622
-0.05521733827124363,0.517906998164001,5.406863699476768,1.9381704432745863,0.8336003662165254,-1.484946974898909,0.25913118161005816,-0.3270045093679384,0.2533246278762817,-0.3293389081954956,2.058771303758551
-0.12853153408251733,0.4807950614814835,4.5671902408587846,1.9381704432745863,0.8336003662165254,-1.484946974898909,0.2534010421242939,-0.32117139696066094,0.2481028288602829,-0.3238533735275268,2.0790103767253143
-0.18966684712348666,0.44039191053512516,3.8957742088411242,1.950804913405051,0.7840390630960556,-1.6332646677347986,0.24730299828656507,-0.3161496514568307,0.2428849190473556,-0.3190694749355316,2.095158267496345
-0.2862882888468374,0.43517802380298354,3.1545953516948906,2.0,0.7094529640650034,-1.794766155489433,0.23788086895214472,-0.30944806102558964,0.230898305773735,-0.3098248541355133,2.090102634703781
-0.35625387589439556,0.42197554451123714,2.353829977880911,2.0,0.65806057831693,-1.8485999847409773,0.22867496441494523,-0.3033580034453557,0.223618745803833,-0.3043121099472046,2.0652618755944845
-0.40821924944653787,0.4149632337411436,1.687916125252867,2.0,0.4636606393530174,-1.9717708094911115,0.219539570370603,-0.29706996526382684,0.2157841771841049,-0.2975767254829407,2.0368465214680254
-0.4476059386429653,0.4211078841901106,1.1483058723068824,2.0,0.3291371023117417,-2.1053177691309983,0.21040428325300545,-0.29002434236723534,0.2075579166412353,-0.2895802855491638,2.0071928383002486
-0.47705629528674054,0.4419981062774186,0.6940730892685585,2.0,-0.0892652780956742,-2.295262073701076,0.20129568115874544,-0.28190560336210263,0.1991673856973648,-0.2803959250450134,1.9760567864605973
-0.49478098427155137,0.46569291080639,0.3130909912694791,2.0,-0.1597619592584114,-2.6039826047150374,0.19249103495000788,-0.2732672151914485,0.1912101209163665,-0.2715548574924469,1.944646478953225
-0.5036151205018125,0.48960324786386106,0.018892693396682758,0.0,0.0,0.0,0.18399053125415876,-0.26423546170272066,0.1833521127700805,-0.2625075280666351,1.9164738285223417
-0.5485244964481604,0.5917854214091908,-0.5793112378045037,2.0,-0.2616311894407568,-2.8773022049286645,0.17296381588038365,-0.24964674054979255,0.1697183400392532,-0.2422623187303543,1.8485670824287987
-0.5497229943113365,0.6475700063558407,-0.7824975094991935,2.0,-0.3252918287937745,-3.193469138628214,0.16410819352249928,-0.23649036097439882,0.1640215814113617,-0.2324589639902115,1.8125179805661251
-0.524009369934096,0.6713753541593379,-1.011628520937261,2.0,-0.3406729228656444,-3.404287785152972,0.1570125044249866,-0.2245555145968162,0.1588707566261291,-0.2228351682424545,1.7738039080519232
-0.5053553700277749,0.7462691644702926,-1.6063112741358712,2.0,-0.3511100938429847,-4.0,0.1498615349680673,-0.20886242154600707,0.151209607720375,-0.2034500539302826,1.6879674693913347
-0.4588817492752492,0.7646503359170777,-1.7443564402483103,2.0,-0.358434424353399,-4.0,0.14484813174299332,-0.1957069706231152,0.1482066512107849,-0.1943786144256591,1.6409693395733518
-0.39711425552886365,0.7549581616515063,-1.9709153058756035,2.0,-0.3614251926451515,-4.0,0.14158935531130062,-0.1841132964588461,0.1460531204938888,-0.1848137229681015,1.5867973118002678
-0.32658049028361735,0.73264830990352,-2.2189217727191113,2.0,-0.3676508735790036,-4.0,0.13989838031871066,-0.1735088277478633,0.1449956595897674,-0.1751210987567901,1.525143009489214
-0.25190161581327514,0.707421355701905,-2.4391641607850807,2.0,-0.3676508735790036,-4.0,0.13960997085872393,-0.16345416076099972,0.1450068056583404,-0.1652772426605224,1.461594505956733
-0.17587547484944646,0.7436284980852705,-3.098661690412511,2.0,-0.3713130388342107,-4.0,0.14060548861623315,-0.14974183373701505,0.1460996866226196,-0.147125244140625,1.335788058527387
-0.10323645426871955,0.7429043421444499,-3.1431959517950343,2.0,-0.3713130388342107,-4.0,0.14259350854146405,-0.13789165033986928,0.1478429287672042,-0.1379439830780029,1.2744004988058255
-0.012413408495876355,0.7855514524438634,-3.835099315551708,2.0,-0.3735713740749218,-4.0,0.1469458641233439,-0.12318586149988714,0.1535093933343887,-0.1201038733124733,1.145994645055896
0.059734512419642186,0.7785331188776229,-3.831640756657243,2.0,-0.3735713740749218,-4.0,0.1515168114452226,-0.11108100694703678,0.1567307412624359,-0.1115882024168968,1.0855275875811607
0.12101262570716392,0.7457040783387328,-3.8648302943649484,2.0,-0.3735713740749218,-3.977538719768063,0.1565235431891011,-0.10079474248848869,0.160951942205429,-0.1031672060489654,1.0208244729994942
0.17677170057878053,0.7025444397446039,-3.8941871220295305,2.0,-0.3735713740749218,-3.0066987106126497,0.162145871610711,-0.091716678871698,0.1661754250526428,-0.0948357060551643,0.9558439105339253
0.23046761695929557,0.656697404885342,-3.917413618867888,2.0,-0.3735713740749218,-2.8233463035019453,0.1685239537456486,-0.08350682812924447,0.172404408454895,-0.0868200659751892,0.8910165532250042
0.33607745443085124,0.6658593124376675,-4.305806865502061,2.0,-0.3735713740749218,-1.727626459143969,0.17919310114834308,-0.07239399336475127,0.186825230717659,-0.0717318877577781,0.7855891414744873
0.405515156949858,0.645191265304901,-4.182590281271747,2.0,-0.3735713740749218,-1.550377660791943,0.18916073489251065,-0.06310656966007479,0.1941788047552108,-0.0646001920104026,0.7382002789857235
0.4558626459143667,0.6121242092394036,-3.852955839533559,2.0,-0.3735713740749218,-1.186846723125048,0.1989773541601634,-0.05496950961255242,0.2026158273220062,-0.0573591738939285,0.7018562047421699
0.5639511934675113,0.6177495102657479,-3.7275782716368413,2.0,-0.3735713740749218,-1.0623331044480049,0.2134166848362062,-0.04480364431074206,0.2212279438972473,-0.0443971194326877,0.6512456567474757
0.6226003846930773,0.5934914653155254,-3.36129879870484,2.0,-0.3735713740749218,-0.697825589379721,0.22631709043839912,-0.03652330536991654,0.2305555045604705,-0.0382763668894767,0.628736494839298
0.655963302992131,0.5552732843562025,-2.954432604285301,0.0,0.0,0.0,0.23848425568050374,-0.02955397319375968,0.2408953011035919,-0.0323158949613571,0.6112414740519343
0.6797408476154229,0.5133851585223478,-2.575193275894562,2.0,-0.3735713740749218,-0.5311970702677957,0.2505515567888932,-0.023438744989971047,0.2522698938846588,-0.0264658834785223,0.5987186493897393
0.6941535590265936,0.4715415222870344,-2.249358629987461,2.0,-0.3735713740749218,-0.4518501564049746,0.2623802072954347,-0.01799078567676436,0.2634217739105224,-0.0210147090256214,0.5882150498411025
0.7833424308910637,0.4743356003812337,-2.102545272983027,2.0,-0.3735713740749218,-0.4380560006103611,0.27938277096044384,-0.010261410130483505,0.2858282029628753,-0.0100594898685812,0.5664149379407692
0.8207421955075276,0.46062860426278,-1.8847119090296232,2.0,-0.3735713740749218,-0.429266803997864,0.2943886771754373,-0.0035781839730399793,0.2970914542675018,-0.0045687505044043,0.5553418117687501
0.8344964688394576,0.4395744223307346,-1.655181447333151,2.0,-0.3735713740749218,-0.4260929274433511,0.3084298211588962,0.002400021763518133,0.3094238042831421,0.0008784945239312,0.548514003547515
0.8422954862389284,0.41803114656647267,-1.4624656692211073,2.0,-0.3735713740749218,-0.4175478751812012,0.32229734287027334,0.008009027525959063,0.3228609561920166,0.0064521548338234,0.5417399604141719
0.8442006291282271,0.39595770352986914,-1.2998331597533836,2.0,-0.3735713740749218,-0.4175478751812012,0.33590001602375597,0.013238292525944469,0.3360376954078674,0.0116431061178445,0.5352359992877211
0.8434586670292765,0.37671431911784836,-1.16929148322388,2.0,-0.3735713740749218,-0.4136415655756469,0.34935817638633465,0.01830147223147688,0.3493045568466186,0.0169108062982559,0.5281477049712691
0.9623634451301935,0.40391819762760967,-1.118458551087966,2.0,-0.3735713740749218,-0.4136415655756469,0.37071408383397114,0.026127298015718024,0.3793070018291473,0.028093246743083,0.5148214342704842
1.0339721040016456,0.41384984282513676,-1.0163565802260361,2.0,-0.3735713740749218,-0.4136415655756469,0.3908458112255752,0.033246551356106144,0.396020770072937,0.0339642837643623,0.5079435767713917
1.0805554238388801,0.4151787025788086,-0.9288966981994691,2.0,-0.3735713740749218,-0.4136415655756469,0.4104688995828622,0.03995599723271129,0.413835346698761,0.0400520302355289,0.5010212912460636
1.2511588017998931,0.45562697541505665,-0.9197709882464399,2.0,-0.3735713740749218,-0.4136415655756469,0.43903605126799045,0.04927281487618414,0.4513650834560394,0.0521958991885185,0.4871363071369245
1.3299125416274915,0.4666936669649393,-0.859123357799644,2.0,-0.3735713740749218,-0.4136415655756469,0.4642608520814895,0.05729444441716199,0.4699521660804748,0.0580942034721374,0.4790272166762037
1.3605662616893288,0.46363159041817903,-0.7940395795528683,2.0,-0.3735713740749218,-0.4136415655756469,0.48756591189079707,0.0645591150308302,0.4897811710834503,0.0643378272652626,0.47229119274930526
1.370836180486935,0.4543315643667585,-0.7406824745874115,2.0,-0.3735713740749218,-0.4136415655756469,0.5100138968806248,0.07136241343985937,0.5107560753822327,0.0706903263926506,0.465328675160332
1.3775832399989112,0.44379887180689553,-0.695223561622829,2.0,-0.3735713740749218,-0.4050965133134969,0.532393311042785,0.07793542219318735,0.5328809022903442,0.0771742537617683,0.4583809465500149
1.3898148120876375,0.4348997564662303,-0.6570920114293181,2.0,-0.3735713740749218,-0.4000915541313805,0.5552432488544322,0.08444790054916651,0.5561271905899048,0.0838047862052917,0.45137582849814173
1.585400085831383,0.47435619209630725,-0.6852955393330532,2.0,-0.3735713740749218,-0.3756771190966663,0.5904100563770553,0.09401468658318039,0.604544460773468,0.0968660935759544,0.4378131867678266
1.6775114413657586,0.485945860504954,-0.6592396144490366,2.0,-0.3735713740749218,-0.3331960021362627,0.6218657643090679,0.10237055659671701,0.6285223960876465,0.1032081097364425,0.4297064832633913
1.8934217730353684,0.5276587683303212,-0.6710920186274776,0.0,0.0,0.0,0.6629793688302148,0.11290325138135408,0.6785826086997986,0.1159177273511886,0.4178749948955111
1.9664364381487256,0.5327367028905236,-0.6399073874398262,2.0,-0.3735713740749218,-0.0925917448691535,0.6981009778673427,0.12168148427239503,0.7033775448799133,0.1220484524965286,0.4105444138286262
1.777194484334419,0.47378963778685057,-0.5456758814601841,2.0,-0.3735713740749218,-0.0239871824216066,0.7170535351668058,0.12630839313627537,0.7033775448799133,0.1220484524965286,0.4104935242924113
1.8287009387149071,0.4759826176852427,-0.617178246362181,2.0,-0.3735713740749218,0.029846646829938,0.7488936406724147,0.13403400107185534,0.7526158690452576,0.134192481637001,0.3941523819972214
1.830200994746835,0.4655842972086503,-0.5368786866966087,2.0,-0.3735713740749218,0.124452582589456,0.7782520215436709,0.14096230976118693,0.7783604264259338,0.1402108520269394,0.3931493803422455
1.8138429308294644,0.4498526048825806,-0.4507202401914532,2.0,-0.3735713740749218,0.2988937209124893,0.8064538369599537,0.1473716662516737,0.8052716851234436,0.146234780550003,0.3937933813677596
1.7984976096237615,0.4337574858376029,-0.36665410333386206,2.0,-0.3735713740749218,0.4863965819790952,0.8344608738484314,0.1535052902156356,0.8333519101142883,0.152342140674591,0.39561097672213963
1.981477802550427,0.4586590105376297,-0.29201238839362037,2.0,-0.3735713740749218,0.7570305943389029,0.8753333082081873,0.16209160243510515,0.8885567784309387,0.1638911664485931,0.39778450771114315
2.0562342891064223,0.4634214842924015,-0.20054092021693207,2.0,-0.3735713740749218,1.8273594262607769,0.9119789622209434,0.16974498468748503,0.9173814058303832,0.1700891554355621,0.40300153315283466
2.286860019971985,0.5086356085471031,0.046355648707614355,2.0,-0.3735713740749218,2.05136186770428,0.9601249393645074,0.18014874821307633,0.9767916202545166,0.1834162473678589,0.4267464150249232
2.355513295493208,0.5215677760393153,0.13723745795172834,2.0,-0.3735713740749218,2.611673151750973,1.001253237180148,0.18914183895139186,1.006214618682861,0.1900764107704162,0.4377170965876776
2.336986420107842,0.5201245520248677,0.3505593345557647,2.0,-0.365270466163119,2.8240787365529867,1.0377166734063579,0.19739151457280907,1.0363777875900269,0.1972872167825698,0.46355290064577753
2.4859639630528254,0.5637824258126295,0.8383205240219725,2.0,-0.210910200656138,3.160143434805829,1.0849570782017959,0.20859964642306078,1.095723271369934,0.2117546796798706,0.5286914505790798
2.4946167404710553,0.5802796747745192,0.9864375819505604,2.0,-0.1102616922255284,3.2692759594110017,1.1253045202719474,0.21871076699435338,1.125929832458496,0.2199029773473739,0.5656217918581723
2.630726260416534,0.654798481080993,1.5667018627252927,2.0,-0.0053406576638437,3.3758449683375296,1.1742163296620731,0.2329215383733634,1.184052586555481,0.2383068054914474,0.656593726687307
2.5969337047600654,0.6855365998613573,1.6421898323602375,2.0,0.1618371862363623,3.686152437628748,1.2140739882330067,0.24543035265271923,1.2116318941116333,0.2476517111063003,0.6992232830908673
2.472572697888526,0.6968769116630301,1.79851991095294,2.0,0.194369420920119,4.0,1.2474036578253438,0.25714862469937727,1.2384164333343506,0.2579681575298309,0.7441553389235371
2.486770615806252,0.7703359428411471,2.306587152547272,2.0,0.2151827267872128,4.0,1.287903418346847,0.27315489215009836,1.288929462432861,0.2784635722637176,0.8359443985091618
2.378285786888689,0.799745309519869,2.340053359094021,0.0,0.0,0.0,1.3205200224508868,0.2874244645428846,1.3126801252365112,0.2895497977733612,0.8806577806432561
2.210763469282023,0.8080719257259642,2.438558498760037,2.0,0.2370336461432822,4.0,1.3474980131785912,0.3007708462589912,1.335391640663147,0.3013725876808166,0.9289058584741549
2.0244611993201587,0.8023489841805179,2.5197443462938574,2.0,0.2460059510185397,4.0,1.370554139885674,0.3133216642875786,1.3570905923843384,0.3129080832004547,0.9771849728847307
1.8436761494646583,0.7817351269502593,2.5844245107260577,2.0,0.2460059510185397,4.0,1.3909941632032499,0.32479650513154995,1.3779293298721311,0.3233067989349365,1.024851067458479
1.679028761279083,0.755136743243837,2.63673951557815,2.0,0.2460059510185397,4.0,1.409608455849335,0.33554589859445993,1.397709846496582,0.3336237072944641,1.0720906143574185
1.659101411975717,0.8159094360209156,3.108375129825572,2.0,0.2503395132372015,4.0,1.435155556860491,0.35164565364266975,1.4337154626846311,0.3560375273227691,1.1675214442724589
1.5735782962347005,0.8395086820258084,3.114122283800011,2.0,0.27011520561532,4.0,1.4560474088981692,0.3662603058969037,1.4498668909072876,0.3679657578468323,1.21871821501402
1.4545036355645142,0.8438793948373722,3.1474784790094037,2.0,0.3924315251392385,4.0,1.4733528622491445,0.3799813843220976,1.464747667312622,0.3802972435951233,1.2721207415901137
1.4136156715328825,0.9283080593942912,3.653857578544289,2.0,0.446692607003891,4.0,1.493921894867139,0.3990648731068174,1.490967035293579,0.4051662981510162,1.3788157777090007
1.3123951001483272,0.9510635755665146,3.621678306015108,1.9790646219577328,0.566872663462272,4.0,1.5098482461148592,0.41542212596019407,1.5025333166122437,0.4170666038990021,1.4269578093122492
1.1817999440285099,0.9400571815842276,3.5192171269092816,1.9790646219577328,0.5772487983520256,4.0,1.5222131702812407,0.42991153139245536,1.512775421142578,0.4291161298751831,1.4750620414325504
1.0414351910929296,0.9130884623787834,3.4604540070062093,1.971923399710079,0.6014190890363929,4.0,1.5318427224817315,0.4431695955538853,1.5216989517211914,0.4412206411361694,1.5256760970096315
0.9571483392012833,0.955048378048076,3.804189712272729,1.9644769970244909,0.6237582970931563,4.0,1.5429336420375317,0.46055290118736425,1.5368424654006958,0.46358522772789,1.6160539262951237
0.8439673875806396,0.9447680384597855,3.722938847182896,1.9555046921492336,0.6592813000686657,4.0,1.5507658379739708,0.47515406153467854,1.5425865650177002,0.474411129951477,1.6612969095342636
0.7193954977721452,0.9070247362593168,3.5768766508052265,1.9478141451132984,0.6885786221103227,4.0,1.5560341054214823,0.4877752122128789,1.5470316410064695,0.4850476086139679,1.7071556780216712
0.6126765958391698,0.9261151095791237,3.9382586209621584,1.9478141451132984,0.6988326848249027,4.0,1.5604894497119037,0.5035496362716276,1.5527771711349487,0.50492924451828,1.798616644449562
0.4989274262612036,0.8924065712271301,3.8336685601519105,1.9434805828946369,0.7062790875104905,3.89062333104448,1.5627725339458935,0.5161390706533971,1.55455219745636,0.5137030482292175,1.8410324015458839
0.38585302616229333,0.8319956045040452,3.6203284474990167,1.94189364461738,0.7179369802395665,2.792706187533379,1.5632802391937786,0.526423921658307,1.555108666419983,0.5220581889152527,1.8828311055320253
0.2704092193305613,0.8114597958845214,3.9302762916751433,1.9348744945449,0.736919203479057,1.6745250629434651,1.5618221170665536,0.538378268072696,1.5534793138504028,0.5368942022323608,1.9689571235952112
0.1672168860700135,0.751078191313056,3.8064000731445393,1.9348744945449,0.7560845349813077,1.3424887464713513,1.5593268156508469,0.5473699117481335,1.5518693923950195,0.5430063009262085,2.010021104609356
0.07461173116945084,0.6764792978405534,3.4998029512816595,1.9300526436255432,0.7640802624551766,1.1819638361181046,1.5558803351321493,0.5544555718162695,1.5491880178451538,0.5490645170211792,2.0425965900994134
-0.009554737160410512,0.6018357525787607,3.169582701771892,1.928709849698634,0.7657282368200198,1.0786907759212636,1.5515100376575264,0.5603446977439636,1.5454275608062744,0.5549504160881042,2.0694198631272758
-0.10850584159447599,0.5642617248846041,3.107756543846065,1.928709849698634,0.7763485160601205,0.99140917067216,1.5448156925107133,0.5674901222637935,1.537664771080017,0.564774751663208,2.1147074068629754
-0.18390785288844586,0.5141809252897013,2.8077573412118246,1.9214465552758069,0.7873350118257421,0.9279316395819026,1.5380949154603318,0.5732075634325898,1.53264582157135,0.5695883631706238,2.132301816154943
-0.2453336566266669,0.46496321912006044,2.4690900722033042,1.9214465552758069,0.7964904249637599,0.8880140383001449,1.5310916467340996,0.5781807692729841,1.5266525745391846,0.5746239423751831,2.146760737306108
-0.2995030167792435,0.4235279032746781,2.2046166989407916,1.917051956969558,0.8026550698100252,0.8622568093385214,1.5235852748349086,0.5828809708402851,1.5196706056594849,0.5798865556716919,2.1618774412090564
-0.3506937670549935,0.3936643306253689,1.989229151032647,1.915403982604715,0.8060120546272984,0.8410162508583201,1.515409103408215,0.5876831932923383,1.511709690093994,0.5855250358581543,2.176383986217802
-0.4015120052209377,0.37589116587856375,1.8098504791537655,1.915403982604715,0.8093080033569848,0.8410162508583201,1.5064385060443333,0.5928068724577489,1.5027660131454468,0.5915224552154541,2.1904390847368873
-0.524346242751746,0.4107051677595292,1.7980254649227627,1.915403982604715,0.8093080033569848,0.9613794155794616,1.4918939760948398,0.6011226185750927,1.483017086982727,0.6036385297775269,2.2182074273714543
-0.599339314316585,0.4239498197059267,1.67588962128157,1.915403982604715,0.8119325551232166,1.2433661402304113,1.4785467868538096,0.6085694800138639,1.4731272459030151,0.6095266342163086,2.233566759748853
-0.6478158748217703,0.42777795587351863,1.5672274080956643,1.915403982604715,0.8119325551232166,2.135225452048524,1.4657526645910441,0.6156057479317512,1.4622493982315063,0.615882396697998,2.2491436165257404
-0.683891863458665,0.4282662607416959,1.5126755288985079,1.915403982604715,0.8119325551232166,2.3622796978713665,1.4530026955859237,0.6224824761320195,1.450395584106445,0.6225177645683289,2.2685196990924434
-0.8069143800684941,0.4713508718794077,1.9125978448490015,1.915403982604715,0.8119325551232166,2.455054551003281,1.4339276411327373,0.6321829780180415,1.425037145614624,0.6352965831756592,2.33560668693724
-0.8694420745052732,0.4834842775815932,1.9501177882088647,1.915403982604715,0.8119325551232166,2.573830777447166,1.4168834240728587,0.6405267083466321,1.4123647212982178,0.6414035558700562,2.3722043563957085
-0.9961349470669553,0.5119987022126904,2.361127516345526,1.915403982604715,0.8119325551232166,2.604470893415732,1.3945969259903677,0.650147491178287,1.3854411840438845,0.652208149433136,2.451932435387048
-1.0439305126789482,0.5029816779608457,2.3714469425121107,1.915403982604715,0.8119325551232166,2.391943236438544,1.3754990928810298,0.6577433720868522,1.3720450401306152,0.6570917367935181,2.491668810912855
-1.051408881063657,0.47211839236459735,2.4080827227316273,1.915403982604715,0.8119325551232166,0.6448462653543907,1.3583018239648519,0.6637507658119804,1.3577613830566406,0.6615203619003296,2.533704539969199
-1.042984205162638,0.4286430550416856,2.415450443674036,1.915403982604715,0.8119325551232166,0.479072251468681,1.3420362211715866,0.6684305882105466,1.3426450490951538,0.6652887463569641,2.5730713098393623
-1.0335024566484556,0.3810071102626847,2.3067412116608184,1.915403982604715,0.8119325551232166,0.3743343251697566,1.3259752942531025,0.6721397553646867,1.3266605138778689,0.6686972379684448,2.599730795260959
-1.0223647462924288,0.33252547198847165,2.144173374394054,1.915403982604715,0.8119325551232166,0.2824139772640572,1.3101755477992914,0.675030840213535,1.3109804391860962,0.6715272068977356,2.6204118583083402
-1.0113235219490553,0.28688539568484583,1.9452867640985214,1.915403982604715,0.8119325551232166,0.2371252002746624,1.2945476262043547,0.6773340691084585,1.2953455448150637,0.6740357875823975,2.6352668690953447
-1.1370480268863794,0.261116781795472,1.7232952753018753,1.915403982604715,0.8119325551232166,0.1996490424963761,1.270055041904996,0.6802207213758663,1.2609692811965942,0.6783584952354431,2.6448134753296175
-1.2068856698284982,0.23208536056886192,1.4760832091751068,1.915403982604715,0.8119325551232166,0.1756008239871822,1.2472454397006805,0.6824793778324175,1.242198467254639,0.6803813576698303,2.648203540109879
-1.3883647517620643,0.215677859666091,1.3009756725085633,1.915403982604715,0.8119325551232166,0.1527733272297244,1.2159380319709434,0.6851080749167554,1.202823042869568,0.6839223504066467,2.6546310213875457
-1.463690495727932,0.1941100778418982,1.1603564344744528,1.915403982604715,0.8119325551232166,0.149477378500038,1.188744554245914,0.6871331156275399,1.1833009719848633,0.685574471950531,2.6611182770827386
-1.4835219348054551,0.17391422783630622,1.0037618880974037,1.915403982604715,0.8119325551232166,0.1403219653620202,1.164014487587609,0.6889037676328483,1.1625813245773315,0.687444269657135,2.6634277480279023
-1.616634832190314,0.163711978946074,0.9264404291605175,1.9005111772335392,0.8494697489890899,0.1403219653620202,1.131478296107345,0.6910119440043285,1.1218585968017578,0.6902746558189392,2.671470722933625
-1.6550856789234296,0.15184373939474782,0.8070307499266806,1.891233691920348,0.8722362096589609,0.1376363775082016,1.1030702264315322,0.6928467489189484,1.1002914905548096,0.6919890642166138,2.6735718051305786
-1.646702398443159,0.1383515598949001,0.6974582708530453,1.8702372777904936,0.9159990844586864,0.1376363775082016,1.0771430582999608,0.6943843064187765,1.0777488946914673,0.693409264087677,2.6748943052773924
-1.6119930595990715,0.12157013560290024,0.6101582522662727,1.8222629129472805,1.0128023193713285,0.1376363775082016,1.0530903883138127,0.6954885433281085,1.0555987358093262,0.6942757964134216,2.676766453714964
-1.7344554217931414,0.11095385609073835,0.5926032114814641,1.7905241474021514,1.0732890821698329,0.1376363775082016,1.0192027454656363,0.6967318434467442,1.0103527307510376,0.6959646344184875,2.6846525859790304
-1.7690048328338808,0.09035575302961242,0.5297774800975817,1.7412680247196155,1.1576409552147706,0.1376363775082016,0.9891674628509701,0.6971454037194428,0.9866706728935242,0.6956568360328674,2.6873249114814968
-1.929440378877616,0.045276995143399654,0.48664080008881244,1.7258869306477456,1.1824826428625923,0.1376363775082016,0.9502572966551868,0.6956110248042167,0.9386630654335022,0.6923533082008362,2.6911618076155506
-1.9606142202055625,0.00023456786379996014,0.4060069751926333,1.7113603418020906,1.2026855878538183,0.1376363775082016,0.9173254072220188,0.6933577875101293,0.9150725603103638,0.6901026964187622,2.690240039367073
-1.925666111946422,-0.04513133548038747,0.34778975040594384,1.7039139391165028,1.213427939269093,0.1376363775082016,0.8882659326796659,0.690362486992049,0.8907915353775024,0.6870840191841125,2.6904704040780256
-1.865158914978124,-0.09075498842797244,0.30308807699092877,1.7013504234378578,1.217944609750515,0.1376363775082016,0.8614552906217704,0.6866242926843086,0.8658279776573181,0.6833271980285645,2.691208273746699
-1.9882561458294248,-0.1677690562697165,0.2866461163292717,1.7013504234378578,1.220263981078813,0.1376363775082016,0.823475024127843,0.6800809592916469,0.8145791292190552,0.6745153665542603,2.6942798950580875
-2.006389658946307,-0.22075729624561058,0.2857880786631383,1.6924391546501871,1.2280766002899215,0.1376363775082016,0.7904641537244567,0.6738937026070716,0.7891536951065063,0.670064389705658,2.6987732144364673
-2.1633000464239456,-0.29243524200236354,0.2740288226257382,1.6603341725795375,1.2617074845502405,0.1376363775082016,0.7479888718403634,0.6656230931733871,0.7366493940353394,0.660443127155304,2.702068978816445
-2.1833303628750413,-0.331369281087433,0.27197415879068815,1.6497749294270236,1.2716563668268863,0.1376363775082016,0.7120519049659334,0.6583702740130148,0.7106043696403503,0.6555566191673279,2.7062306118133725
-2.135620624647474,-0.3521368614530085,0.25425922717669847,1.6427557793545433,1.2781261921110856,0.1376363775082016,0.6802726192310213,0.6516954602685375,0.6837204694747925,0.6501946449279785,2.7086591628612697
-2.063268776316571,-0.36594076303812967,0.22564647079053846,1.6366521705958648,1.2841077286945906,0.1376363775082016,0.6508857323481244,0.6451487208005038,0.656114399433136,0.6441511511802673,2.709626687246554
-2.195324376878883,-0.42762360534645333,0.22241589102057277,1.6366521705958648,1.288563363088426,0.1376363775082016,0.6091434872861031,0.6352159331807825,0.5996001958847046,0.6307582855224609,2.71288735862553
-2.2131223627209113,-0.45932849924046937,0.2261429016292208,1.6366521705958648,1.290272373540856,0.1376363775082016,0.5728417062560394,0.6262780052488008,0.571555495262146,0.6239867806434631,2.7168504545974472
-2.3831941165360893,-0.5269669892151398,0.22245090935374096,1.6366521705958648,1.290272373540856,0.1376363775082016,0.5261886282101623,0.6144572973076671,0.5138980150222778,0.609569251537323,2.720067793436482
-2.403317275500225,-0.5538938719336848,0.2299519675737116,1.632318608377203,1.290272373540856,0.1376363775082016,0.486727218571947,0.6042457404669013,0.4852729737758636,0.6022998094558716,2.7244408844613357
-2.5616258160776013,-0.6141494734650287,0.22667041081372613,1.6307316700999466,1.290272373540856,0.1376363775082016,0.4378086655802454,0.5914000552786272,0.4263681471347809,0.5870455503463745,2.727763570235298
-2.559469438124959,-0.6302003590745054,0.23252542812074734,1.6307316700999466,1.290272373540856,0.1376363775082016,0.39696520656896156,0.5805125701773356,0.3971210420131683,0.579352617263794,2.732025522343202
-2.48120680150632,-0.6224123210742821,0.20974633266326187,1.6307316700999466,1.290272373540856,0.1145647364003967,0.3611874896443831,0.5709442168148832,0.3668433129787445,0.5715070366859436,2.733271954794866
-2.601374290397987,-0.6678818540116018,0.21106974823910887,1.6307316700999466,1.290272373540856,0.0549935149156937,0.31354413663586317,0.5579797153184499,0.3048599660396576,0.5546937584877014,2.736771089686668
-2.585801570928001,-0.6756012729781417,0.21906264976882772,1.6307316700999466,1.290272373540856,0.0256961928740366,0.27295163086112845,0.546783289545358,0.2740770280361175,0.5462254285812378,2.7410157841962444
-2.5088983587249993,-0.6634296851333634,0.1857159634809566,1.6307316700999466,1.290272373540856,0.0202029449912259,0.23666273084861641,0.5367783097050689,0.2422203123569488,0.5376579165458679,2.7408988699252643
-2.4057437861053517,-0.6455388980361053,0.1647335030249089,1.6307316700999466,1.290272373540856,0.0202029449912259,0.20333970974984658,0.5273461606574523,0.2107944041490554,0.5286390781402588,2.7416016124442972
-2.536182590895342,-0.6896481350613223,0.15783974592349534,1.6307316700999466,1.290272373540856,0.0202029449912259,0.15622474782527185,0.5141015605056889,0.1467982977628708,0.5109139084815979,2.7434909566701684
-2.551909407895336,-0.6996763009215133,0.1365407774623401,1.6307316700999466,1.290272373540856,0.0202029449912259,0.11460615640463086,0.5024042473688929,0.113469623029232,0.501679539680481,2.7437069959681137
-2.5065741879054695,-0.6912104797607259,0.1195198010187131,1.6307316700999466,1.290272373540856,0.0202029449912259,0.07677263106399876,0.4917690858927849,0.080048881471157,0.4923808872699737,2.744047956648839
-2.434389416818375,-0.6741386186711923,0.10503721759551461,1.6307316700999466,1.290272373540856,0.0202029449912259,0.0414394420100939,0.4818383064900004,0.046656034886837,0.4830720424652099,2.744390833143344
-2.356453188149151,-0.6546252285053563,0.09269411829058788,1.6307316700999466,1.290272373540856,0.0551155870908672,0.007641427217570598,0.47234208170915826,0.013273661956191,0.4737522602081299,2.7447334958099012
-2.2844892567683766,-0.6361740031218864,0.08217492300626578,1.6307316700999466,1.290272373540856,0.0844129091325247,-0.025304425133277075,0.4630878534769819,-0.0201037917286157,0.464421272277832,2.745076166861427
-2.4538676704446316,-0.6904080893843811,0.10103137374265528,1.6307316700999466,1.290272373540856,0.1318989852750438,-0.07305353808576028,0.44932375711382155,-0.0852940455079078,0.4454044103622436,2.7484351974651173
-2.499576810554932,-0.7072066387946118,0.09941681256831839,1.6307316700999466,1.2960708018616005,0.1709620813305865,-0.1153371651466964,0.43716670752568326,-0.1186404377222061,0.4359527230262756,2.749876313343087
-2.475374549328545,-0.7029837940331911,0.10532584742615948,1.5863584344243535,1.3488059815365836,0.4400091554131382,-0.15373042864805528,0.426130565542136,-0.1519813984632492,0.4264357388019562,2.7521079437847025
-2.6525453529565324,-0.7615750853318414,0.14703994312026214,1.57085526817731,1.3674219882505532,0.6773174639505606,-0.20504884636347948,0.4110094659849602,-0.2178524881601333,0.4067752361297607,2.7583219343052248
-2.6704982056771023,-0.780424037025893,0.1882342008117061,1.55394827191577,1.3886015106431675,1.2256656748302437,-0.2486764009656367,0.39757819626565094,-0.2499738037586212,0.3962160348892212,2.765174703608028
-2.60654828951394,-0.7828697250060758,0.25229134651310464,1.5497978179598686,1.3915312428473334,1.4621194781414513,-0.2871767649038025,0.38492973189149976,-0.2825552821159363,0.3847529888153076,2.775203016244037
-2.734089617354035,-0.8749099662958898,0.5827389634121825,1.54711223010605,1.3973907072556648,1.6903944457160298,-0.3373130521914959,0.36631921096017184,-0.3465301096439361,0.3596677184104919,2.8163799392994124
-2.7088900899302986,-0.9187498817545052,0.6935153747032886,1.54711223010605,1.3973907072556648,2.0750438696879527,-0.3793925932296994,0.34942247805288756,-0.3775714933872223,0.346254289150238,2.84097779501623
-2.8290682255639443,-1.0494905511111918,1.0692373637527908,1.54369420920119,1.4022735942626077,2.2693827725642786,-0.4306795826888697,0.326079462905437,-0.4393645226955414,0.3166311979293823,2.8987130386528968
-2.7802771265392283,-1.1103651594414987,1.1684472419412943,1.54369420920119,1.4033722438391698,2.429907682917525,-0.47271918752078185,0.3052633094879245,-0.4691931903362274,0.3008640706539154,2.9337166572270927
-2.6495489365206146,-1.1359327908757053,1.3224967432555046,1.54369420920119,1.4033722438391698,2.474097810330358,-0.5085614294913408,0.2858072394412408,-0.499114066362381,0.2839595377445221,2.972087258420885
-2.4845654585549686,-1.1437963445386445,1.4579435660866031,1.54369420920119,1.4033722438391698,2.502296482795453,-0.5400474684740568,0.2671124702076257,-0.5281245708465576,0.2665441930294037,3.011133636227542
-2.315417671888741,-1.145699431108196,1.6327464855341316,1.54369420920119,1.4033722438391698,2.5203631647211413,-0.568618477279828,0.24868591926073583,-0.556394636631012,0.2485483884811401,3.057410125792984
-2.361291620499711,-1.2961682502772476,2.0789882010735004,1.54369420920119,1.4033722438391698,2.4998550392919814,-0.6086977995404551,0.22040752085387655,-0.6120129823684692,0.2095335572957992,-3.1317703250566833
-2.307977794061111,-1.3758910043047103,2.0868151158291703,1.54369420920119,1.4033722438391698,2.44956130312047,-0.6429539897822647,0.1943985091786296,-0.6391011476516724,0.1886371672153473,-3.094273733096709
-2.205064324808991,-1.4158211130720222,2.1464337233524358,1.5410696574349585,1.4033722438391698,2.390844586861982,-0.6730782207315661,0.1697445495488174,-0.6656409502029419,0.1668589115142822,-3.0545943381170004
-2.258044755334864,-1.5939009159558633,2.6288624523998063,1.534355687800412,1.416128786144808,2.2753643091477835,-0.711861685444879,0.13531889460121366,-0.7156904339790344,0.1224495619535446,-2.9673968313413965
-2.198163480187752,-1.6706357383110244,2.6422430832468597,1.5250782024872205,1.4219882505531396,2.211032272831312,-0.7440317642983576,0.10474368675622045,-0.7397043108940125,0.0991982743144035,-2.9210106378399585
-2.0811501366217757,-1.6910295106976283,2.657093146822344,1.5148851758602273,1.4353551537346456,2.143892576485847,-0.7714668503466141,0.0766653214308356,-0.7630106210708618,0.0751915201544761,-2.8771382913817267
-1.9423772888759925,-1.684719915253984,2.6510615399837447,1.468009460593576,1.4826581216144046,2.0440375371938657,-0.7955912434535847,0.0500259646163513,-0.7855625152587891,0.05048194155097,-2.8352546454587744
-1.8026087276065306,-1.6699616532109616,2.631487849413807,1.44267948424506,1.5072556649118791,2.012664988174258,-0.8174294462689856,0.024046086612167245,-0.8073287606239319,0.0251126252114772,-2.7948486270418247
-1.6722306886186573,-1.6563062296166735,2.5938014964311513,1.3658960860608835,1.578179598687724,1.932341496910048,-0.8376521416754288,-0.0017705657520560463,-0.828230082988739,-0.0007837262237444,-2.75659382644259
-1.689465739904669,-1.8315814736132507,2.99880105759075,0.0,0.0,0.0,-0.8655472091602869,-0.03985857850938633,-0.8667927384376526,-0.052525233477354,-2.6745583380690725
-1.631545454034403,-1.9021434578679925,2.976011026920266,1.3000991836423283,1.638666361486229,1.787075608453498,-0.8887496610390273,-0.07382860068812769,-0.8845639228820801,-0.0789279192686081,-2.6322303802906313
-1.5325359906414109,-1.9077462805495289,2.90440959164285,1.229663538567178,1.6968947890440222,1.5342641336690317,-0.9083090609515301,-0.10463328796736424,-0.9011539220809937,-0.1050381883978843,-2.591785101029388
-1.5197625099477934,-2.0646116593342914,3.315409213611181,1.202319371328298,1.715815976195926,1.4178072785534446,-0.9319852062827327,-0.14552730035800995,-0.93106210231781,-0.1568635255098343,-2.5052684850953475
-1.4328037852098021,-2.090561781991241,3.275426998052546,1.1700923170824749,1.7401083390554666,1.2365300984206913,-0.9505527305070771,-0.18027660017038222,-0.9442684650421144,-0.1821519434452057,-2.462765528285513
-1.308885502418533,-2.04480356215918,3.0830466309412046,1.1608758678568702,1.7465781643396658,1.165362020294499,-0.9652855890336883,-0.2107005997813427,-0.9563303589820862,-0.2073937803506851,-2.4289167487926218
-1.243564517233292,-2.1375792958628623,3.2342996818521743,1.1537346456092163,1.7526817730983444,1.0705119401846344,-0.9819095109538434,-0.249550684112015,-0.9771889448165894,-0.2562553286552429,-2.3663960981047554
-1.128979665095209,-2.1130249082793306,3.042425647670477,1.1093003738460363,1.7822232394903486,0.6437476157778286,-0.9942315565451938,-0.2821287089744208,-0.9859508275985718,-0.280354231595993,-2.3405540235665927
-1.042262807623272,-2.1993573917627316,2.9177592126017444,0.980758373388266,1.8463111314564733,0.2289463645380332,-1.0065625446369295,-0.3216443838232075,-1.0002957582473757,-0.3278833925724029,-2.3024285169644396
-0.9172320347135994,-2.155167436648372,2.633274603536655,0.8763256275272755,1.890928511482414,0.1222552834363317,-1.0149732029159002,-0.35391278818884286,-1.005937576293945,-0.3507193028926849,-2.28398889652191
-0.7786918812414738,-2.0460731426553993,2.264925120211045,0.6832074464026854,2.0,0.0278934920271609,-1.0204902893682883,-0.3811834508491584,-1.010478377342224,-0.3732995092868805,-2.274068738067134
-0.6424130325870576,-1.9090845764212006,1.927048840057502,0.5323262378881513,2.0,-0.0078736552986953,-1.0239402239266049,-0.40486456751047173,-1.014091730117798,-0.3949647843837738,-2.267530498673006
-0.5164952574647915,-1.7666291425028686,1.6169864094724196,0.002105745021744,2.0,-0.0300907911802852,-1.0258946477754132,-0.4259924628850404,-1.0167949199676514,-0.4156976044178009,-2.265235871135184
-0.40882087841641895,-1.773453470361141,1.1158063926515267,-0.1398031586175325,2.0,-0.044373235675593,-1.0270404234457193,-0.45470967250289834,-1.0192590951919556,-0.4552028477191925,-2.2881985909533644
-0.30439031775131536,-1.7030384467813868,0.8027202769613013,-0.6214389257648585,2.0,-0.0535286488136108,-1.02667785171624,-0.4784299247185155,-1.0191309452056885,-0.4733412265777588,-2.3009207502087454
-0.2073486954623993,-1.5921934090731273,0.5627509948369879,-0.7159838254367894,2.0,-0.0568245975432972,-1.0251328596816274,-0.49835078520309345,-1.0181199312210083,-0.4903403222560882,-2.3130421341284513
-0.119166694471494,-1.4649488547834149,0.36241953531259663,-0.8460517280842299,1.9611200122072177,-0.0568245975432972,-1.022620894407264,-0.515413984227875,-1.0162482261657717,-0.5062183737754822,-2.325430051793466
-0.0394449623979288,-1.3357857457907483,0.19717750501832473,-0.9857633325703824,1.907957579919127,-0.0654917219806208,-1.0192573094074258,-0.5303144383808639,-1.0134960412979126,-0.520980179309845,-2.337543581747259
0.033101514937711296,-1.2125724567593086,0.0604814937720663,-1.2297856107423517,1.7813687342641336,-0.0654917219806208,-1.0150925191409264,-0.5435416140736415,-1.0098497867584229,-0.5346373319625854,-2.3493291166617314
0.13341146671332627,-1.1821197745975098,-0.20044021174995763,-1.321034561684596,1.7210650797283895,-0.0654917219806208,-1.0079315947358622,-0.5609296044718077,-1.0006824731826782,-0.5587288737297058,-2.3771980073744947
0.2056466197404958,-1.1052294242822203,-0.31393420231277697,-1.4405432211795224,1.626947432669566,-0.0686655985351336,-1.0010216826616125,-0.5747604460179708,-0.9958014488220216,-0.569203794002533,-2.393520690877004
0.26181254262775755,-1.0054862990952347,-0.4135286677264189,-1.6243839169909209,1.4417029068436713,-0.0686655985351336,-0.9940183143868027,-0.5858502884683428,-0.9899593591690063,-0.5786421298980713,-2.4096376693500816
0.3027623783203903,-0.8978716785179656,-0.5273210525500704,-1.6863355458915084,1.372854200045777,-0.0686655985351336,-0.9871221979358651,-0.594823871323626,-0.9841628670692444,-0.5870468616485596,-2.4289133573518873
0.38279596140000505,-0.8364523670824561,-0.801793072843931,-1.737422751201648,1.314198519874876,-0.0686655985351336,-0.9769871318943516,-0.6051295042936832,-0.9712033271789552,-0.6006909012794495,-2.4684866736592137
0.4384915033986346,-0.7462670874174716,-0.8535044205402007,-1.835385671778439,1.1679560540169374,-0.0686655985351336,-0.9671804701390776,-0.6125507648214604,-0.9631555080413818,-0.6060333251953125,-2.487812316999736
0.4828587902164315,-0.6444533123519378,-0.9030119491243663,-2.0,1.0199435416189822,-0.0686655985351336,-0.9572315691204245,-0.6177603231559995,-0.9540252685546876,-0.610402524471283,-2.506937846366133
0.5932751440001831,-0.5610360797378899,-0.937529043109406,-2.0,0.9752651255054552,-0.0686655985351336,-0.9422064132921165,-0.622557021528749,-0.934226930141449,-0.6165286898612976,-2.525184891980481
0.6533829469310721,-0.46750832823753635,-0.7654089435008244,-2.0,0.8865796902418555,-0.0686655985351336,-0.928740398435206,-0.6253506570019021,-0.9243965744972228,-0.6185916662216187,-2.521406665503701
0.6884789089051576,-0.3727205315909306,-0.6009547000857227,-2.0,0.5592431525139239,-0.0686655985351336,-0.9159661439754311,-0.6265645492624877,-0.913429856300354,-0.6197144985198975,-2.516925234349475
0.7142615232104903,-0.2814035469435625,-0.4738256943462945,-2.0,0.4078736552986954,-0.0686655985351336,-0.9032460418285224,-0.6264912855580249,-0.9013828039169312,-0.6198920607566833,-2.513341488495751
0.811625168268199,-0.2039156165493904,-0.37909163076703034,-2.0,-0.0862745098039217,-0.0686655985351336,-0.885381332025623,-0.6258711625790468,-0.8783451318740845,-0.6202713251113892,-2.5109172189598157
0.7686275981648454,-0.1398688826020138,-0.3223514649806751,-2.0,-0.1222858014801251,-0.0686655985351336,-0.8752378169302193,-0.6248998046515601,-0.8783451318740845,-0.6202713251113892,-2.5109288405438615
0.7442981934252736,-0.08373801309778459,-0.23394009367366447,-2.0,-0.1650720988784617,-0.0686655985351336,-0.8645481460429869,-0.6234270017267265,-0.8663063645362854,-0.6193705797195435,-2.5065673394844468
0.8116759306003747,-0.010065886525610843,-0.15745167429099055,-2.0,-0.2238498512245366,-0.0686655985351336,-0.8481851608666376,-0.619896485740892,-0.8433159589767456,-0.6145724058151245,-2.502065710971671
0.832150182392935,0.05754200530356818,-0.1253945507310102,-2.0,-0.4618905928130008,-0.0686655985351336,-0.8338448321241322,-0.6155881107572296,-0.8323652148246765,-0.6107022762298584,-2.5011206723540766
0.8231248627510099,0.12129864137032105,-0.10187948416683912,-1.945616845960174,-0.5181048294804302,-0.0686655985351336,-0.821127075925147,-0.6104526086993438,-0.8217793107032776,-0.6058450937271118,-2.5005801625029545
0.8588033207548585,0.21012601244001677,-0.02034501546428523,-1.8830548561837184,-0.5539940489814601,-0.0686655985351336,-0.8055984431073792,-0.6026396218469605,-0.8030200600624084,-0.5962203145027161,-2.4933694042262826
0.8398741045961157,0.274272666432386,0.004738734371419365,-1.7879606317235066,-0.6645914396887158,-0.0686655985351336,-0.7931089644604339,-0.5950369923314732,-0.7944769263267517,-0.590401291847229,-2.4909674934262274
0.7899223705855287,0.3251888670908656,-0.0029272384197880086,-1.7742885481040664,-0.7806820782787822,-0.0541390096894787,-0.7829731929359008,-0.5872826564634535,-0.7865830659866333,-0.5836030840873718,-2.4917233702352632
0.7712117064762913,0.41102312959736537,0.039374446145769855,-1.785030899519341,-0.9246051728084228,-0.0541390096894787,-0.7715713614312628,-0.5764052947150659,-0.7729235291481018,-0.5702022910118103,-2.4871865667377775
0.717948569630757,0.4637296457686093,0.044166250200082385,-1.7844815747310596,-1.1118028534370947,-0.0541390096894787,-0.7627530988212199,-0.5663445970822577,-0.7666022777557373,-0.5625356435775757,-2.4860358577780723
0.647525286837519,0.5000752169645845,0.01920053444213725,-1.754207675288014,-1.1906004425116352,-0.0541390096894787,-0.7559214710181869,-0.5565221861516354,-0.7610107660293579,-0.5538955926895142,-2.488036703028665
0.6006963046018727,0.5992054296510406,-0.036700885709485986,-1.7047074082551308,-1.280567635614557,-0.0541390096894787,-0.7486568413960633,-0.5419676728219759,-0.7520410418510437,-0.5348038077354431,-2.4937933701781625
0.5353401951366595,0.6500269045453876,-0.016974413211666425,-1.556267643244068,-1.480827038986801,-0.0541390096894787,-0.7433662686403327,-0.5290206748825973,-0.7480893731117249,-0.5253479480743408,-2.49224081457987
0.48672409599549554,0.7500706676905857,-0.02166400299335966,-1.5182421606775005,-1.5270923933775844,-0.0541390096894787,-0.738014743385729,-0.5120065414679925,-0.7415280938148499,-0.504776656627655,-2.4930209883849574
0.4203912284826821,0.7893656103677805,0.012422201206945656,-1.4912031738765543,-1.5607232776379032,-0.0541390096894787,-0.734612297584859,-0.4974076968464147,-0.7394059896469116,-0.4945679605007171,-2.489671022760129
0.349592610586858,0.7992207185792489,0.015660431513599877,-1.4607461661707486,-1.5966735332265205,-0.0541390096894787,-0.7325663999301033,-0.4841263446167922,-0.7376828193664551,-0.4834141433238983,-2.489120794395719
0.2906198681586951,0.8847555341485359,-0.04099617560728808,-1.4487830930037384,-1.608697642481117,-0.0541390096894787,-0.7308714940221767,-0.46568426911219213,-0.7351332902908325,-0.4595029056072235,-2.4950150682744936
0.23449761999653418,0.9126645784344932,-0.036234759964305384,-1.447196154726482,-1.6148012512397956,-0.0541390096894787,-0.7299317112375733,-0.44968316671891373,-0.7339875102043152,-0.4476662576198578,-2.495153826517665
0.1866488273556964,0.9139697770623484,-0.028375186931503954,-1.447196154726482,-1.6148012512397956,-0.0541390096894787,-0.7293429420115577,-0.4349942492645935,-0.7328008413314819,-0.4348999261856079,-2.4948811664824624
0.14721311295255696,0.8988099161137526,-0.09984562428216939,-1.447196154726482,-1.6148012512397956,-0.0541390096894787,-0.7289635808635107,-0.4213729224114569,-0.7318134903907776,-0.4224684834480285,-2.5030828466172665
0.12701078541642838,0.9740201797780752,-0.10613060538836452,-1.460379949645228,-1.6148012512397956,-0.0541390096894787,-0.727943708513658,-0.4020199562399424,-0.7294036746025085,-0.3965847194194793,-2.5053662922702182
0.11199740000953542,1.0042855245425915,-0.08906314841272872,-1.518364232852674,-1.5835507743953614,-0.0541390096894787,-0.7269040423073267,-0.38443484897261077,-0.7279890179634094,-0.382247656583786,-2.50521233995185
0.1128227338347688,1.122051174868564,-0.1540572995632616,-1.5966124971389335,-1.4968795300221256,-0.0541390096894787,-0.7250575226574134,-0.3605810173758381,-0.724997878074646,-0.3520704209804535,-2.513671754031422
0.10020835178190197,1.0538148566205774,-0.13230385591948962,-1.7767910276951246,-0.9198443579766536,-0.0541390096894787,-0.7240862717265133,-0.34713917182156734,-0.724997878074646,-0.3520704209804535,-2.513760090698921
0.11354481818479155,1.1182155484524994,-0.17531081550432348,-1.7767910276951246,-0.9198443579766536,-0.0541390096894787,-0.7216012896642565,-0.3260207268406875,-0.7206375002861023,-0.3213666677474975,-2.5205267898865777
0.1359157292022269,1.141663629315299,-0.17317383790407315,-1.7670862897688258,-0.2373998626688029,-0.0541390096894787,-0.7183056741856634,-0.30657917002764173,-0.7166889905929565,-0.3048846423625946,-2.5230985413841314
0.16944753363084886,1.1456768743998162,-0.1946165122708447,-1.0179293507286182,0.2540627145799954,-0.0541390096894787,-0.7139142986905345,-0.2880472439575032,-0.711491048336029,-0.2877572178840637,-2.5281940469935438
0.25551436029917857,1.254306345700678,-0.22642335187969495,-0.4559700923170824,0.2785992217898831,-0.0541390096894787,-0.7055134239030043,-0.2625351261853329,-0.6992936134338379,-0.2546847760677337,-2.534771643848531
0.31287898240976547,1.2746142951807167,-0.20675089510211744,-0.3092393377584497,0.2150606546120392,-0.0541390096894787,-0.6976329280530053,-0.24112370473086886,-0.6934873461723328,-0.2396561056375503,-2.5362485994689172
0.3541093679267066,1.2391112481493087,-0.14435464345983212,-0.2098115510795757,0.173311970702678,-0.0541390096894787,-0.689901201950154,-0.22307691493589626,-0.6869215965270996,-0.2256426215171814,-2.5328063747379908
0.43690093199425917,1.2572006262833009,-0.024793709412522624,-0.1017166399633784,0.1294880598153658,-0.0541390096894787,-0.6787622591963051,-0.20205528057518513,-0.6727791428565979,-0.200748011469841,-2.5221596475226096
0.4296214650411023,1.1212808621463473,-0.020925055516716397,-0.0796215762569618,0.1185015640497444,-0.0541390096894787,-0.6722530760022956,-0.1909254677015724,-0.6727791428565979,-0.200748011469841,-2.5221364352184037
0.4765251737948338,1.0693621694871913,0.1247529615433765,-0.0813916227969786,0.1114824139772641,-0.0541390096894787,-0.6622784175663478,-0.17641721995219412,-0.6588888168334961,-0.1801692396402359,-2.506670633161616
0.501488989100667,0.9810670936774544,0.15738408043372398,-0.1520714122224764,0.574013885709926,-0.0541390096894787,-0.6530037044260623,-0.16514444480341495,-0.6511996388435364,-0.1715252846479416,-2.5010456222489346
0.5687809254546988,0.9223051605447767,0.09994758392836753,-0.2940413519493401,1.1049668116273748,-0.0541390096894787,-0.6405313386480318,-0.15333201096438154,-0.6356683373451233,-0.1575785726308822,-2.504779442172683
0.538157737076844,0.7849725482249159,0.08465321102396783,-0.3923704890516517,1.6701609826810102,-0.0541390096894787,-0.6334552845924543,-0.14765392624933552,-0.6356683373451233,-0.1575785726308822,-2.504829113969875
0.5660388702822388,0.6910593643288834,-0.08339678877021561,-0.4850232700083925,2.0,-0.0541390096894787,-0.6230015921007842,-0.1413027874831439,-0.6209867000579834,-0.1480896323919296,-2.521718664865014
0.5733083056035067,0.5839232200506586,-0.16537930286447353,-0.5545433737697414,2.0,-0.0541390096894787,-0.6134644016304782,-0.13732840442584582,-0.6129390597343445,-0.1450708359479904,-2.532186885143639
0.5719947441853662,0.47398811133635305,-0.2604094162895226,-0.6027618829633021,2.0,-0.0541390096894787,-0.6043783057883538,-0.13525323389345775,-0.6044732332229614,-0.1431979387998581,-2.5453622198518047
0.5679542206588072,0.3673485974097198,-0.33597867889476474,-0.636942092011902,2.0,-0.0541390096894787,-0.5954935012084134,-0.13471915959587102,-0.5957854986190796,-0.1424257010221481,-2.5579885690235593
0.5640288503341543,0.26709610070720136,-0.38732884410766355,-0.6764324406805524,2.0,-0.0541390096894787,-0.5866657324456911,-0.13546908395774823,-0.5869494080543518,-0.1427140533924102,-2.569096461073743
0.560730786587772,0.17424241003431956,-0.41605913239836917,-0.6928511482413977,2.0,-0.0541390096894787,-0.5778592995631376,-0.13733392726955204,-0.5780976414680481,-0.1440442055463791,-2.5784729071194095
0.6090890534037421,0.07545491113422814,-0.3541585706393152,-0.6996261539635309,2.0,-0.0541390096894787,-0.5656907339148843,-0.1410767024105048,-0.5621960163116455,-0.1482158005237579,-2.578357981595419
0.6216089221302633,-0.009530223889826842,-0.33269404392795304,-0.7043259327077134,2.0,-0.0541390096894787,-0.5551176443462499,-0.1454876295040969,-0.5542128682136536,-0.1516292691230774,-2.5817456124552343
0.6165604689287456,-0.08465025842507826,-0.3132946036690251,-0.7059739070725566,2.0,-0.0541390096894787,-0.5455056452333595,-0.15060615572388222,-0.5458704829216003,-0.1560348719358444,-2.584980049970098
0.6058354692449636,-0.15294921104992415,-0.2928325272982464,-0.7059739070725566,2.0,-0.0541390096894787,-0.5363496870653177,-0.1564756737418606,-0.537124752998352,-0.1614114493131637,-2.587786542662863
0.596090194194345,-0.21679628008704893,-0.259301214190264,-0.7119554436560616,2.0,-0.0541390096894787,-0.5273005611597275,-0.16314366944339528,-0.5280048251152039,-0.1677577197551727,-2.5888541269893453
0.5916684415184783,-0.2779137227723958,-0.2134656510510662,-0.7119554436560616,2.0,-0.0541390096894787,-0.5180554317137724,-0.170652767841968,-0.5183749794960022,-0.1750695556402206,-2.5880644441983107
0.5947991437090782,-0.3366010657486538,-0.17408546727564722,-0.7119554436560616,2.0,-0.0541390096894787,-0.5083817718808878,-0.1789790960527293,-0.5081555247306824,-0.1832202672958374,-2.5872380514586335
0.6071969319149171,-0.3918321568983862,-0.14399580661095793,-0.7119554436560616,2.0,-0.0541390096894787,-0.4980453913784463,-0.18801593551514426,-0.4971494376659393,-0.1920073330402374,-2.5867748055152706
0.7132845214984586,-0.5084368334640124,-0.13286023259677437,-0.7167772945754176,2.0,-0.0541390096894787,-0.48131699165281483,-0.20199376346197945,-0.4736503362655639,-0.2104204595088958,-2.5878746568134665
0.7704496166857476,-0.5757248948334852,-0.08150586615608059,-0.7180590524147401,2.0,-0.0541390096894787,-0.4661253635691132,-0.2145770385819628,-0.4619942009449005,-0.219439759850502,-2.584433958986274
0.7112191757566555,-0.5442967685224498,-0.06914123587411541,-0.7233691920347907,2.0,-0.0541390096894787,-0.4577137815214704,-0.22171098323147967,-0.4619942009449005,-0.219439759850502,-2.584399652630766
0.7834583454048453,-0.6089146845308714,-0.026406250032299593,-0.7880064087891967,2.0,-0.0541390096894787,-0.4415586805713496,-0.2346914990800321,-0.4363381564617157,-0.2393612563610077,-2.580871211985718
0.8317753038429185,-0.6510236739556192,-0.01755818316139378,-0.8158999008163577,2.0,-0.0541390096894787,-0.4258292048003353,-0.24721787925044425,-0.4223374724388122,-0.250260978937149,-2.5803335736754485
0.8684559560937369,-0.678986815024246,-0.03319644245249204,-0.8346990157930876,2.0,-0.0541390096894787,-0.41009591176916654,-0.2594828481160697,-0.4074451029300689,-0.261503666639328,-2.582310538448421
1.001346038607236,-0.7697215973980815,-0.03394352737657337,-0.8466620889600978,1.9934081025406272,-0.0541390096894787,-0.3874155058157388,-0.27634494108116714,-0.3778119087219238,-0.2829020917415619,-2.5829227307101914
0.9549653725754026,-0.7281072771559296,-0.0289846264955033,-0.8570992599374381,1.9934081025406272,-0.0541390096894787,-0.37446010683356784,-0.2859094430606343,-0.3778119087219238,-0.2829020917415619,-2.5829279565620036
1.052505495760472,-0.7877801469369827,-0.043922913470221134,-0.8610666056305791,1.9934081025406272,-0.0541390096894787,-0.3527324688074145,-0.3015040194445545,-0.3456835150718689,-0.3058164119720459,-2.585011824088041
1.106785129369239,-0.8162093183478994,-0.052209779890285,-0.8635690852216373,1.9934081025406272,-0.0541390096894787,-0.33230405751358594,-0.3159879002576239,-0.3283814191818237,-0.3180423974990845,-2.5866140834579285
1.1380644458219245,-0.8288938135959775,-0.05737658018462108,-0.8635690852216373,1.9934081025406272,-0.0541390096894787,-0.3125276793126232,-0.3298857972116571,-0.3102672100067138,-0.3308024704456329,-2.5880101477431188
1.2957765851201044,-0.9288063600664616,-0.08254426963993869,-0.8670481422140841,1.9934081025406272,-0.0541390096894787,-0.2838925985502467,-0.34975312668622294,-0.2724951803684234,-0.3569735288619995,-2.5916594316849135
1.3641405607840174,-0.9666627870966006,-0.047769275893544634,-0.8670481422140841,1.9934081025406272,-0.0541390096894787,-0.25864076075568065,-0.3671166448518179,-0.2537002861499786,-0.3698524236679077,-2.5892033379561443
1.3837558670825671,-0.9721583273888509,-0.027665634488311507,-0.8670481422140841,1.9934081025406272,-0.0541390096894787,-0.23551778118350583,-0.3829465491639608,-0.2341002374887466,-0.3833436965942383,-2.5877887677856384
1.3751502252922243,-0.9568785809444862,-0.026775097833422905,-0.8670481422140841,1.9934081025406272,-0.0541390096894787,-0.21394658992476293,-0.3974909674201661,-0.2145684957504272,-0.3963867425918579,-2.5881348619221076
1.4991106166647623,-1.0313804640189335,0.03910838078483362,-0.8670481422140841,1.9934081025406272,-0.0541390096894787,-0.1837494005651062,-0.4177262025352069,-0.1747911274433136,-0.4231102466583252,-2.5814175168443594
1.5427165377331638,-1.054154527001416,0.0440209944119292,-0.8697947661554895,1.9934081025406272,-0.0541390096894787,-0.1568809261761016,-0.4357338399569362,-0.153729647397995,-0.4373796582221985,-2.580256457720896
1.7025162709256265,-1.156031517992746,0.027863544957413108,-0.8697947661554895,1.9934081025406272,-0.0541390096894787,-0.12163340508048831,-0.45933520653774457,-0.1100851222872734,-0.4666975736618042,-2.5813049213056556
1.7461739836885088,-1.180039018348555,0.05355928885165771,-0.8697947661554895,1.9934081025406272,-0.0541390096894787,-0.09150701637287302,-0.4794188010223449,-0.0883519947528839,-0.4811537563800812,-2.578075847296042
1.73001151133344,-1.1649144027799379,0.06464311904858738,-0.8697947661554895,1.9934081025406272,-0.041809719996948,-0.06463670294726973,-0.49729956574110984,-0.0658047199249267,-0.4962065517902374,-2.5760140250048553
1.8585538789768932,-1.2451992245578645,0.055707185620249816,-0.8697947661554895,1.9934081025406272,-0.041809719996948,-0.028458827272605944,-0.5212456730865751,-0.0191694274544715,-0.5270476341247559,-2.5759497344944244
1.878639958984792,-1.2531603328214906,0.08183035265579966,-0.8697947661554895,1.9934081025406272,-0.041809719996948,0.0026058873453734645,-0.5416951544082499,0.0040574525482952,-0.5422704815864563,-2.572228186086225
1.8456230670363223,-1.226763224270578,0.09307332440318736,-0.8697947661554895,1.9934081025406272,-0.041809719996948,0.030481442746160502,-0.5600006570828927,0.0280954036861658,-0.5580930113792419,-2.569695573065931
1.9734202797078926,-1.3050854933161737,0.08401157952501712,-0.8697947661554895,1.9934081025406272,-0.041809719996948,0.06845984253383933,-0.5848066049429941,0.0776953920722007,-0.5904667377471924,-2.5691904383389548
1.9905617548295322,-1.3105857136893164,0.10693601271948974,-0.8586251621271077,1.9934081025406272,-0.041809719996948,0.10116775733383972,-0.6060515819458986,0.1024065241217613,-0.6064490675926208,-2.565363363555098
2.137705663930223,-1.398159015011377,0.11716245875502315,-0.849713893339437,1.9934081025406272,-0.041809719996948,0.14274414943815142,-0.6328102577890639,0.1533778309822082,-0.63913893699646,-2.5625393340116127
2.150882331528863,-1.398912030588988,0.14344246687390447,-0.8025329976348516,1.9934081025406272,-0.041809719996948,0.17781852449970012,-0.6552305824571742,0.1787707656621933,-0.6552850008010864,-2.55780913816309
2.097872065173959,-1.35914011289167,0.1574578274173484,-0.7470511940184634,1.9934081025406272,-0.041809719996948,0.20872823389787032,-0.674983929096488,0.204897329211235,-0.6721097230911255,-2.553985596456212
2.0203975523177804,-1.3086818252189423,0.15756909042610054,-0.648599984740978,1.927672236209659,-0.041809719996948,0.23717249421850106,-0.6933944694543902,0.2315736263990402,-0.6897479891777039,-2.551454169186454
2.1273606651543586,-1.3824684830363099,0.18189447647965268,-0.5087052719920653,1.337575341420615,-0.041809719996948,0.2765699830479728,-0.7192112742961236,0.2842999100685119,-0.7245436310768127,-2.5462952937887846
2.1290488134191268,-1.3940678512290299,0.1455409794578542,-0.0614938582436865,0.8635080491340505,-0.041809719996948,0.3107193539621039,-0.7420975821989806,0.3108413517475128,-0.742935836315155,-2.547346575792892
2.0722032766822642,-1.3707831459674962,0.10231470948920193,0.0845654993514917,0.2834210727092394,-0.041809719996948,0.34102618463858037,-0.7628633602311699,0.3369181156158447,-0.7611806392669678,-2.5496825671424044
1.9828812474193622,-1.3326292956407928,0.08213289528657544,0.1974822613870452,0.2499732967116808,-0.041809719996948,0.36827652756251,-0.7822736120735518,0.3618214726448059,-0.779516339302063,-2.5502249672946986
1.8775228858275497,-1.2965416739035607,0.06543790970433619,1.4082551308461126,0.19662775616083,-0.041809719996948,0.3930375865820863,-0.80120999675369,0.3854236304759979,-0.7986020445823669,-2.550718887110406
1.921732222295426,-1.4005712201192904,0.03403362874845874,1.4630655374990464,0.1734950789654383,-0.041809719996948,0.42600054792232156,-0.8288318590175956,0.4291954338550567,-0.8363497853279114,-2.553076288292249
1.722615576795211,-1.2929565590269507,0.02880899268805334,2.0,-0.3666132600900282,-0.041809719996948,0.4435850406781378,-0.8441267979308895,0.4291954338550567,-0.8363497853279114,-2.5530980864533954
1.6975107660347466,-1.374474416068133,0.0014766497791071122,2.0,-0.4610360875867858,-0.041809719996948,0.46948725860589935,-0.8702030933928648,0.4676730036735534,-0.8760941624641418,-2.555601796757405
1.612416109972439,-1.4084568768943895,-0.00882274112105067,1.9851071946288243,-0.536110475318532,-0.041809719996948,0.4910219849631379,-0.8944411999153438,0.484872430562973,-0.89689701795578,-2.5566962327313916
1.4968100489240714,-1.4131042088265178,0.0900645105208886,1.965026321812772,-0.6363927672236209,-0.041809719996948,0.5091781458591502,-0.9172837362224865,0.5008236169815063,-0.9176195859909058,-2.5461218072027805
1.4711980414406438,-1.5373431971987461,0.3715598249187884,1.9403677424277104,-0.7414358739604792,-0.041809719996948,0.5314339455300856,-0.9481066068365713,0.5295830368995667,-0.9570850133895874,-2.512487815261141
1.3791984859111481,-1.562243448398405,0.5953347269797127,1.9122911421377888,-0.8405584802014192,-0.041809719996948,0.5488911985201532,-0.9743502062491315,0.5422426462173462,-0.9761496782302856,-2.4747861084168217
1.2555032624586497,-1.5272218852677526,0.803067647963489,1.87011520561532,-0.9709315632867934,-0.041809719996948,0.5627811182867104,-0.9970308924806934,0.5538420081138611,-0.9944999814033508,-2.4333005243665236
1.122577147547903,-1.4576989538333798,0.9632531639038914,1.858274204623484,-1.0058442053864347,-0.041809719996948,0.5740816777968567,-1.016870413850177,0.5644754767417908,-1.0118461847305298,-2.3945468036391904
1.0587841428186993,-1.481813565098515,1.3023869519449318,1.8455176623178453,-1.0500953688868542,-0.041809719996948,0.5878256779214772,-1.0417877682067647,0.5832155346870422,-1.0435304641723633,-2.325327137279701
0.9602834372623925,-1.4271140888801168,1.3303367679214126,1.8455176623178453,-1.0529030289158463,-0.041809719996948,0.5982545298676762,-1.0618807068901148,0.5911361575126648,-1.0579277276992798,-2.296128628961009
0.8479213101006768,-1.3309017510248493,1.4248110965871432,1.839658197909514,-1.0599221789883266,-0.041809719996948,0.6061910183010255,-1.0783541176105338,0.5980709195137024,-1.0714011192321775,-2.2643514947724235
0.7706037460968356,-1.3020610635824963,1.6519737087199458,1.8352635996032656,-1.0658426794842453,-0.041809719996948,0.6146464421306634,-1.0977419426225397,0.6090589165687561,-1.0956577062606812,-2.2151409283843817
0.6690869908081671,-1.2149594250051396,1.6388578257411968,1.817441062027924,-1.096665903715572,-0.041809719996948,0.6202650224167188,-1.1128167959428787,0.6129286885261536,-1.1065222024917605,-2.1907671367911203
0.5588060842247672,-1.1016085852656208,1.600193833324534,1.7887541008621346,-1.141039139391165,-0.041809719996948,0.623679953241658,-1.124762738271694,0.6157102584838867,-1.1165711879730225,-2.168365424760318
0.44878158938991314,-0.9819041224520513,1.5460002066262977,1.733150225070573,-1.2217288471808958,-0.041809719996948,0.6253473404543759,-1.1344750412250744,0.6173961758613586,-1.1258243322372437,-2.148067019123383
0.3473773427780128,-0.9200977728421369,1.6706126748339032,1.6514229037918668,-1.3214618142977037,-0.041809719996948,0.625824203967799,-1.146099606940345,0.6184960007667542,-1.1416330337524414,-2.1112889743451313
0.2552936054840213,-0.8272006639580481,1.5976710124948108,1.5480888075074386,-1.442130159456779,-0.041809719996948,0.6252947606828907,-1.1546799200873197,0.618640124797821,-1.1479665040969849,-2.093595320959074
0.17095258487552245,-0.7236671866343843,1.5003649530542047,1.5289845120927748,-1.4647745479514764,-0.041809719996948,0.6238038338780827,-1.1610707294003473,0.6177087426185608,-1.1535886526107788,-2.077345700972039
0.09089392306434387,-0.6437041711629518,1.5500391610408164,1.5167772945754177,-1.4794842450598915,-0.041809719996948,0.6212465493404489,-1.1673632014884983,0.6154609322547913,-1.161584496498108,-2.0485919851176435
0.021446564235394178,-0.5480175170162663,1.4302319197459283,1.5089646753643091,-1.4889448386358437,-0.041809719996948,0.6181098192759161,-1.1713368054757956,0.6130910515785217,-1.164421796798706,-2.037339611253715
-0.04218842099944552,-0.4505327895962946,1.2667992988775538,1.5015182726787213,-1.4949874113069352,-0.041809719996948,0.6142461764358247,-1.1736605557918007,0.6096474528312683,-1.166615605354309,-2.0300193607857957
-0.1195917536308689,-0.3674213293176989,1.0992878729667002,0.0,0.0,0.0,0.6084541745669858,-1.175374739828111,0.6028604507446289,-1.1693685054779053,-2.0257635840376618
-0.1779154132214565,-0.2933076520480239,0.9222470778555409,1.4952925917448692,-1.501029983978027,-0.041809719996948,0.6026850402795483,-1.1763539668248204,0.598470151424408,-1.170997977256775,-2.025438991393272
-0.21842549860311683,-0.22877723192028965,0.7329592460310267,1.4943160143434806,-1.504692149233234,-0.041809719996948,0.5971603489559564,-1.1767809058916887,0.5942327976226807,-1.1721174716949463,-2.0294900771470727
-0.2752323142153104,-0.18713468557818752,0.583086317975182,1.4943160143434806,-1.504692149233234,-0.041809719996948,0.5899101504199981,-1.1776884320497172,0.5858048796653748,-1.1746790409088137,-2.0328966723721438
-0.30349869994704,-0.15352494160152766,0.4918321735751854,1.4943160143434806,-1.504692149233234,-0.041809719996948,0.5836377963821789,-1.178460710755761,0.5815950632095337,-1.1760318279266355,-2.033014778045377
-0.32020629601235784,-0.13125302379961243,0.42005717002521614,1.4943160143434806,-1.504692149233234,-0.041809719996948,0.5776773097777167,-1.179444755686985,0.576469898223877,-1.17783522605896,-2.0327443390946036
-0.37841745996865406,-0.13137346409133505,0.3197142591077432,1.4943160143434806,-1.504692149233234,-0.041809719996948,0.5687057796846406,-1.1815527661464396,0.564499020576477,-1.1815614700317385,-2.0367556074427617
-0.4081837644686382,-0.12889009641884386,0.25412961523595134,1.4943160143434806,-1.504692149233234,-0.041809719996948,0.5606833065371908,-1.183490570857356,0.558532178401947,-1.183311104774475,-2.038657154110172
-0.42613552042071245,-0.12952949047402684,0.2186220694308052,1.4943160143434806,-1.5071335927367056,-0.041809719996948,0.5529656098561195,-1.1855950815251965,0.5516682863235474,-1.1856412887573242,-2.0384143685602587
-0.44264412493258176,-0.13388473131563733,0.18850052392616076,1.4943160143434806,-1.5071335927367056,-0.041809719996948,0.5450560890772818,-1.1879554700630492,0.54386305809021,-1.1882702112197876,-2.038172513831187
-0.5252540807634609,-0.15958006574088468,0.12252036620267243,1.4943160143434806,-1.5071335927367056,-0.041809719996948,0.5325125959865254,-1.1917962954616212,0.526542603969574,-1.193653225898743,-2.0423007435957525
-0.5699026599594388,-0.17287512302029528,0.08554355116748377,1.4943160143434806,-1.5071335927367056,-0.041809719996948,0.5211568980258091,-1.1952284874688108,0.517930269241333,-1.196189284324646,-2.0443471049701154
-0.5960484240586139,-0.18240912346588867,0.07550301518544428,1.4943160143434806,-1.5071335927367056,-0.041809719996948,0.5103100087197138,-1.1986247640770786,0.5084205269813538,-1.199313759803772,-2.044066826111552
-0.6163196476927678,-0.19097854099776124,0.06657702823547504,1.4943160143434806,-1.5071335927367056,-0.041809719996948,0.4994331418873576,-1.2021098179502663,0.4979681968688965,-1.202729105949402,-2.043826534186663
-0.7190668993514535,-0.22373098239465336,0.01864495417600641,1.4943160143434806,-1.5071335927367056,-0.041809719996948,0.4827796020976254,-1.207330676226105,0.4753543436527252,-1.2096976041793823,-2.0479587344592947
-0.7707246182856956,-0.23876451325154924,-0.005268584387282036,1.4943160143434806,-1.5071335927367056,-0.041809719996948,0.4678595381397346,-1.2119042100821429,0.4641263782978058,-1.212990641593933,-2.050259622648299
-0.7962447006873927,-0.24705570373339877,-0.0014836643484028899,1.4943160143434806,-1.5071335927367056,-0.041809719996948,0.45384086012766545,-1.216272557130691,0.4519965946674347,-1.216871738433838,-2.0499331056914456
-0.9053244287610261,-0.2797364546896285,-0.03959487931990811,1.4943160143434806,-1.5071335927367056,-0.041809719996948,0.43388989151583823,-1.2223859106915917,0.4260070025920868,-1.224747657775879,-2.054086810385747
-0.950850966689993,-0.2913882939505137,-0.056251750053703545,1.4884565499351492,-1.5071335927367056,-0.041809719996948,0.41639502780481796,-1.227631974903441,0.4131049513816833,-1.2284740209579468,-2.056532384831014
-0.9644665140751544,-0.2949282692400711,-0.04470192400264466,1.4884565499351492,-1.5071335927367056,-0.041809719996948,0.4002813143909842,-1.2325282086415512,0.3992973566055298,-1.2327840328216553,-2.056178576097482
-0.9667031912495888,-0.2956126444549849,-0.035821850734030346,1.4884565499351492,-1.5071335927367056,-0.041809719996948,0.38470198769096536,-1.2372923036934669,0.3845403492450714,-1.2373417615890503,-2.055931672246148
-1.081682031949149,-0.32862540042942195,-0.07073736528169251,1.4884565499351492,-1.5071335927367056,-0.041809719996948,0.3616337041119851,-1.2442045165263378,0.3533245027065277,-1.246590256690979,-2.0602872902656983
-1.1287742044003342,-0.3396556774967091,-0.08219403019010954,1.4884565499351492,-1.5071335927367056,-0.041809719996948,0.3412136176288458,-1.2501917135753455,0.3378103971481323,-1.2509888410568235,-2.0626659182001132
-1.1415350810274272,-0.34199202480635577,-0.06666441557300035,1.4884565499351492,-1.5071335927367056,-0.041809719996948,0.322309633070251,-1.255780655893219,0.3213874399662018,-1.2559494972229004,-2.0622953398732387
-1.2660204525479248,-0.3761639410344938,-0.09758537630279718,1.4884565499351492,-1.5071335927367056,-0.041809719996948,0.29581558057953294,-1.263511568691866,0.2868193686008453,-1.2659810781478882,-2.066708706135763
-1.3088797495340392,-0.38508803526312696,-0.10460782719674144,1.4884565499351492,-1.5071335927367056,-0.041809719996948,0.2727259067147241,-1.2701201466481338,0.2696285843849182,-1.2707650661468506,-2.0690345009304854
-1.3107475569913758,-0.38376593359692235,-0.08564111325168208,1.4884565499351492,-1.5071335927367056,-0.041809719996948,0.251660353522931,-1.2761941535852523,0.2515253722667694,-1.276098608970642,-2.068649937700445
-1.297822044144795,-0.37914947311482045,-0.07066123493119188,1.4884565499351492,-1.5071335927367056,-0.041809719996948,0.23154287368666238,-1.2820292230988277,0.2324769645929336,-1.2816956043243408,-2.06839825797513
-1.413844333815707,-0.4074881129198292,-0.12425559944945357,1.4884565499351492,-1.5071335927367056,-0.041809719996948,0.20310770803404807,-1.2899690282584277,0.1947230994701385,-1.2920169830322266,-2.0753288750100736
-1.4539503339512716,-0.41625238638155376,-0.10292709675624685,1.4884565499351492,-1.5071335927367056,-0.041809719996948,0.17783486728817346,-1.2970682275178698,0.1749365180730819,-1.2977015972137451,-2.074988631146192
-1.4565997074023393,-0.415639555584871,-0.08530241809874989,1.4884565499351492,-1.5071335927367056,-0.041809719996948,0.15439651690405706,-1.303687752621343,0.1542050540447235,-1.3036434650421145,-2.0747280112082573
-1.601519566765379,-0.4540339398212747,-0.11423380922809315,1.4884565499351492,-1.5071335927367056,-0.041809719996948,0.12151054525756294,-1.3128761652431784,0.1110375896096229,-1.3156508207321167,-2.079223553686811
-1.6473209851945632,-0.46321322200582377,-0.11763730749844409,1.4884565499351492,-1.5071335927367056,-0.041809719996948,0.09285838751130662,-1.3207475331705438,0.0895484462380409,-1.321410894393921,-2.0814218720165916
-1.642699773956144,-0.4598191581331157,-0.09655121181256676,1.4884565499351492,-1.5071335927367056,-0.041809719996948,0.0668067512356351,-1.327934569614043,0.0671407133340835,-1.327689290046692,-2.081016223696848
-1.6191187591589093,-0.45207224196865586,-0.07987639232340754,1.4884565499351492,-1.5071335927367056,-0.041809719996948,0.0420824508997656,-1.3347795422477997,0.0437865853309631,-1.3342196941375732,-2.08075588670455
-1.7546292005036574,-0.4839186397795236,-0.13203504497737495,1.4884565499351492,-1.5071335927367056,-0.041809719996948,0.007218213157742041,-1.3441180029206008,-0.002574749989435,-1.3464194536209106,-2.0876774568091685
-1.6225167399571923,-0.4445962554174625,-0.11335925179423621,1.4884565499351492,-1.5071335927367056,-0.041809719996948,-0.012122150503930904,-1.3492611731009403,-0.002574749989435,-1.3464194536209106,-2.087750121413683
-1.7210453228201452,-0.46955130442951953,-0.09022993581522246,1.4884565499351492,-1.5071335927367056,-0.041809719996948,-0.0445959555978781,-1.3580244440241758,-0.0517163425683975,-1.3598278760910034,-2.087060038040438
-1.761290558949421,-0.47949393954778347,-0.07445011935056374,1.4884565499351492,-1.5105516136415655,-0.041809719996948,-0.07479321679460176,-1.3661945535961564,-0.0777016282081604,-1.366913080215454,-2.0867954034237512
-1.966546172786638,-0.5325582982289814,-0.10587828535294408,1.4884565499351492,-1.5105516136415655,-0.041809719996948,-0.1165429240618191,-1.3773744404760437,-0.131376177072525,-1.3812092542648315,-2.091389323957783
-2.0396275314381147,-0.5484467898308222,-0.10855324383037851,1.4884565499351492,-1.5105516136415655,-0.041809719996948,-0.15283893247795036,-1.3869457312145164,-0.1581203192472458,-1.3880939483642578,-2.093374691748843
-2.240730604488609,-0.5966659519085056,-0.13439742827246637,1.4884565499351492,-1.5105516136415655,-0.041809719996948,-0.19876751472989998,-1.3989085569649269,-0.2133006751537323,-1.4023932218551636,-2.097916148912816
-2.285426093283485,-0.6026648159581129,-0.1331226108417382,1.4884565499351492,-1.5105516136415655,-0.041809719996948,-0.23757393817460024,-1.4088517856905567,-0.2408039569854736,-1.409285306930542,-2.0999276467536614
-2.2499964972379596,-0.5891724123552645,-0.10953802614170993,1.4884565499351492,-1.5105516136415655,-0.041809719996948,-0.27179857244422206,-1.4176024656003754,-0.2692381739616394,-1.4166274070739746,-2.0994999753533925
-2.1836916495786856,-0.5687483513764364,-0.09082610177967712,1.4884565499351492,-1.5105516136415655,-0.041809719996948,-0.30341522900420737,-1.425679028364415,-0.2986235618591308,-1.4242030382156372,-2.0992281254011522
-2.318684023303104,-0.5957986841275748,-0.14378231747190756,1.4884565499351492,-1.5105516136415655,-0.041809719996948,-0.34727838452770626,-1.436567248046668,-0.357033908367157,-1.4385221004486084,-2.1064072890402636
-2.338865141200977,-0.5957088690361889,-0.11934982892321098,1.4884565499351492,-1.5105516136415655,-0.041809719996948,-0.38571146422909053,-1.4460940894878067,-0.3871698975563049,-1.4460875988006592,-2.106036382550218
-2.3036357527554254,-0.5831051153843857,-0.0991394056304645,1.4884565499351492,-1.5105516136415655,-0.041809719996948,-0.42080435860911886,-1.4547922212053133,-0.4182584285736084,-1.4538813829421997,-2.1057602393430708
-2.480548333182125,-0.6225332897021215,-0.1302503523304341,1.4884565499351492,-1.512993057145037,-0.041809719996948,-0.46935788493456404,-1.4667284246803993,-0.4821428656578064,-1.4695777893066406,-2.1107103918738193
-2.5162624749923106,-0.6259613396045859,-0.1299511128524558,1.4884565499351492,-1.512993057145037,-0.041809719996948,-0.5114076522678116,-1.4769155791760278,-0.5139886140823364,-1.477163314819336,-2.1127617724823895
-2.480914273263374,-0.6130157347022164,-0.10672866573320673,1.4884565499351492,-1.512993057145037,-0.041809719996948,-0.5493310494682677,-1.486075151286506,-0.546776533126831,-1.4851396083831787,-2.1123221480139436
-2.64694366527286,-0.6447415009360619,-0.15882217508628577,1.4884565499351492,-1.512993057145037,-0.041809719996948,-0.6000015652306608,-1.497980733118876,-0.612000048160553,-1.5002734661102295,-2.1196545552960893
-2.6701064439532303,-0.6439179993937073,-0.1322628638283186,1.4884565499351492,-1.512993057145037,-0.041809719996948,-0.6438839111280724,-1.508242157012829,-0.6455578207969666,-1.5081826448440552,-2.119288485676859
-2.6219297647565503,-0.626981545045048,-0.11791681804260745,1.4884565499351492,-1.512993057145037,-0.041809719996948,-0.6834207455806859,-1.5174252082118957,-0.6799391508102417,-1.5162012577056885,-2.1198548102822374
-2.5428114297542512,-0.6035133892828792,-0.10705679654493282,1.4884565499351492,-1.512993057145037,-0.041809719996948,-0.7201412591383917,-1.5259054777813872,-0.7144235968589783,-1.5242094993591309,-2.120565787850059
-2.701512461520619,-0.6335673327621165,-0.1502098383194002,1.4884565499351492,-1.512993057145037,-0.041809719996948,-0.7713176654443147,-1.537548501063819,-0.7827865481376648,-1.5397204160690308,-2.126950116740318
-2.716941873764432,-0.629684910048266,-0.15548223225688598,1.4884565499351492,-1.512993057145037,-0.041809719996948,-0.8155618739320633,-1.5474289188050767,-0.816676914691925,-1.54714834690094,-2.1299305991626554
-2.6604321703544755,-0.6101260292270513,-0.13924824533414482,1.4884565499351492,-1.512993057145037,-0.041809719996948,-0.8552971948766976,-1.5562108769472283,-0.8512133955955505,-1.5547974109649658,-2.1306556053005643
-2.5730207966224223,-0.5845046058988388,-0.12520550816634834,1.4884565499351492,-1.512993057145037,-0.041809719996948,-0.8920855099032927,-1.5642791098394175,-0.8857685327529907,-1.5624275207519531,-2.131364520984411
-2.4795431398056267,-0.5584520971414706,-0.11326370844439355,1.4884565499351492,-1.512993057145037,-0.041809719996948,-0.9270742125108701,-1.5719089017203705,-0.920318841934204,-1.570026159286499,-2.1320751863526803
-2.3937248812383403,-0.5349947268887558,-0.10309889798053397,1.4884565499351492,-1.512993057145037,-0.041809719996948,-0.9610736208628153,-1.5792934131329255,-0.9548717737197876,-1.577598214149475,-2.1327865572636115
-2.5674145206266985,-0.5668965350787555,-0.14680731425258348,1.4884565499351492,-1.512993057145037,-0.041809719996948,-1.0108555107405721,-1.5899622966392462,-1.0234075784683228,-1.5922677516937256,-2.1391683789104703
-2.6067880253915203,-0.5686849879689521,-0.15254524355854,1.4884565499351492,-1.512993057145037,-0.041809719996948,-1.0545370505993499,-1.599150872420219,-1.0573824644088743,-1.5992801189422607,-2.142145594150931
-2.82236693633013,-0.6053488918099187,-0.18869288798546696,1.4884565499351492,-1.512993057145037,-0.041809719996948,-1.1104971708706004,-1.6106736131918773,-1.1260764598846436,-1.613323211669922,-2.1485137431808683
-2.8547589398836397,-0.6029504022228552,-0.18829202110595075,1.4884565499351492,-1.512993057145037,-0.041809719996948,-1.1577964156113267,-1.6202006358751175,-1.1601372957229614,-1.6200273036956787,-2.1514889128455033
-2.792343354708807,-0.5818742927524397,-0.1672115078258266,1.4884565499351492,-1.512993057145037,-0.041809719996948,-1.1993463830008066,-1.628454540791172,-1.1948357820510864,-1.6269314289093018,-2.152215428816303
-2.687724883442298,-0.5533299181797899,-0.14898952841011504,1.4884565499351492,-1.512993057145037,-0.041809719996948,-1.2371077484794708,-1.6358775151511773,-1.2295472621917725,-1.6338146924972534,-2.1529233251284525
-2.8153814477178187,-0.5670906269877978,-0.2063722941546997,1.4884565499351492,-1.512993057145037,-0.041809719996948,-1.2885504793316342,-1.6456404881344784,-1.2977758646011353,-1.6466349363327026,-2.1614983315469396
-2.8077297059149484,-0.5560647478471592,-0.18360592151461808,1.4884565499351492,-1.512993057145037,-0.041809719996948,-1.3330907403948107,-1.653985038262714,-1.3325377702713013,-1.6531882286071775,-2.162291786290251
-2.7304213132256816,-0.5332266950095831,-0.16288874143499302,1.4884565499351492,-1.512993057145037,-0.041809719996948,-1.3729037048556436,-1.6613722939832027,-1.3673168420791626,-1.659721851348877,-2.162994502829602
-2.6256320055579976,-0.5066338094827187,-0.14533465903761683,1.4884565499351492,-1.512993057145037,-0.041809719996948,-1.4096630240009524,-1.6681459160092575,-1.4020901918411257,-1.6662241220474243,-2.163704821836477
-2.7656453004682406,-0.5248204183906189,-0.18289598757960113,1.4884565499351492,-1.512993057145037,-0.041809719996948,-1.4609291487721108,-1.6774543390928758,-1.4710475206375122,-1.6787686347961426,-2.1700862983709643
-2.765961835607732,-0.516699910975429,-0.18348368705984452,1.4884565499351492,-1.512993057145037,-0.041809719996948,-1.5052003991157625,-1.6853146344835748,-1.505223274230957,-1.6847277879714966,-2.1730770440585885
-2.6980355507758724,-0.497175810539177,-0.16309629453875532,1.4884565499351492,-1.512993057145037,-0.041809719996948,-1.5449653109614516,-1.6922911319056737,-1.5400564670562744,-1.6908801794052124,-2.1738008701313056
-2.602461953146021,-0.47381064132116674,-0.1454874479888414,1.4884565499351492,-1.512993057145037,-0.041809719996948,-1.5818156909738994,-1.69870131796767,-1.5749088525772097,-1.6970127820968628,-2.1745085651646763
-2.499141194163749,-0.44821031438175885,-0.17641374700335388,1.4884565499351492,-1.512993057145037,-0.041809719996948,-1.6166247433189866,-1.7045898992955126,-1.6091580390930176,-1.7027398347854614,-2.1801762207732023
-2.403662585641382,-0.4236041645827952,-0.17782354903754102,1.4884565499351492,-1.512993057145037,-0.041809719996948,-1.6502990931749082,-1.7101345985525878,-1.6433991193771362,-1.7083563804626465,-2.1831530580280596
-2.5803483862993017,-0.4454749044719536,-0.16478924342880225,0.0,0.0,0.0,-1.700438056847251,-1.7183580982113662,-1.7132066488265991,-1.7199386358261108,-2.184583740026249
-2.6265168117294464,-0.4469410619829578,-0.14703401771832475,1.4884565499351492,-1.512993057145037,-0.041809719996948,-1.7447757378409963,-1.7255826215679773,-1.7481122016906738,-1.7256885766983032,-2.1852999064475958
-2.5948278195864196,-0.43472544594087803,-0.1776856279845024,1.4884565499351492,-1.512993057145037,-0.041809719996948,-1.7847051078167486,-1.7319261274119422,-1.7824150323867798,-1.7310433387756348,-2.190962009672677
-2.7724180726669103,-0.4523186464344052,-0.2312122709623686,1.4744182497901883,-1.512993057145037,-0.041809719996948,-1.8379625068619938,-1.740044787577021,-1.850796461105347,-1.7413161993026731,-2.199677008445468
-2.7909266828862163,-0.444815214176531,-0.222541975784693,1.3372701609826811,-1.5033493553063249,-0.0559700923170822,-1.8835447650509498,-1.7467858482816625,-1.8848823308944704,-1.746243596076965,-2.202417105118875
-2.9773394080798496,-0.4583674990746238,-0.2530300061216625,1.2231937132829789,-1.387685969329366,-0.0678110933089186,-1.9405229827638935,-1.7547988074925585,-1.9539945125579836,-1.755778193473816,-2.209272791682771
-2.9725492102279527,-0.4385623403699963,-0.25497122250753396,1.016830701152056,-0.6720378423743036,-0.0835584039063093,-1.9878437424220514,-1.7608234060965728,-1.9874975681304927,-1.7593921422958374,-2.213534489185739
-2.8627048589915494,-0.39656703856932085,-0.23143599204690915,0.460425726710918,-0.2265354390783551,-0.1040665293354692,-2.028142928601559,-1.7650641739972177,-2.020204782485962,-1.7620292901992798,-2.215059800063365
-2.705020958164531,-0.3511622723653157,-0.26643151395794173,0.4080567635614556,-0.2076142519264517,-0.110658426794842,-2.0635220235078293,-1.7684076238606634,-2.05212664604187,-1.765126347541809,-2.222519908834307
-2.750206992137581,-0.3317971778606979,-0.4640722273963391,0.3067368581673912,-0.1756313420309756,-0.1362935835812928,-2.1097895216202702,-1.7727460306447809,-2.1130549907684326,-1.7713465690612793,-2.248799498663432
-2.664536917994575,-0.3122347543223567,-0.5113572131956079,0.2347142748149844,-0.1534752422369725,-0.2006256198977647,-2.1481293478000336,-1.7767615508696388,-2.1419382095336914,-1.7753478288650513,-2.2623937600906174
-2.512722033192635,-0.300543786121251,-0.5394744063223456,0.1404135194934004,-0.127718013275349,-0.5935759517814905,-2.180725745139459,-1.7809844392621494,-2.1697545051574707,-1.7801395654678345,-2.273777052557423
-2.3362545516018676,-0.30002980319669065,-0.5347462782115954,0.1228351262684062,-0.1233234149691004,-0.7849851224536506,-2.209263368026842,-1.7857591614063184,-2.1965105533599854,-1.785722017288208,-2.2818846497849723
-2.3383728399190478,-0.3343775869606665,-0.5879084579616156,0.1116655222400244,-0.1217975127794308,-1.027786678873884,-2.2467834768650587,-1.792830304927582,-2.246936559677124,-1.795312523841858,-2.296152390350189
-2.2408510899122738,-0.3365390382092151,-0.5808617804848722,0.1028763256275273,-0.1217975127794308,-1.288410772869459,-2.2777504648546962,-1.7983232357508556,-2.270702838897705,-1.798479437828064,-2.304757862635784
-2.0954934437776305,-0.3138936872959813,-0.589487682262397,0.0822461280231938,-0.1217975127794308,-1.8218661783779653,-2.3039947647142447,-1.8022108192749204,-2.293490171432495,-1.8005743026733398,-2.314977351634107
-2.0857333512361547,-0.27405638789262243,-0.7557633856648522,0.0749217975127796,-0.117463950560769,-2.163668268863966,-2.3368774386562134,-1.8045995501612873,-2.336172103881836,-1.80172061920166,-2.3425627651121506
-1.9824618022852514,-0.2153168634607507,-0.7867494280722421,0.0726024261844817,-0.117463950560769,-2.3846189059281304,-2.3634220865523403,-1.8051012941043618,-2.355958938598633,-1.800856351852417,-2.3588817033796277
-1.8356523449859434,-0.14658053986762018,-0.8482784652955759,0.0726024261844817,-0.117463950560769,-2.7098191805905243,-2.385436181334473,-1.8040023362735325,-2.374826669692993,-1.7990349531173706,-2.378468894226826
-1.7993265510766026,-0.05066013281042078,-1.1493245215212997,0.0686961165789274,-0.117463950560769,-3.0712748912794687,-2.412405189694735,-1.8000065091996864,-2.4097800254821777,-1.793074607849121,-2.428599810942654
-1.5723034884942224,0.005292499866314811,-1.0668144660573715,0.0686961165789274,-0.117463950560769,-3.3111467154955365,-2.426186351543595,-1.797118149175924,-2.4097800254821777,-1.793074607849121,-2.429263995877421
-1.3876983786923416,0.05993036137701284,-1.221480926550352,0.0666819256885635,-0.1021438925764859,-3.524406805523766,-2.4391393145889904,-1.7934214640509987,-2.4257984161376958,-1.7894729375839231,-2.4597523939829866
-1.3389178427359747,0.14728045805300244,-1.715715494798505,0.061860074769207,-0.0672312504768446,-4.0,-2.458117700175319,-1.786688029479544,-2.45459246635437,-1.7803754806518557,-2.551923589732152
-1.2499650327177994,0.21344983781803273,-1.7214695229856514,0.0525215533684289,-0.0378118562600136,-4.0,-2.473659884538283,-1.7799572102797616,-2.467231512069702,-1.7751753330230713,-2.603535451306976
-1.145338015953738,0.2576870785797761,-1.9488860624821012,0.0457465476462957,-0.0186465247577629,-4.0,-2.4867426319384975,-1.773617573007873,-2.4791815280914307,-1.7704206705093384,-2.6664196245810654
-1.0399380345706541,0.27810392138142415,-2.116042045335684,0.0381780727855343,0.0058899824521247,-4.0,-2.4981002478493655,-1.7681448610969195,-2.490483283996582,-1.7666693925857544,-2.7326849576381678
-1.0145120815558197,0.2902256801034594,-2.5412484819200087,0.0340886549172196,0.0126039520866712,-4.0,-2.51305839499777,-1.762893851936007,-2.511220932006836,-1.762017846107483,-2.862882414426138
-0.9499714271056766,0.27386769488008866,-2.5485648362718174,0.0476997024490728,0.0162050812542915,-4.0,-2.5250239283651696,-1.7593316363517075,-2.520359754562378,-1.7605137825012207,-2.900500580694472
-0.8675929958418022,0.2378922362940366,-2.658187033547341,0.0712596322575724,0.0184634164950026,-4.0,-2.5347775897558913,-1.7573280223911014,-2.5288243293762207,-1.7599278688430786,-2.950816368791616
-0.778766297187948,0.19134455326417393,-2.7952051172945183,0.0772411688410774,0.0184634164950026,-4.0,-2.542786913551035,-1.7565989254220877,-2.536367654800415,-1.759962797164917,-3.0077836376178966
-0.688612073190085,0.14383838720189526,-2.893770788598786,0.0892652780956742,0.0184634164950026,-4.0,-2.549287249991599,-1.7566779548722078,-2.542772054672241,-1.7601110935211182,-3.064089764565293
-0.5994584905962702,0.10088186318655956,-3.0082084095451145,0.0954909590295263,0.0184634164950026,-4.0,-2.5544112693486354,-1.757216314795038,-2.54796838760376,-1.7603206634521484,-3.123561649517471
-0.5352800914462528,0.05792242509700057,-3.730869115618158,0.1082475013351644,0.0184634164950026,-4.0,-2.5597598932697223,-1.758442171746019,-2.555121898651123,-1.7615467309951782,3.021497666290448
-0.4542805096471034,0.026247806810492116,-3.718936046398275,0.1109941252765698,0.0184634164950026,-4.0,-2.5629696464060356,-1.7596093617280641,-2.5571160316467285,-1.761898398399353,2.955031952193807
-0.3842324081479419,0.00533787617975957,-4.240297846603485,0.1141069657434958,0.0184634164950026,-4.0,-2.56560738777125,-1.7605717125715161,-2.5605452060699463,-1.762082815170288,2.8403478553024057
-0.3148810116916511,-0.006658823548365412,-4.200769025017872,0.1202716105897612,0.0184634164950026,-4.0,-2.567170417358033,-1.7612793855591702,-2.5621585845947266,-1.7621463537216189,2.787002508824667
-0.255425186132659,-0.010621623113062256,-4.132494011658719,0.1443198290989547,0.0184634164950026,-4.0,-2.5682780019764713,-1.7616478998796479,-2.563981294631958,-1.7619342803955078,2.725566427099711
-0.20881157002923395,-0.008318615901809136,-4.149401658364252,0.1443198290989547,0.0184634164950026,-4.0,-2.5692832674327857,-1.7616655984220373,-2.5659146308898926,-1.7614991664886477,2.6578428167444157
-0.17398626797306785,-0.003001796573043616,-3.967365578271386,0.1731288624399174,0.0184634164950026,-4.0,-2.570322018056872,-1.7614472114609154,-2.567805290222168,-1.7610629796981812,2.610828744629712
-0.14880322078652156,0.0032983525848349514,-3.831605580796466,0.1731288624399174,0.0184634164950026,-4.0,-2.5714409949821224,-1.7610787493253957,-2.569621086120605,-1.7606234550476074,2.5589254317633725
-0.15031898891661108,0.0224937715883026,-4.557919046818767,0.2016327153429467,0.0184634164950026,-4.0,-2.5739220510634566,-1.759757003035043,-2.5740315914154053,-1.75836980342865,2.4309390882480364
-0.15068031426226505,0.041189544775512316,-4.555441949412338,0.2202487220569162,0.0184634164950026,-4.0,-2.57635104141764,-1.7581611606754388,-2.5763771533966064,-1.7568100690841677,2.3606023097720907
-0.1685055174174831,0.07582706272173018,-4.959283636562725,0.2312962539101244,0.0184634164950026,-4.0,-2.5799403167306574,-1.7552123075130743,-2.581228494644165,-1.752709150314331,2.244494310084665
-0.17490777745643085,0.099887398845904,-4.8686221583825136,0.2455176623178454,0.0184634164950026,-4.0,-2.5830596462462028,-1.7524084914406342,-2.583522319793701,-1.7506697177886963,2.189689910540745
-0.17534495257232127,0.120644396058551,-4.68866159844333,0.2455176623178454,0.0184634164950026,-4.0,-2.5858870715011006,-1.7494380874441369,-2.585918664932251,-1.74793803691864,2.1271044409015247
-0.1725990521034521,0.14071003549585842,-4.616468500545892,0.2730449378194857,0.0097352559700922,-4.0,-2.588511064483767,-1.7461812758401036,-2.5883126258850098,-1.7447311878204346,2.058843160033632
-0.1679172920159325,0.15955383710977017,-4.563077333255609,0.2794537270160981,0.0097352559700922,-4.0,-2.5909631470607044,-1.742684187380175,-2.5906248092651367,-1.74132239818573,1.9905431710342418
-0.17542462937737247,0.20803566883962007,-4.984631683075877,0.3037460898756388,0.0097352559700922,-4.0,-2.5941461195302393,-1.7369262842820796,-2.594688653945923,-1.7334226369857788,1.872368801836918
-0.17073639913264912,0.2366377761995178,-4.920837843699375,0.3335927367055773,0.0097352559700922,-4.0,-2.5966429836137697,-1.7317068826518298,-2.596304178237915,-1.7296398878097534,1.8130782292311514
-0.16695103843113604,0.2911290883499298,-5.355110397804609,0.4018921187151902,0.0097352559700922,-4.0,-2.599124523002022,-1.7243183612051087,-2.598850965499878,-1.720380425453186,1.6954188327909128
-0.15195542263754475,0.31829979644993844,-5.2613245121656025,0.4713511863889525,0.0097352559700922,-4.0,-2.6008044079719337,-1.7178640919458674,-2.5997207164764404,-1.7159005403518677,1.6355880042482922
-0.13241696863711702,0.33702777076648954,-5.0343182657097385,1.043320363164721,0.0041809719996948,-4.0,-2.601944044693793,-1.711533224433049,-2.600532054901123,-1.7101798057556152,1.5713807573841247
-0.10926234953637168,0.4032879069849461,-5.550283584698886,1.16411078049897,0.0041809719996948,-3.958617532616159,-2.602532008353234,-1.7017604484932938,-2.600858688354492,-1.6969720125198364,1.443452067661655
-0.08130539583158894,0.43978238484482424,-5.470100717372095,1.7085526817730985,0.003265430685893,-1.5757686732280458,-2.602432024898339,-1.6928952614468151,-2.6004116535186768,-1.690257906913757,1.386334745088456
-0.05014286399917009,0.463411520238889,-5.170168706467772,2.0,0.003265430685893,-0.2439612420843824,-2.6016728155097617,-1.684296666080717,-2.5994207859039307,-1.682589054107666,1.3245273830520325
-0.0057454603280812505,0.5324157243264815,-5.203086600085146,2.0,0.003265430685893,-0.2439612420843824,-2.5995400734015717,-1.6723203450405966,-2.596331596374512,-1.6673336029052734,1.2388599052356233
0.03162418440249686,0.5588843863515646,-4.796928221848404,2.0,0.003265430685893,-0.2439612420843824,-2.5971615646144657,-1.662051900536758,-2.594460964202881,-1.660139083862305,1.2062323586526462
0.06741381184640471,0.5652893039737027,-3.973513277408335,2.0,0.003265430685893,-0.2439612420843824,-2.5942895934499877,-1.6526863334304962,-2.591703176498413,-1.6522234678268433,1.1943020573867233
0.10395514073132432,0.5675928934057898,-3.244321415704733,2.0,0.003265430685893,-0.2229648279545282,-2.5907952946935504,-1.643489418649985,-2.588154554367065,-1.6433229446411133,1.1869108934107653
0.1407008185095175,0.5757946946116176,-2.693433947912692,2.0,0.003265430685893,-0.2134431982909896,-2.5867028255582025,-1.6338657268740278,-2.584047317504883,-1.633273005485535,1.1811650782537861
0.17172098259531418,0.5820079947557047,-2.271372167930577,2.0,0.003265430685893,-0.2111238269626918,-2.5824009284011757,-1.624242262302706,-2.5801591873168945,-1.6237932443618774,1.176170353188033
0.19671553715399615,0.5875774095046684,-1.9329569992388158,0.0,0.0,0.0,-2.578001050206529,-1.614561950968161,-2.5761947631835938,-1.6141594648361206,1.1720737607375593
0.2560323237974165,0.6863432022658974,-1.6966789897414187,2.0,0.003265430685893,-0.2111238269626918,-2.5709322816417535,-1.598631493666149,-2.566645622253418,-1.5914939641952517,1.164450734473622
0.29276035460794947,0.7413215047054663,-1.465548288731467,2.0,0.003265430685893,-0.2111238269626918,-2.564407744184823,-1.584015491400393,-2.561753511428833,-1.5800423622131348,1.160935777463893
0.3139183400565675,0.7679670648140946,-1.2674417710043702,2.0,0.003265430685893,-0.2111238269626918,-2.558324864326358,-1.5703928600145707,-2.556795835494995,-1.5684672594070437,1.1579347100057065
0.32882820409279995,0.7855641795137132,-1.1060722817636506,2.0,0.003265430685893,-0.2111238269626918,-2.552316508126083,-1.5569420751867988,-2.551239013671875,-1.5556703805923462,1.1545354604262275
0.3372519666857606,0.7919642998024573,-0.9712965397679352,2.0,0.003265430685893,-0.2111238269626918,-2.546498377933904,-1.543949948532531,-2.545889616012573,-1.5434874296188354,1.1510901599794752
0.34175367153743724,0.7925735824616746,-0.8539484894888975,2.0,0.003265430685893,-0.2111238269626918,-2.5408047473194686,-1.531238241217681,-2.5404794216156006,-1.5311942100524902,1.1480485269724783
0.39545361992614075,0.9035147969397713,-0.7915730294469651,2.0,0.003265430685893,-0.2111238269626918,-2.5317866871007983,-1.5112229511710022,-2.527905941009521,-1.5032055377960205,1.141055167111823
0.42909073901619077,0.9692020731237742,-0.7082526555166652,2.0,0.003265430685893,-0.2111238269626918,-2.5232357432020827,-1.492424253500022,-2.5208048820495605,-1.4876772165298462,1.1373732113728934
0.4520563670669653,1.0107233647352578,-0.6365996670684207,2.0,0.003265430685893,-0.2111238269626918,-2.5148520773780056,-1.4741721266970131,-2.5131924152374268,-1.471171498298645,1.1337534115344394
0.4708939985883,1.0423600384895706,-0.5759357547361506,2.0,0.003265430685893,-0.2017242694743268,-2.506373855506027,-1.4559091125185213,-2.5050125122070317,-1.453622817993164,1.1301098369809948
0.5415583042421186,1.1842458002764997,-0.550567340625155,2.0,0.003265430685893,-0.2017242694743268,-2.4941680686545626,-1.4298515539958565,-2.4890613555908203,-1.419597864151001,1.1236342161915946
0.5784555842338315,1.253380914919611,-0.4995812937706763,2.0,0.003265430685893,-0.2017242694743268,-2.483063926768988,-1.4063332302272438,-2.4803974628448486,-1.4013370275497437,1.1203523154301442
0.5977572584286892,1.2834075845128003,-0.45786951308467544,2.0,0.003265430685893,-0.2017242694743268,-2.472532640443599,-1.3842941295593678,-2.471137762069702,-1.3821241855621338,1.1168689779402217
0.6098659364942267,1.2968992100862937,-0.4223140840241809,2.0,0.003265430685893,-0.2017242694743268,-2.4621680426272574,-1.3628677024956932,-2.4612929821014404,-1.3618927001953125,1.1133910093683352
0.6208480000729768,1.3072190679850408,-0.39198014587084723,2.0,0.003265430685893,-0.2017242694743268,-2.4516841843032586,-1.3414350889524997,-2.45089054107666,-1.3406893014907837,1.1099186937002183
0.6342741474268345,1.3219903422345158,-0.36617677325037884,2.0,0.003265430685893,-0.2017242694743268,-2.44086303923121,-1.3195430830126342,-2.4398927688598637,-1.318475604057312,1.10644232160099
0.6515784139397602,1.3443711591801022,-0.3442602337068293,2.0,0.003265430685893,-0.2017242694743268,-2.429570700718387,-1.2969116842871722,-2.4283201694488525,-1.2952942848205566,1.1029585330573723
0.7502441433397254,1.5290383373823726,-0.349251775184537,2.0,0.003265430685893,-0.2017242694743268,-2.4126228423439495,-1.2631937497458556,-2.4054925441741943,-1.2498483657836914,1.0969093171038682
0.8026893998960846,1.6216764633939884,-0.3264306772855358,2.0,0.003265430685893,-0.2017242694743268,-2.397151879867602,-1.2326050059944649,-2.393361806869507,-1.2259103059768677,1.0938016158284412
0.8298301061518455,1.6623462141854581,-0.31068586765493533,2.0,0.003265430685893,-0.2017242694743268,-2.3825146289884946,-1.203969582691484,-2.3805532455444336,-1.2010304927825928,1.0902847218729488
0.8451003740505179,1.6781430053413184,-0.2971652192448845,2.0,0.003265430685893,-0.199404898146029,-2.3682278589166805,-1.1763277474398173,-2.367124319076538,-1.1751861572265625,1.0867796467122448
0.8569094631563344,1.6861340465093098,-0.28554228999355213,2.0,0.003265430685893,-0.199404898146029,-2.353925576506829,-1.1489491868182191,-2.353072166442871,-1.148371696472168,1.0832853186537306
0.870070035939028,1.6960690004815628,-0.2754766227475117,2.0,0.003265430685893,-0.199404898146029,-2.3393450046553395,-1.1213142611589184,-2.3383939266204834,-1.1205962896347046,1.0798082095292993
0.8870133496929528,1.7128200778093645,-0.26668797986800297,2.0,0.003265430685893,-0.199404898146029,-2.324303793826844,-1.0930697752823233,-2.3230793476104736,-1.091859221458435,1.0763537359171778
1.011845740165729,1.9313755719324341,-0.2849478973477244,2.0,0.003265430685893,-0.199404898146029,-2.301859148274421,-1.051216365918227,-2.292837858200073,-1.0354219675064087,1.0701062431571173
1.0744886701653695,2.0332213570852566,-0.27298951706532226,2.0,0.003265430685893,-0.199404898146029,-2.281528411449054,-1.0135815255771663,-2.27700138092041,-1.0062214136123655,1.0668483837862566
1.0992979774731595,2.0626411018306943,-0.26400607835275863,2.0,0.003265430685893,-0.199404898146029,-2.2626964965967837,-0.9791051004822182,-2.260903596878052,-0.9769790172576904,1.0634543067295257
1.1020673792407787,2.050232920018635,-0.2563784858223479,2.0,0.003265430685893,-0.199404898146029,-2.2449246490725514,-0.9469231241575665,-2.24472451210022,-0.9478198289871216,1.0600572306607015
1.0903768330915538,2.0120358884802143,-0.24818821683603132,2.0,0.003265430685893,-0.199404898146029,-2.2280644107802985,-0.916644530558161,-2.2289092540740967,-0.919404923915863,1.0568433066776937
1.190946630715933,2.173892013006157,-0.27015304439453636,2.0,0.003265430685893,-0.199404898146029,-2.203969903369825,-0.8737519557298988,-2.196702003479004,-0.8620550632476807,1.0504908326914444
1.225467848571917,2.2163259411467258,-0.2619124507323608,2.0,0.003265430685893,-0.199404898146029,-2.1826326252102275,-0.836164457223271,-2.180137872695923,-0.8330978751182556,1.0470656688959128
1.2221286957944129,2.1909589719528597,-0.25459545877039846,2.0,0.003265430685893,-0.199404898146029,-2.163245884673584,-0.8023802042614063,-2.163487195968628,-0.8042134046554565,1.0436682693888741
1.2000886159846236,2.132676826043636,-0.24835479237430055,2.0,0.003265430685893,-0.199404898146029,-2.1451488533064693,-0.7711777825489702,-2.1467416286468506,-0.7753896713256836,1.0402713071275147
1.286161757625579,2.2611702105123217,-0.2691283094009812,2.0,0.003265430685893,-0.199404898146029,-2.120257303730447,-0.7285605000234825,-2.114037036895752,-0.719274640083313,1.0340452866425158
1.305241808451767,2.2740407441783246,-0.2605212727662754,2.0,0.003265430685893,-0.1847562371252005,-2.0984173697302624,-0.6915309301487735,-2.097038507461548,-0.6906008124351501,1.0306764307492555
1.288103403213227,2.2246770655915737,-0.2533927483908634,2.0,0.003265430685893,-0.1406881818875414,-2.0786664881755743,-0.6584096171650806,-2.0799050331115723,-0.6619769930839539,1.0272806296781247
1.3762358177655258,2.349070179120579,-0.27222931891423463,2.0,0.003265430685893,-0.1007705806057828,-2.052230567387565,-0.6145913919217192,-2.0458614826202397,-0.6056018471717834,1.0211846857248508
1.3844531724919633,2.342979776321275,-0.2576134089129144,2.0,0.003265430685893,-0.0281376363775081,-2.0296675606081807,-0.5774088940035592,-2.029073715209961,-0.5778490304946899,1.0184201291419928
1.4780701554157536,2.4744981770299694,-0.24944889787113436,2.0,0.003265430685893,0.0079957274738688,-2.0013274691259317,-0.5312267862022653,-1.994562029838562,-0.5217223167419434,1.0151821362491538
1.4791197978180708,2.456861054047306,-0.22481691324063097,2.0,0.003265430685893,0.0441290913252458,-1.977608956776025,-0.49280077203204586,-1.9775331020355225,-0.4940753579139709,1.013860342779658
1.4356800910003997,2.36840468373189,-0.19035306389199097,2.0,0.003265430685893,0.0513313496604865,-1.9568147564252556,-0.45933867760336344,-1.959954023361206,-0.4657311737537384,1.013991155289227
1.3740051597919105,2.2532513267210397,-0.15529959709929178,2.0,0.003265430685893,-0.0083619439993896,-1.9379210873925938,-0.42905677212412546,-1.9423781633377075,-0.4373785853385925,1.0147359525223645
1.4332495508775709,2.3373073982753962,-0.11775681412674252,2.0,0.003265430685893,-0.1399557488364999,-1.9120204707982704,-0.38744796384415686,-1.9077390432357788,-0.3813734650611877,1.0163144447067578
1.4217285707854426,2.3103252407238037,-0.09532503059892199,2.0,0.003265430685893,-1.2726634622720685,-1.889850108070235,-0.3518347845991782,-1.8906826972961424,-0.3537847101688385,1.0168593351593809
1.3778928701687732,2.234105115913597,-0.10272374440616343,2.0,0.003265430685893,-2.438818951705196,-1.8700003457490317,-0.3199083482613303,-1.8731682300567627,-0.3254165649414062,1.0145324920661345
1.32324944833315,2.1404044335262293,-0.25541633337324743,2.0,0.003265430685893,-3.5956969558251317,-1.8515664325359031,-0.2903570403414672,-1.8555153608322144,-0.2971285283565521,0.996293952827168
1.273519328035387,2.0456774592474267,-0.48850277357268934,2.0,0.003265430685893,-4.0,-1.8336820050504354,-0.26237278954518467,-1.8372758626937864,-0.2692184448242187,0.9652868530539808
1.3624207507080268,2.144514374325119,-1.0132473131411759,2.0,0.003265430685893,-4.0,-1.8074285918007542,-0.2231080296861908,-1.8010039329528809,-0.2159653604030609,0.8862534376014914
1.3887858017021053,2.1364008005611677,-1.1677571583409165,2.0,0.003265430685893,-4.0,-1.7838869164030475,-0.18933217263004135,-1.7819815874099731,-0.1899185180664062,0.8356703532828581
1.3858165673285958,2.067611183479964,-1.4391025206535244,2.0,0.003265430685893,-4.0,-1.7618626340140564,-0.1596973105984196,-1.7620772123336792,-0.1646685451269149,0.7765661230867615
1.3738356505394758,1.9680227130899917,-1.6875070711548394,2.0,0.003265430685893,-4.0,-1.7404816045632436,-0.13319913606633924,-1.7413474321365356,-0.1403961181640625,0.7119784297716194
1.503339336690202,2.018705325393706,-2.297917977628445,2.0,0.003265430685893,-4.0,-1.7099389917227765,-0.09836024153374805,-1.70058012008667,-0.0946975499391555,0.5664840752286721
1.548920138421123,1.9657291665020005,-2.292871041652362,2.0,0.003265430685893,-3.807003891050583,-1.6828723022081284,-0.06956310945420582,-1.6795783042907717,-0.0733915492892265,0.5160644392336008
1.5495175967231845,1.8563592181873965,-2.5844242110884856,2.0,0.003265430685893,-2.4417486839093616,-1.6580500831611467,-0.04534168209926086,-1.6580069065093994,-0.0532455444335937,0.4483918145147394
1.5302360702679207,1.7217236208820674,-2.798710709176406,2.0,0.003265430685893,-1.2594796673533226,-1.6345324666624705,-0.024540437927869745,-1.6359258890151978,-0.0342701785266399,0.3783073477563373
1.6551742818387458,1.7106650928247398,-3.394307791114682,2.0,0.003265430685893,-0.375188830395972,-1.601789261949282,0.002276081744875791,-1.5927603244781494,0.0014769126428291,0.251467102460384
1.6883447427512774,1.6263580536658384,-3.383564208332968,2.0,0.003265430685893,-0.3211108567940792,-1.5731136373446997,0.024073345186534263,-1.5707165002822876,0.0179807096719741,0.20257042893413021
1.6741816761627508,1.5070621359123946,-3.270736716730913,2.0,0.003265430685893,-0.2870527199206529,-1.5470364148608646,0.04220864777136826,-1.5480599403381348,0.0335874632000923,0.1587881184944397
1.639685094735229,1.3758098568717914,-3.133338205691723,2.0,0.003265430685893,-0.2748455024032958,-1.5225300114429656,0.05764480336324307,-1.5250229835510254,0.0481595657765865,0.11882332284325274
1.593880943749342,1.2489086201582587,-2.990903316393714,2.0,0.003265430685893,-0.2661783779659723,-1.4993230752493396,0.07126856162492401,-1.5026332139968872,0.0620977617800235,0.0816427707895848
1.5461727553593125,1.1352758716222013,-2.7619397785018696,2.0,0.003265430685893,-0.263126573586633,-1.476974877763626,0.08373905462171763,-1.4804226160049438,0.0755271315574646,0.055061649307595384
1.6703745318843173,1.1146705329852447,-2.6492671098223326,2.0,0.003265430685893,-0.263126573586633,-1.4440253704094757,0.10054128881276041,-1.4350496530532837,0.0990521982312202,0.02094954078545614
1.7078528118020413,1.047796801814059,-2.350870548720909,2.0,0.003265430685893,-0.2542153047989623,-1.4148217600813258,0.1139551221374984,-1.4121133089065552,0.1091223433613777,0.007950444485727544
1.6966508353810847,0.9562487976710751,-2.04420064496144,2.0,0.003265430685893,-0.2542153047989623,-1.388236656452404,0.12466780649704894,-1.3890461921691897,0.1180518865585327,-0.001862180181897223
1.8238282246311213,0.9060314138845365,-1.8419485955676538,2.0,0.003265430685893,-0.2514076447699702,-1.3526827877189724,0.13664801150924336,-1.343492031097412,0.1330189406871795,-0.015700271170225683
1.8382940382945108,0.8237424502347093,-1.5428311591178954,2.0,0.003265430685893,-0.2514076447699702,-1.322545228691263,0.1457045472222631,-1.3214998245239258,0.139757752418518,-0.015509224522092916
1.7926770123921245,0.7252847037873312,-1.2711672540611136,2.0,0.003265430685893,-0.2514076447699702,-1.2961481789172487,0.15237557203212,-1.2994447946548462,0.1452603042125702,-0.013621341946142266
1.7208345296015275,0.6209012144231469,-1.054853960801319,2.0,0.003265430685893,-0.2514076447699702,-1.2722147166431592,0.15707953330277008,-1.2774065732955933,0.1495360285043716,-0.012182512698697388
1.6382045263638145,0.5220971183711317,-0.8576417176198705,2.0,0.003265430685893,-0.2514076447699702,-1.2501438765573138,0.16048220182588546,-1.2561153173446655,0.1533419042825698,-0.008674399575208717
1.7164847539575208,0.45760786679856447,-0.6851428465648706,2.0,0.003265430685893,-0.2514076447699702,-1.2187576471441606,0.16457249392882098,-1.213100552558899,0.159912034869194,-0.004301858453951601
1.72112342979823,0.3864765033066232,-0.5893431068514603,2.0,0.003265430685893,-0.2514076447699702,-1.1909872370417514,0.16719186061800864,-1.1906520128250122,0.1620513945817947,-0.005117653490469459
1.6909279380346043,0.31416801779476505,-0.5171702755794847,2.0,0.003265430685893,-0.2514076447699702,-1.1654454287068032,0.16859530819296178,-1.1676275730133057,0.1633697748184204,-0.00681387398691174
1.6537134820721404,0.24645450376360983,-0.4640921984766731,2.0,0.003265430685893,-0.2514076447699702,-1.1408507586162464,0.16914558482668066,-1.1435401439666748,0.1642521172761917,-0.009378255346274523
1.7850395020696173,0.1921327162598106,-0.4400628711935807,2.0,0.003265430685893,-0.2280918593118182,-1.1057096294459328,0.16949774681139515,-1.0962190628051758,0.1655720621347427,-0.014211725019624534
1.826760457310015,0.14396730267104324,-0.40350150464458817,2.0,0.003265430685893,-0.2139314869916839,-1.074390904396956,0.16938774636883067,-1.071375846862793,0.1659069657325744,-0.017295886434262053
1.9879237187880312,0.10226989057702199,-0.4008137276405284,2.0,0.003265430685893,-0.201113908598459,-1.0345085403259917,0.16893468658834268,-1.0228617191314695,0.1659213304519653,-0.023461263239405398
2.0271263728148443,0.06713926717669438,-0.36965996241262794,2.0,0.003265430685893,-0.1950102998397805,-1.0001101479140388,0.1682485861277194,-0.9972770810127258,0.1657097935676574,-0.02649344701448467
2.0063594015726705,0.03680927174661826,-0.34853887270399897,2.0,0.003265430685893,-0.1820706492713819,-0.9690489909280899,0.16731775607910132,-0.9705497622489928,0.1651258915662765,-0.030121997417848025
2.1627604360692114,0.004725765760161128,-0.35794479127162127,2.0,0.003265430685893,-0.1820706492713819,-0.9266078655189878,0.1657857248551328,-0.915305197238922,0.163467139005661,-0.036717675980153026
2.191556562457427,-0.0187992139274877,-0.33094802070507734,2.0,0.003265430685893,-0.1752346074616619,-0.890100041384042,0.16430614543440691,-0.8880190253257751,0.1626060605049133,-0.039510286385162414
2.160714776640101,-0.03607507312092179,-0.3082566924577361,2.0,0.003265430685893,-0.1752346074616619,-0.8570740281974671,0.1628632838114466,-0.8593028783798218,0.1616148054599762,-0.042348587082599
2.3023512991344166,-0.05701834678805924,-0.3113589019057682,2.0,0.003265430685893,-0.1752346074616619,-0.813139270600084,0.16090156264435934,-0.8029035925865173,0.1593880504369735,-0.04761669268930543
2.32398529494442,-0.07044180950248331,-0.2900671609023505,2.0,0.003265430685893,-0.1752346074616619,-0.7748714674893684,0.15910186950127758,-0.7733080387115479,0.158131793141365,-0.05028596692805214
2.5070524038320214,-0.09126304807373618,-0.3011719534328527,2.0,0.003265430685893,-0.1752346074616619,-0.7255854843155809,0.1565983480602167,-0.7123557329177856,0.1550936549901962,-0.056129744558202445
2.530418077586657,-0.10274505036197223,-0.27970893856173756,2.0,0.003265430685893,-0.1752346074616619,-0.6839279855936812,0.1543790859535275,-0.6822394132614136,0.153549313545227,-0.05861535348777326
2.478050801614933,-0.1091040948330684,-0.2625420972970161,2.0,0.003265430685893,-0.194277866788739,-0.6469031973870418,0.15231478080988384,-0.6506876349449158,0.1518552303314209,-0.06123159254316913
2.400485460139027,-0.11392815955575462,-0.2521370952802507,2.0,0.003265430685893,-0.194277866788739,-0.6123820817906892,0.1502502055470073,-0.6179875135421753,0.1499015837907791,-0.06430496289489722
2.54647700294981,-0.13206000990501582,-0.26525032344018284,2.0,0.003265430685893,-0.194277866788739,-0.5643230911455528,0.14722869284640525,-0.5537726879119873,0.1459183543920517,-0.06976083660857926
2.5682541005641193,-0.14236108681895954,-0.2553282527853816,2.0,0.003265430685893,-0.1660791943236441,-0.5221398165856257,0.1444347480813045,-0.5205660462379456,0.1436903178691864,-0.07292610699334248
2.523223040852716,-0.14867052945526266,-0.2481510841168742,2.0,0.003265430685893,-0.07879758907454,-0.4840246687046642,0.14173986543732614,-0.487278938293457,0.1412838995456695,-0.0762332978523189
2.6825558004314254,-0.17084185393863022,-0.2619433602473109,2.0,0.003265430685893,-0.0337529564354923,-0.43311991429676294,0.1378954328646461,-0.4216053783893585,0.1362931728363037,-0.08169929851947093
2.6892994625198154,-0.18060081922254984,-0.24521055664361097,2.0,0.003265430685893,1.304036011291676,-0.38975321081270387,0.13451681656400827,-0.3892658650875091,0.1338115632534027,-0.08407109496813053
2.6219746815278913,-0.184571555748725,-0.21420022280980833,2.0,0.003265430685893,2.416357671473259,-0.3511751326613615,0.13136470561531294,-0.3560405075550079,0.1310777515172958,-0.08463571714070367
2.5238785148280103,-0.18463896371948943,-0.02393386385767793,2.0,0.003265430685893,3.2425421530479897,-0.31570848880127383,0.1284071045105667,-0.3227976262569427,0.1284022331237793,-0.06742661551620921
2.41524993323674,-0.1806056000334605,0.17967905800859216,2.0,0.003265430685893,3.395376516365301,-0.28250766152878964,0.12571951909463777,-0.2903579473495483,0.1260109990835189,-0.04506332619141775
2.5447866651505464,-0.18181258565917743,0.8396160920244066,2.0,0.003265430685893,3.543450064850843,-0.23530023557260765,0.12275003796954706,-0.2259389758110046,0.1226628124713897,0.03899915319665576
2.553077520950734,-0.16268522772159896,1.0291010539990064,2.0,0.003265430685893,3.638910505836576,-0.19403555621884408,0.12110550986035214,-0.193436399102211,0.1224877908825874,0.08888405098729288
2.4955491720864544,-0.12609751090221877,1.299538643834643,2.0,0.003265430685893,3.739986266880293,-0.15698940563319425,0.12092129060183893,-0.1611468195915222,0.1235653832554817,0.14301434982492106
2.408261807382644,-0.07562614557588701,1.5691274839951013,2.0,0.003265430685893,3.7676966506446936,-0.12283102057784155,0.12224029641457973,-0.1291390359401703,0.1258877217769622,0.2030747555325192
2.5347598360092753,0.013018250628243272,2.2673462950446295,2.0,0.003265430685893,3.649530785076677,-0.07593628753135044,0.12689039055539958,-0.0667946264147758,0.1332964748144149,0.34443330457350047
2.524153501328483,0.08845696619838465,2.2821198215007863,2.0,0.003265430685893,2.645609216449225,-0.03608129477232163,0.13208579260022363,-0.036847785115242,0.1375375390052795,0.39556872226601847
2.43955533147177,0.15679609761800134,2.526766688569587,2.0,0.003265430685893,1.3020828564888989,-0.0012874628914318212,0.13801887408629465,-0.00740113761276,0.1429575532674789,0.45903691096638666
2.324797711834691,0.22137708227296532,2.6651685760976274,2.0,0.003265430685893,1.1250782024872206,0.030159014396904195,0.14479693773882615,0.0218658000230789,0.1494640260934829,0.5169483409770483
2.20530785384133,0.2843442271378551,2.7495752990766866,2.0,0.003265430685893,0.6187228198672465,0.05945653049196875,0.15250160926613543,0.0508213303983211,0.15705206990242,0.569416944330929
2.2971918896764105,0.41001496735930565,3.1154764147961984,2.0,0.003265430685893,0.4478217746242468,0.10081573503908306,0.1653589705653855,0.1074559390544891,0.1744408458471298,0.6536921690453767
2.2778108450252676,0.4926994067539832,3.0012932775582786,2.0,0.003265430685893,0.3307545586327918,0.13628956126632158,0.17738532110173674,0.1348889470100402,0.1833606958389282,0.6851725246956466
2.1987758717830546,0.5509697472139649,2.7304863596864,2.0,0.003265430685893,0.2243076218814375,0.16750968299576832,0.18912065301280953,0.1617980450391769,0.1933316886425018,0.7088560408561193
2.2792810299650714,0.6758972995857842,2.604940679578972,2.0,0.003265430685893,0.1308003356984817,0.20801213986597392,0.20619489189775772,0.2138300240039825,0.2152230590581894,0.7415227999598242
2.2385719837175726,0.7425820725472827,2.258344341190948,2.0,0.003265430685893,0.1106584267948425,0.24178943870886277,0.22141765222622997,0.2388475090265274,0.2262367755174636,0.749209167480835
2.1336731212976945,0.778087239954931,1.9080117350594294,2.0,0.003265430685893,0.0984512092774854,0.2706719261256998,0.2356461444889466,0.2630911767482757,0.2382120043039322,0.7539347698569565
2.163894539402192,0.8781717813438882,1.6205273341181636,2.0,0.003265430685893,0.0922255283436332,0.3068085765493808,0.25471193904225653,0.3089925944805145,0.2619447708129883,0.7575961277938655
2.0874793964537215,0.9216973239485825,1.3295414207239873,2.0,0.003265430685893,0.0863660639353018,0.3363792293878019,0.2716400783987363,0.3308569192886352,0.2747855484485626,0.7550922278535918
1.9583462172720616,0.9371400015699677,1.0877154645347096,2.0,0.003265430685893,0.0863660639353018,0.361242150810408,0.2874081216342186,0.3519100546836853,0.2885241210460663,0.7522743686084424
1.9558788373851723,1.033299251070734,0.8162190370074526,2.0,0.003265430685893,0.0863660639353018,0.39241257649432026,0.3087592667908358,0.3922342658042907,0.3157084286212921,0.7417366178332419
1.872431113123058,1.069386062957885,0.661102537086123,2.0,0.003265430685893,0.0863660639353018,0.4181900675227297,0.32767768532043323,0.4121595323085785,0.3302855789661407,0.7386761153784636
1.757087188992826,1.0770992456103103,0.5464204729698973,2.0,0.003265430685893,0.0863660639353018,0.44052379784233964,0.34529776616579827,0.4321882128715515,0.345855176448822,0.7370741462507002
1.638166814066541,1.07636532538621,0.45781071262377776,2.0,0.003265430685893,0.0863660639353018,0.4607755930145901,0.3624828360251445,0.4521815478801727,0.3624297976493835,0.7363306374744193
1.5351518304044875,1.078808538033385,0.39217607936491206,2.0,0.003265430685893,0.0863660639353018,0.48017613735937376,0.3798661973735026,0.4727315306663513,0.3800427615642547,0.7365973394248868
1.456033247009312,1.0900769853959815,0.3417364590809272,2.0,0.003265430685893,0.0863660639353018,0.4995081875466658,0.39787206960950056,0.4937905073165893,0.398686408996582,0.7374318925310371
1.3940550250310988,1.1036175076326815,0.3001871270660704,2.0,0.003265430685893,0.0863660639353018,0.5187074570994107,0.41620843955273057,0.5142284631729126,0.417186975479126,0.7384101836006842
1.5026655948555674,1.25718996322099,0.2715969826123781,2.0,0.003265430685893,0.0863660639353018,0.5481923757410195,0.4440187026858944,0.5560413599014282,0.4551169574260711,0.7401206585223916
1.5460147641738586,1.3390058792924506,0.2456481183467581,2.0,0.003265430685893,0.0863660639353018,0.5751007564111071,0.4695424367306877,0.5782334804534912,0.4754550457000732,0.7416566215649893
1.7042244913228795,1.5156861134406712,0.2308865317939215,2.0,0.003265430685893,0.0669565880827041,0.6102959368537384,0.5026465251100765,0.62172931432724,0.5154147148132324,0.7439880449358306
1.7542651249187995,1.5841772520133612,0.20794901501501184,2.0,0.003265430685893,0.014221408407721,0.6408716198464474,0.5314253218558623,0.6444879174232483,0.5363749861717224,0.7451960578420285
1.7477692337953772,1.5943813042145927,0.18938762898728945,2.0,0.003265430685893,-0.0902723735408557,0.6685104308353336,0.557446728375438,0.6680409908294678,0.5581841468811035,0.7465117273532895
1.7178676384404272,1.578373205908426,0.167265564548485,2.0,0.003265430685893,-0.194277866788739,0.6944980009669507,0.5818985643042793,0.6923370957374573,0.5807417035102844,0.7471438902344064
1.6804674282663614,1.5517124989209057,0.12860581133600468,2.0,0.003265430685893,-0.7635004196231021,0.7195114264062953,0.6053900469569183,0.7168086171150208,0.603463351726532,0.7456291135007789
1.6435720099960591,1.5220133083492497,0.07928421308703407,2.0,0.003265430685893,-1.8643472953383684,0.7439598193157184,0.6282540899258818,0.7412934899330139,0.6261078119277954,0.7423382352250466
1.7790513476767322,1.6479863700565294,-0.010672618823568777,2.0,0.003265430685893,-2.9181963836118108,0.77921325286705,0.6609341424230587,0.7890039682388306,0.6700378656387329,0.7338340874658515
1.8205018343773949,1.6829888751336894,-0.24741647897535718,2.0,0.003265430685893,-3.092271305409323,0.810418287284892,0.6896158733950994,0.8134137988090515,0.6921454071998596,0.7076320053701359
1.8138520191101628,1.6630783418453803,-0.532141244315493,2.0,0.003265430685893,-3.2841687647821773,0.839106709992665,0.7152274479027081,0.8386261463165283,0.7137885689735413,0.6702441125617016
1.7805059242891785,1.6102647318754035,-0.7627053410840536,2.0,0.003265430685893,-3.422476539253834,0.8659238953795565,0.7383452940455955,0.8635140657424927,0.7345286011695862,0.632799518189777
1.9188331120671263,1.6797860379429876,-1.4537807587545097,2.0,0.003265430685893,-3.51293202105745,0.9035565375141388,0.7687054511004947,0.9135530591011048,0.7737295627593994,0.5269972467296231
1.9568718620696333,1.6525333607991715,-1.5485465358119646,2.0,0.003265430685893,-3.628290226596475,0.9367725367367488,0.7937804050443232,0.9395214915275574,0.791810929775238,0.47887026664606586
1.9419340218792829,1.5696376060580146,-1.7959143194041052,2.0,0.003265430685893,-4.0,0.9670949743201428,0.8147408581027816,0.9660154581069946,0.8087502121925354,0.4229853648181185
1.9044452224129094,1.458885541887037,-2.022603801381282,2.0,0.003265430685893,-4.0,0.9956876054248528,0.8325334514395402,0.9929783940315248,0.8245297074317932,0.3635294621318593
2.0432365416440934,1.4433023726351923,-2.6613993520669723,2.0,0.003265430685893,-4.0,1.0353339591772122,0.854845446422892,1.0453640222549438,0.8537192940711975,0.23902517158688644
2.06942996105273,1.3619175146963,-2.6900547851893655,2.0,0.003265430685893,-4.0,1.0697573409921508,0.872558086185257,1.0716502666473389,0.8666766285896301,0.1837502330300291
2.034890855073635,1.246349842891158,-2.86007304056649,2.0,0.003265430685893,-4.0,1.1005849057510482,0.8867088073967211,1.0980888605117798,0.8783570528030396,0.12180823976468788
1.973208193972367,1.116951235233637,-3.0143786136749173,2.0,0.003265430685893,-4.0,1.1290654360003691,0.8980961089905164,1.124607801437378,0.8887448310852051,0.05748908260698303
2.0903824747007906,1.0472096663072632,-3.689609571506187,2.0,0.003265430685893,-4.0,1.1683829359884517,0.9113568462506111,1.1768507957458496,0.9063168168067932,-0.07531449116605088
2.090533382068055,0.945694472175685,-3.697475449898949,2.0,0.003265430685893,-4.0,1.201839031782754,0.9214012244651597,1.2018499374389648,0.9140650033950806,-0.13847805668356783
2.028158610693575,0.8301552904318029,-3.7503280329506308,2.0,0.003265430685893,-4.0,1.2311640883699158,0.9288942604200682,1.226656436920166,0.9205445647239684,-0.20315032958677826
1.9378580420472824,0.711758335980165,-3.816520359856927,2.0,0.003265430685893,-4.0,1.257645027260146,0.9343497475476035,1.2511192560195925,0.9257935285568236,-0.2702517061164459
2.008064470429658,0.6234507507429963,-4.481444830034933,2.0,0.003265430685893,-4.0,1.2932919694112222,0.9399000343858103,1.298365592956543,0.9335182905197144,-0.40608752550299654
1.8125425529553156,0.5052435745848288,-4.335095724830906,2.0,0.003265430685893,-4.0,1.31249541877137,0.9420607947604303,1.298365592956543,0.9335182905197144,-0.4140635506739183
1.8202090487453588,0.4199826484448849,-4.982781444630448,2.0,0.003265430685893,-4.0,1.342002917077,0.9445082542558109,1.3425569534301758,0.9383466839790344,-0.5266168952500229
1.766490060727694,0.33200866686540836,-4.911165953552409,2.0,0.003265430685893,-3.9725337605859465,1.367575001709189,0.9454121839968943,1.3636928796768188,0.939054548740387,-0.5920728202865223
1.8232607894578594,0.24035521297646317,-5.300491958807185,2.0,0.003265430685893,-2.9208819714656293,1.3995918476039912,0.9446652871150805,1.4036945104599,0.9380417466163636,-0.7101341295996461
1.7760602312486389,0.15692982451067927,-5.14552623408771,2.0,0.003265430685893,-2.85154497596704,1.4256436810870028,0.942995876729973,1.4222326278686523,0.9369669556617736,-0.7642989233180414
1.6763082330779229,0.07977239248412016,-4.716634472631885,2.0,0.003265430685893,-2.581887541008621,1.4474662298727556,0.9404060228106879,1.4402574300765991,0.9348300695419312,-0.8078497543526775
1.555181470157109,0.007874944165083789,-4.3266501992398965,2.0,0.003265430685893,-1.382284275577936,1.466279701635638,0.9369293774996847,1.4575262069702148,0.9317335486412048,-0.8496891097445715
1.5449524891498767,-0.08958632093616459,-4.296159032020989,2.0,0.003265430685893,-0.4132753490501262,1.4904863866748288,0.9306123976993469,1.489747166633606,0.9235691428184508,-0.9162051181016005
1.4695718679150782,-0.162707671126131,-3.834605279252439,2.0,0.003265430685893,-0.3563897154192412,1.510222356972494,0.9243451031482602,1.504774808883667,0.9190608263015748,-0.9334567313044229
1.4629280877224704,-0.260873416863914,-3.181245968923579,2.0,0.003265430685893,-0.3505302510109098,1.5332962991841772,0.9152522296279969,1.5328161716461182,0.9081580638885498,-0.9384936279207639
1.3840959438418505,-0.32192509146272363,-2.5434132937857257,2.0,0.003265430685893,-0.3363698786907756,1.5514917054601811,0.9070422448441331,1.5457947254180908,0.9026302099227904,-0.9328896298833986
1.2707830316022588,-0.36264118487577357,-2.046578001319975,2.0,0.003265430685893,-0.3279468986037992,1.5661463394052824,0.8991997798694632,1.5579575300216677,0.8962573409080505,-0.927593426682062
1.1472197569883713,-0.39380273639607055,-1.6876571979357085,2.0,0.003265430685893,-0.3279468986037992,1.5783103347897087,0.8913374899961386,1.569380760192871,0.8890855312347412,-0.9252503427049715
1.1056390240173573,-0.46553877140164185,-1.3592702915561905,2.0,0.003265430685893,-0.3245288776989392,1.593917027713247,0.8802943133502679,1.590912103652954,0.8751101493835449,-0.9187646200551645
1.0306577495834182,-0.5068304158872822,-1.1504190856085652,2.0,0.003265430685893,-0.3245288776989392,1.6066503826264134,0.8701159809096138,1.6012316942214966,0.8671319484710693,-0.9188715055978576
0.9459689144415311,-0.5346176397735072,-0.9892237097432539,2.0,0.003265430685893,-0.3245288776989392,1.617542288769785,0.8601697337234925,1.611422061920166,0.8581616282463074,-0.9202382887036089
0.8631450484525719,-0.5588863504865369,-0.8620269312181887,2.0,0.003265430685893,-0.3161058976119628,1.6272024631152278,0.8500114931703924,1.6212170124053955,0.8482576608657837,-0.9225052317067182
0.8522954413152588,-0.6467932570748186,-0.7742552559560446,2.0,0.003265430685893,-0.3161058976119628,1.640295536993847,0.8352579531286936,1.6395114660263062,0.8289051651954651,-0.9268914036548859
0.8152500424993464,-0.695891369474856,-0.6934729991562667,2.0,0.003265430685893,-0.3161058976119628,1.6514832631833798,0.8216634781679487,1.648806095123291,0.8181152939796448,-0.9305826019431221
0.7715174809459423,-0.7272469950987666,-0.6327782257893331,2.0,0.003265430685893,-0.3161058976119628,1.6616361873793524,0.8084563554710932,1.6584757566452026,0.8061903715133667,-0.935133522737373
0.7318914676013721,-0.7538468759265775,-0.5843075985545702,2.0,0.003265430685893,-0.3125658045319293,1.6713608666836912,0.7950619360093706,1.6684972047805786,0.793139636516571,-0.9400204633420676
0.7752151054646599,-0.883947136726331,-0.5968170694924018,2.0,0.003265430685893,-0.3125658045319293,1.6859351734817711,0.7743997051470877,1.6890660524368286,0.7649977207183838,-0.9507229228772487
0.7816488222404632,-0.95100026668137,-0.5525158392567311,2.0,0.003265430685893,-0.3125658045319293,1.6987639359511277,0.7558237960439783,1.6992288827896118,0.7509780526161194,-0.9554495289123823
0.7732623035988293,-0.9859793976864958,-0.517245506984278,2.0,0.003265430685893,-0.3125658045319293,1.7107159003070813,0.7382953879413949,1.710109829902649,0.7357675433158875,-0.9604719611062543
0.7617479434672154,-1.0074479464563961,-0.49055099718766276,2.0,0.003265430685893,-0.3125658045319293,1.7223269047116578,0.7211004726430593,1.7214947938919067,0.7195490002632141,-0.9658560664242257
0.8375917289803161,-1.1484099185023031,-0.5151250002032917,2.0,0.003265430685893,-0.3125658045319293,1.7395287602455678,0.6956625775760586,1.7450097799301147,0.6854756474494934,-0.9763692832036137
0.8639581065436361,-1.2109837255589677,-0.48303455010408575,2.0,0.003265430685893,-0.3125658045319293,1.754673258992601,0.6731513834836246,1.7565786838531494,0.6686293482780457,-0.9811101085676445
0.8663878322648021,-1.234242811696458,-0.4574657588567216,2.0,0.003265430685893,-0.3125658045319293,1.7686572132444458,0.65223802991878,1.768832802772522,0.6505571603775024,-0.9860697396672155
0.8593393987700733,-1.2419147374082062,-0.4399903627135507,2.0,0.003265430685893,-0.3125658045319293,1.7820534600253959,0.6319829685114933,1.7815440893173218,0.6314285397529602,-0.9914956143640407
0.8518698348830166,-1.2481337745908954,-0.42478318107597896,2.0,0.003265430685893,-0.3125658045319293,1.795309091741,0.6117012039907136,1.794769287109375,0.6112517714500427,-0.996886245909456
0.8487139786012924,-1.2601954730419493,-0.4118461024197514,2.0,0.003265430685893,-0.3125658045319293,1.808730381441407,0.5909336876487555,1.8085023164749143,0.5900620222091675,-1.0022795786613208
0.8457929941929769,-1.271395724312347,-0.39841591142482297,2.0,0.003265430685893,-0.3125658045319293,1.822116704374234,0.5700301327665965,1.8219056129455569,0.5692207217216492,-1.0074122391832383
0.843107569591672,-1.2807097379383243,-0.38225941040746114,2.0,0.003265430685893,-0.3125658045319293,1.8354718639674368,0.5490720694479816,1.835277795791626,0.5483989715576172,-1.0120346788135965
0.8455301342574876,-1.2970168444573427,-0.3708148131009339,2.0,0.003265430685893,-0.6045624475471119,1.8491217362242982,0.527502681838008,1.8492968082427976,0.5263242125511169,-1.0169102705568123
0.9604924010308356,-1.498508560669387,-0.41552847732037645,2.0,0.003265430685893,-0.853711757076371,1.8702501552206594,0.4934301781173706,1.878558158874512,0.4788689315319061,-1.027692900035875
1.0198823772921568,-1.6132256882550287,-0.42904733975036,2.0,0.003265430685893,-1.133623254749371,1.8895441920339289,0.4618703099839704,1.8938361406326292,0.4535800218582153,-1.0358226997788504
0.9329725916409033,-1.4866039551894208,-0.3666681195646976,2.0,0.003265430685893,-1.417563134203098,1.9001168694057464,0.4444294209654875,1.8938361406326292,0.4535800218582153,-1.0358975851090106
1.0079396333830275,-1.6379264691180484,-0.5895670991742562,2.0,0.003265430685893,-2.752910658426795,1.920000359446921,0.41064011403612855,1.9254180192947388,0.3997044563293457,-1.065576454969024
1.0465450532355076,-1.734317069515704,-0.7015387798361187,2.0,0.003265430685893,-2.8475165941863123,1.938679524476808,0.3780610912308773,1.941469430923462,0.371095210313797,-1.0882273627764767
1.0594653135689218,-1.7949865512023206,-0.945642251680943,2.0,0.003265430685893,-3.033676661326009,1.956278379170512,0.3463012740512455,1.9572120904922483,0.3419168591499328,-1.1277441776204504
1.0521706359697849,-1.8262099407566479,-1.167328767807545,2.0,0.003265430685893,-3.212268253604944,1.9727475869228344,0.31551737032185534,1.9722204208374023,0.313260942697525,-1.171690040780073
1.1244617886124841,-2.042991402778762,-1.7208259245418491,2.0,0.003265430685893,-3.3391012436102843,1.994361347733283,0.27196700103936045,1.9995856285095213,0.2563008069992065,-1.2694541747554957
1.1183570267778964,-2.129871208574415,-1.7826866129847252,2.0,0.003265430685893,-3.4505531395437554,2.0119491621547954,0.23353567984128848,2.011507987976074,0.2272571176290512,-1.3134701314569768
1.0631782853006375,-2.1408374020052405,-1.9713284748255306,2.0,0.003265430685893,-3.519645990691997,2.026195112910106,0.19873278630930813,2.022207498550415,0.1979402899742126,-1.3647126090304351
0.9798375882454387,-2.112421276132549,-2.140964904489906,2.0,0.003265430685893,-3.537102311741817,2.0376964704702933,0.16635792392357682,2.0316736698150635,0.1684114784002304,-1.418245436306777
0.9462682536612131,-2.2663871170566185,-2.6867900206477016,2.0,0.003265430685893,-3.542839703974975,2.051154667007106,0.12238079453791545,2.048728704452514,0.1112541109323501,-1.5261047599609496
0.8696639824945093,-2.2901745875731296,-2.70382108439034,2.0,0.003265430685893,-3.555901426718547,2.0612307963668033,0.08454605622256821,2.055694818496704,0.0828270018100738,-1.575020108800159
0.7701241571931126,-2.2426300377995485,-2.7942421716925505,2.0,0.003265430685893,-3.555901426718547,2.0685650315174207,0.0510463425979101,2.0613715648651123,0.0544822551310062,-1.6280247390421958
0.6608322252487497,-2.162225983374418,-2.886475800339304,2.0,0.003265430685893,-3.5646906233310443,2.0736619362373068,0.020479621137681592,2.0657637119293213,0.0262901987880468,-1.6831821956307003
0.5691948394330856,-2.267958820477529,-3.470496354183173,2.0,0.003265430685893,-3.5646906233310443,2.078177278519396,-0.021105791399405268,2.0715548992156982,-0.0287468098104,-1.7981020125360117
0.47080673469639117,-2.2508604115763844,-3.471085976066521,2.0,0.003265430685893,-2.593850614175631,2.080780145437492,-0.056262789228315346,2.073669910430908,-0.0550271347165107,-1.8538651232718053
0.37567248478337323,-2.34959677552469,-4.001343367877347,2.0,0.003265430685893,-2.524391546501869,2.08202390883478,-0.09880382908061316,2.075148820877075,-0.1059392318129539,-1.964250677242691
0.2838319437684189,-2.306238825230646,-3.9426994587578013,2.0,0.003265430685893,-1.1144579232471197,2.0819632650655113,-0.13353106584300026,2.0753262042999268,-0.1303977072238922,-2.012218925578225
0.19595887304224113,-2.19063330311625,-3.7279024980771194,2.0,0.003265430685893,-0.718577859159228,2.0806954545563943,-0.16278842581104394,2.074345111846924,-0.154433935880661,-2.055824163095638
0.11906749539966734,-2.0435633095646413,-3.5370845008486516,2.0,0.003265430685893,-0.503242542153048,2.07874765376302,-0.18811604105025942,2.073190927505493,-0.177487701177597,-2.098479288628104
0.03549569488924312,-2.0551010394900793,-3.528820043136989,2.0,0.003265430685893,-0.4219424734874498,2.0751279608748248,-0.22157579138892883,2.0690884590148926,-0.2224095910787582,-2.1543144041537237
-0.03878318525112237,-1.9829433402485863,-3.161866326140639,2.0,0.003265430685893,-0.392278934920272,2.0707854564730415,-0.2496871997364213,2.065417528152466,-0.2444725632667541,-2.1713329572893967
-0.10697208097837765,-1.8717046899874192,-2.6973524890728147,2.0,0.003265430685893,-0.3236743724727242,2.0656570872780655,-0.2740605175390813,2.0607292652130127,-0.2660216093063354,-2.1828832497025648
-0.2127754263924161,-1.8950132711888399,-2.3777771884733183,2.0,0.003265430685893,-0.306950484473945,2.056951076008956,-0.30554867855933954,2.049304962158203,-0.3072331249713897,-2.198362504278329
-0.2860539866542861,-1.8295426772127683,-1.9663641756058188,2.0,0.003265430685893,-0.30096894789044,2.0487023629116607,-0.3315407544271484,2.0434067249298096,-0.3268093764781952,-2.197558593920679
-0.341464761201973,-1.7205946963196521,-1.603412050324295,2.0,0.003265430685893,-0.2869306477454794,2.0404623981869965,-0.353611093417302,2.0364580154418945,-0.3457377254962921,-2.195025888055205
-0.3883183812792003,-1.5968241596472696,-1.32552250009357,2.0,0.003265430685893,-0.2792401007095444,2.0319015582796314,-0.3729583737366417,2.028515577316284,-0.3640138208866119,-2.193521603325225
-0.48233344192830235,-1.6006795895052865,-1.0676083456597723,2.0,0.003265430685893,-0.2748455024032958,2.019473307295337,-0.3987624354275637,2.012679100036621,-0.3990410566329956,-2.188528319011398
-0.5403499964462511,-1.5437706204380925,-0.904837985101328,2.0,0.003265430685893,-0.2748455024032958,2.0079206081275123,-0.42061116513068114,2.003727912902832,-0.4164985120296478,-2.188814625050304
-0.5798936424237008,-1.4632470791444938,-0.7818190061256984,2.0,0.003265430685893,-0.2671549553673609,1.9966608529435892,-0.4399882368634639,1.9938031435012815,-0.4341690242290497,-2.1903138411383054
-0.6124608101644904,-1.3798242090711943,-0.6850498453977842,2.0,0.003265430685893,-0.2671549553673609,1.9852296011340307,-0.4578852628231832,1.9828760623931885,-0.4518565237522125,-2.1925170058298318
-0.715840602995369,-1.4223964945052452,-0.6247934240967946,2.0,0.003265430685893,-0.2671549553673609,1.968595986650675,-0.48277682300442837,1.9611250162124636,-0.4858534038066864,-2.197025338546779
-0.772674587206771,-1.4078912490176607,-0.561821010758708,2.0,0.003265430685893,-0.2671549553673609,1.9533853503800098,-0.5045762527199853,1.9492781162261963,-0.5035279989242554,-2.200240156842002
-0.8056528182785891,-1.3701920350186676,-0.516340819474993,2.0,0.003265430685893,-0.2671549553673609,1.9388424288387711,-0.5246102893542747,1.936459183692932,-0.521885871887207,-2.2043280003827603
-0.8292432534032019,-1.3300644658888083,-0.47921756676442495,2.0,0.003265430685893,-0.2671549553673609,1.9243924649389552,-0.5438806046245521,1.922687649726868,-0.5409806966781616,-2.2085790514179893
-0.8440616820700875,-1.289023034491294,-0.4480215366632768,2.0,0.003265430685893,-0.2671549553673609,1.9101449547435314,-0.562448465092005,1.909074068069458,-0.5594825148582458,-2.2128723150132124
-0.9577099405618729,-1.39341830947124,-0.45550352558083185,2.0,0.003265430685893,-0.2671549553673609,1.8891268975709914,-0.5899742067584598,1.8809138536453247,-0.5975185632705688,-2.220850549518847
-1.0176589182222582,-1.4337673491063065,-0.43166145084483665,2.0,0.003265430685893,-0.2671549553673609,1.8698404256057102,-0.6149362979939798,1.8655080795288088,-0.6178522109985352,-2.225545557477016
-0.9312981670598395,-1.289056829058697,-0.3682340540428104,2.0,0.003265430685893,-0.2671549553673609,1.8592670279529786,-0.6283100382756949,1.8655080795288088,-0.6178522109985352,-2.2255805592986357
-1.0185402472159553,-1.376321796339022,-0.39830420574758135,2.0,0.003265430685893,-0.377752346074617,1.8385988492573273,-0.6547038685875882,1.8322941064834597,-0.6610102653503418,-2.23471402078729
-1.0750479969736375,-1.4276595130110652,-0.38251765852221975,2.0,0.003265430685893,-0.4861524376287481,1.8185665854185125,-0.680118856156231,1.814482927322388,-0.6838288903236389,-2.239365003915399
-1.247714947430232,-1.627549278259827,-0.43440809851551443,2.0,0.003265430685893,-0.5114213778896772,1.789951133709561,-0.716175740641758,1.777472972869873,-0.7306212186813354,-2.2511114352873203
-1.3262554317955026,-1.7106613168599099,-0.42378477313817087,2.0,0.003265430685893,-0.5321736476691843,1.764795532479072,-0.7477109079228795,1.7591196298599243,-0.7537171840667725,-2.2568969525101
-1.3535853581296777,-1.7302122160247315,-0.42853739938883184,2.0,0.003265430685893,-0.5388876173037307,1.7417687161100046,-0.7763739617591322,1.7397936582565308,-0.7777868509292603,-2.2641930086010973
-1.4887559607599352,-1.880088654586994,-0.5114121578778165,2.0,0.003265430685893,-0.5388876173037307,1.7111754788756384,-0.8139654035691911,1.7014070749282837,-0.8247965574264526,-2.2800694067075065
-1.5329891760809877,-1.916628921225519,-0.5116112886645549,2.0,0.003265430685893,-0.5440146486610207,1.6844312097509087,-0.8464624295863886,1.68123459815979,-0.8491030931472778,-2.288274103179454
-1.3788344094656177,-1.7140971468333914,-0.4369208349008268,2.0,0.003265430685893,-0.5440146486610207,1.670094261419351,-0.8637395018481292,1.68123459815979,-0.8491030931472778,-2.2883463419164
-1.4518218222108272,-1.769776418670841,-0.5381059738279861,2.0,0.003265430685893,-0.5440146486610207,1.6432078518015751,-0.8948459069809205,1.6379332542419434,-0.8988696932792664,-2.3061154216567203
-1.4840074416149582,-1.772909749260101,-0.5451261670403965,2.0,0.003265430685893,-0.7669184405279621,1.6178509725504202,-0.9233694682066803,1.6155250072479248,-0.9235959053039552,-2.3155102655563327
-1.492652952229726,-1.7466157717519226,-0.5501616595573339,2.0,0.003265430685893,-2.126558327611201,1.593535315217833,-0.9499977793414658,1.5929105281829834,-0.9480975866317748,-2.3247806384987992
-1.4846123036900885,-1.7030154057991427,-0.5524837634737649,2.0,0.003265430685893,-3.3077286945906765,1.5701844199673025,-0.9750612944052585,1.570765495300293,-0.9719104170799256,-2.333835861720735
-1.4683467207139373,-1.6545363557995527,-0.561584619797554,2.0,0.003265430685893,-4.0,1.5475059098687622,-0.9991046830886036,1.548681378364563,-0.995601236820221,-2.343664948371476
-1.6240126243810453,-1.7788370927767454,-1.0968855660933086,2.0,0.003265430685893,-4.0,1.5137215854546349,-1.0337945501371122,1.5024720430374146,-1.042777419090271,-2.4112331755968177
-1.6917592827832646,-1.8018167942318248,-1.324171605741678,2.0,0.003265430685893,-4.0,1.483258780702196,-1.063775087987355,1.4783629179000854,-1.065435767173767,-2.4687928457514787
-1.8735000565939643,-1.912956234360145,-1.9600724734118327,2.0,0.003265430685893,-4.0,1.4441760952128093,-1.0999513737431537,1.431042194366455,-1.107983112335205,-2.599141460161033
-1.751786878211855,-1.7498089253776157,-1.872027365207259,2.0,0.003265430685893,-3.957885099565118,1.4222463210847098,-1.1197733151311828,1.431042194366455,-1.107983112335205,-2.589634121037387
-1.8386218786807307,-1.7377706302694318,-2.9725630672139376,2.0,0.003265430685893,-2.8242008087281603,1.3884772342746614,-1.146974429139215,1.382201910018921,-1.1461044549942017,-2.7041331685985437
-1.8533203039960173,-1.6556751427806327,-3.083094545667748,2.0,0.003265430685893,-1.862760357061112,1.3580875992681773,-1.1693515826554912,1.357025384902954,-1.1634187698364258,-2.7836975390060985
-2.0176767404452387,-1.6546249860659876,-3.5395300810276855,2.0,0.003265430685893,-0.796826123445487,1.3175691829249185,-1.1957729610765166,1.3056915998458862,-1.1956970691680908,-2.900405579881718
-2.052997413163522,-1.5733245389693038,-3.486743582548025,2.0,0.003265430685893,-0.4168154421301597,1.28295137256892,-1.21687234289404,1.2803988456726074,-1.2109969854354858,-2.9450350337782756
-2.020282668566232,-1.4517756124614836,-3.3275617392838646,2.0,0.003265430685893,-0.4168154421301597,1.2522661235144394,-1.2340101671192185,1.2546303272247314,-1.2252261638641355,-2.9854446517633484
-1.9510573350813853,-1.318095607468451,-3.184675072911668,2.0,0.003265430685893,-0.3323414969100478,1.224517955977639,-1.2484012459896408,1.2295206785202026,-1.2387405633926392,-3.02506456586303
-2.0519843069112222,-1.276169806430784,-3.212607075694395,2.0,0.003265430685893,-0.2970626382848857,1.1866289484277948,-1.2667191407271432,1.1793352365493774,-1.2636892795562744,-3.0787359844914244
-2.052585988937032,-1.185268632962802,-2.91156598585347,2.0,0.003265430685893,-0.2844892042420079,1.153757423462626,-1.2811285539064956,1.153713941574097,-1.2745593786239624,-3.097082290409695
-2.1831669819775152,-1.1372935852668535,-2.7009935176366957,2.0,0.003265430685893,-0.2844892042420079,1.1122835864978844,-1.29692131285836,1.10284686088562,-1.2934542894363403,-3.1246784444719937
-2.1775726912523052,-1.043586072779509,-2.3243493486020697,2.0,0.003265430685893,-0.2844892042420079,1.0777227427081841,-1.3089231847629539,1.0781270265579224,-1.3021512031555176,-3.1308047659768556
-2.1022418661765894,-0.9279279150100903,-1.9651066939538078,2.0,0.003265430685893,-0.2715495536736094,1.0478615572474936,-1.3179746210487158,1.0533055067062378,-1.3096163272857666,-3.134345831362242
-1.9991450998934202,-0.8053092640441556,-1.687882783252268,2.0,0.003265430685893,-0.2715495536736094,1.0210412185625162,-1.3247153818407709,1.028491735458374,-1.3158540725708008,-3.1389388914108207
-2.059710878075117,-0.7282721742515156,-1.405051523907933,2.0,0.003265430685893,-0.2620279240100709,0.9850510085383523,-1.3325075545502671,0.9806740880012512,-1.3269402980804443,-3.1374702040837357
-2.0262113630603813,-0.634366426106814,-1.1556247144207579,2.0,0.003265430685893,-0.2620279240100709,0.9543102237252921,-1.3379519788962653,0.956731140613556,-1.3311656713485718,-3.134503356942465
-1.9500260490999404,-0.5354947552748608,-0.9671684072212339,2.0,0.003265430685893,-0.2620279240100709,0.926927308150976,-1.3415656235661153,0.932433009147644,-1.3344204425811768,-3.1334195579836788
-2.027701019869386,-0.46401930358448434,-0.8063512907610304,2.0,0.003265430685893,-0.2620279240100709,0.8905919467517619,-1.345408433454431,0.8849785923957825,-1.3402431011199951,-3.13190945790097
-2.0098882041380435,-0.38853829719937527,-0.6894173091078122,2.0,0.003265430685893,-0.2620279240100709,0.859326301809636,-1.3478428365116517,0.8606135845184326,-1.3423880338668823,-3.132361365574231
-1.9512157130201617,-0.31617385699582223,-0.6068323464431884,2.0,0.003265430685893,-0.2620279240100709,0.8310468173617148,-1.3492755737306223,0.8352869153022766,-1.3440459966659546,-3.1345388205018567
-1.8838855495764744,-0.2493048078899947,-0.5440561676809302,2.0,0.003265430685893,-0.2620279240100709,0.8042784350260179,-1.3499137697619672,0.8091441988945007,-1.3450813293457031,-3.1374889614242853
-1.8279063545566194,-0.1902679615557682,-0.49872040158990527,2.0,0.003265430685893,-0.2620279240100709,0.7778369443675169,-1.349999833039412,0.7818824052810669,-1.345733404159546,-3.141300720408909
-1.9758967755858186,-0.14449968386887543,-0.4836928655541729,2.0,0.003265430685893,-0.2620279240100709,0.738807077373675,-1.3500184666177477,0.7281122207641602,-1.3467109203338623,3.1355299538243644
-2.0284108411155954,-0.10598483159783428,-0.4453746330193839,2.0,0.003265430685893,-0.2620279240100709,0.7037211239510017,-1.34978431791448,0.6999260783195496,-1.3470009565353394,3.1319460087920885
-2.0332097463856944,-0.07296764286606768,-0.4199844223218156,2.0,0.003265430685893,-0.2620279240100709,0.670949303991173,-1.3492973716572962,0.6706025004386902,-1.3469113111495972,3.1275681764705365
-2.0210199787196466,-0.04453556948649105,-0.4005346214030569,2.0,0.003265430685893,-0.2620279240100709,0.6392237904097771,-1.3485852636374458,0.6401047110557556,-1.346530556678772,3.12295610953024
-2.00947864424011,-0.020559723576903798,-0.38304711230379773,2.0,0.003265430685893,-0.2620279240100709,0.607650446426115,-1.34771283516776,0.6084845066070557,-1.345980167388916,3.11844363756794
-2.0079863136584453,-0.00042996233352634444,-0.3681844298352533,0.0,0.0,0.0,0.5755974432552645,-1.3467110505072266,0.5757052898406982,-1.3452563285827637,3.1139265996628054
-2.240377732881831,0.02168696071134504,-0.39144543469710624,2.0,0.003265430685893,-0.2620279240100709,0.5281067074191025,-1.3452558221788185,0.5113124251365662,-1.3436574935913086,3.105512522663529
-2.333468442678622,0.0364598132299999,-0.372298593591452,2.0,0.003265430685893,-0.2620279240100709,0.4861066138862996,-1.3439322256189579,0.4793792068958282,-1.3428646326065063,3.1013355234641384
-2.3426769328758312,0.04572608254046766,-0.35330728937730665,2.0,0.003265430685893,-0.2620279240100709,0.44816236302704054,-1.34273629316357,0.4474968910217285,-1.3420666456222534,3.0974370138898752
-2.550493550316231,0.06383651385429455,-0.37483378964634845,2.0,0.003265430685893,-0.2620279240100709,0.39694117069870727,-1.3408074296669155,0.3819228410720825,-1.3394986391067505,3.0894515330140675
-2.598341210106856,0.07625401312828202,-0.35669965529090486,2.0,0.003265430685893,-0.2620279240100709,0.35297015609029203,-1.338965148180917,0.3495123386383056,-1.3380677700042725,3.0854297885065343
-2.563342495926977,0.08696590752590143,-0.3443252751726029,2.0,0.003265430685893,-0.2620279240100709,0.313710395170708,-1.337036941001594,0.3162396550178528,-1.336262822151184,3.0810632264946713
-2.7178453675303755,0.10956320952877802,-0.3702437186260111,2.0,0.003265430685893,-0.2620279240100709,0.2624830241913237,-1.3341516218159928,0.2513175308704376,-1.3325185775756836,3.0727442572837913
-2.724595734655846,0.12489402100147379,-0.3565469174200006,2.0,0.003265430685893,-0.2620279240100709,0.21855124437643011,-1.3313851196695965,0.2180634140968322,-1.3302772045135498,3.068313962780246
-2.653527815867851,0.13599682692551224,-0.34507657004303277,2.0,0.003265430685893,-0.2620279240100709,0.17965587759279222,-1.3286528299466343,0.1847917586565017,-1.3278504610061646,3.063852117628069
-2.5498147959357675,0.14465015075294266,-0.3353180428811097,2.0,0.003265430685893,-0.2620279240100709,0.14405570306963839,-1.3259048259324464,0.151550754904747,-1.3252794742584229,3.0593885585884286
-2.4350783060319108,0.15098316714912882,-0.32536393778155737,2.0,0.003265430685893,-0.2620279240100709,0.11084367750339465,-1.3231717598490853,0.1191353648900985,-1.32271409034729,3.05510255824932
-2.5671027307479743,0.17671990201304524,-0.3551625238513856,2.0,0.003265430685893,-0.2620279240100709,0.06315454094184055,-1.3190546225729023,0.0536135025322437,-1.3171947002410889,3.046666774262583
-2.5792372343558285,0.19247764559976097,-0.3443458016900551,2.0,0.003265430685893,-0.2620279240100709,0.02127870829089681,-1.3151853896765389,0.02040178142488,-1.3140466213226318,3.0421648227390015
-2.52710945724528,0.20223815573916093,-0.3346936976986567,2.0,0.003265430685893,-0.2620279240100709,-0.016543019238339153,-1.3114604985818648,-0.0127758895978331,-1.3107551336288452,3.0377011584400297
-2.6809713737431498,0.23345268319511314,-0.3655301048428743,2.0,0.003265430685893,-0.2620279240100709,-0.06714828927560713,-1.3061611550363568,-0.0782674625515937,-1.303905367851257,3.0290045630902114
-2.6843991437717643,0.2473963047309436,-0.3495641294557865,2.0,0.003265430685893,-0.2620279240100709,-0.11027043461396406,-1.3015041258001945,-0.1105181500315666,-1.3004964590072632,3.0248998700446776
-2.615019795913285,0.2536730969592583,-0.33832684569764665,2.0,0.003265430685893,-0.2620279240100709,-0.14863428415668065,-1.2971308381260096,-0.1436204314231872,-1.2966772317886353,3.0205229223133196
-2.515754107208063,0.25662517218945696,-0.3295443141502186,2.0,0.003265430685893,-0.2620279240100709,-0.18391233497108286,-1.292876912494754,-0.1767386794090271,-1.29266357421875,3.01606094699829
-2.4120838023922127,0.258530762070884,-0.32208280345566737,2.0,0.003265430685893,-0.2620279240100709,-0.2173109539707887,-1.2886449348162632,-0.2098189890384674,-1.2885072231292725,3.011596790460958
-2.312141580385388,0.2593412522917336,-0.3140902817311871,0.0,0.0,0.0,-0.2492973045587564,-1.2844548626558279,-0.2420747578144073,-1.2843962907791138,3.007309772023069
-2.4636610797428817,0.29224521681750365,-0.3456331079012062,2.0,0.003265430685893,-0.2620279240100709,-0.29630823582337273,-1.2781301840933663,-0.307258129119873,-1.275752305984497,2.998865986472429
-2.4909291410194525,0.30839613063664834,-0.33459878230247964,2.0,0.003265430685893,-0.2620279240100709,-0.3375294527782805,-1.272386554423704,-0.3395000398159027,-1.2712193727493286,2.9945416345399165
-2.4494875928925923,0.31389831175738303,-0.3229319607375316,2.0,0.003265430685893,-0.2620279240100709,-0.3746446970916943,-1.2670884776023774,-0.371649831533432,-1.2666908502578735,2.9904514776926283
-2.6153516650882525,0.352092424553855,-0.3548612930002499,2.0,0.003265430685893,-0.2620279240100709,-0.4248014569896292,-1.2595411644458467,-0.4367879927158355,-1.256780982017517,2.9818280937233954
-2.631467854533458,0.3670169563798647,-0.3405435587803145,2.0,0.003265430685893,-0.2620279240100709,-0.46771249426929296,-1.2529210532339248,-0.4688771665096283,-1.2518424987792969,2.977715767231515
-2.573311165163532,0.3712885704871556,-0.3307430105451265,2.0,0.003265430685893,-0.2620279240100709,-0.505971351796268,-1.246766393645963,-0.5017685294151306,-1.2464576959609983,2.9733273589115994
-2.4830898144403295,0.37085182441923337,-0.32308427461374767,2.0,0.003265430685893,-0.2620279240100709,-0.541179968504275,-1.2408546489702181,-0.5346599221229553,-1.2408862113952637,2.968864866884142
-2.6116380203999006,0.4070167126657629,-0.3520605516133929,2.0,0.003265430685893,-0.2620279240100709,-0.5894074829886256,-1.2325302277873935,-0.598697304725647,-1.2299166917800903,2.960556247443988
-2.613759920582482,0.42179998342349106,-0.34099965057464376,2.0,0.003265430685893,-0.2620279240100709,-0.6313339661011648,-1.225040666466288,-0.6314873099327087,-1.2239723205566406,2.956132368655802
-2.7806063834916563,0.46873831138730543,-0.37113133648527885,2.0,0.003265430685893,-0.2869306477454794,-0.6841840272241292,-1.215188863126074,-0.696241557598114,-1.211796760559082,2.947415477389202
-2.77659374520898,0.4826316233648365,-0.3546915208357246,2.0,0.003265430685893,-0.3143968871595328,-0.7284084614734176,-1.206770589708069,-0.7281184792518616,-1.2057665586471558,2.9432759397375583
-2.68962552445128,0.48113667818951067,-0.34658307682015854,2.0,0.003265430685893,-0.3684748607614248,-0.7670846576981354,-1.199147311717038,-0.7607997059822083,-1.199255347251892,2.9384771182389797
-2.7937429798260585,0.5180944104470615,-0.38077415395037023,2.0,0.003265430685893,-0.4235294117647061,-0.8170016730781442,-1.1890059194639642,-0.8245259523391724,-1.1863350868225098,2.9292294428009087
-2.760542693515732,0.5279077682897311,-0.3818639366075442,2.0,0.003265430685893,-0.5398641947051193,-0.8595067529598652,-1.1800676664705634,-0.8571074604988098,-1.1793584823608398,2.9230175497909356
-2.8886707446645836,0.5759992784997611,-0.4560003534988931,2.0,0.003265430685893,-0.8887464713511868,-0.9121457378738371,-1.1684419038870426,-0.9214051961898804,-1.1649664640426636,2.9088561061102314
-2.850128988243437,0.5861741828194927,-0.4557507837187901,2.0,0.003265430685893,-0.8887464713511868,-0.9558165475610972,-1.158553271854704,-0.9530312418937684,-1.1578179597854614,2.9015879675585445
-2.7339509853039403,0.5803335034334942,-0.5207818311991547,2.0,0.003265430685893,-1.6159304188601509,-0.9937383045186072,-1.149560601137373,-0.9853424429893494,-1.1499826908111572,2.8872380802978075
-2.59036278658201,0.571362964537844,-0.5817082901290921,2.0,0.003265430685893,-1.6159304188601509,-1.0279891775081589,-1.1408682903507719,-1.0176124572753906,-1.1415165662765503,2.8720726129166465
-2.4478522585632314,0.5655253440899684,-0.7333489151672212,2.0,0.003265430685893,-2.059540703440909,-1.0600138820790848,-1.1321123969053646,-1.0497150421142578,-1.1325342655181885,2.8456197566941155
-2.315947345178188,0.5630542243907346,-0.8606260523026379,2.0,0.003265430685893,-2.190157930876631,-1.090459535217888,-1.1232273524242484,-1.0809271335601809,-1.123405933380127,2.8182075222938865
-2.4257680110252693,0.6373873186679687,-1.220441049098432,0.0,0.0,0.0,-1.1347747281288298,-1.1093044653204887,-1.142711162567139,-1.1039326190948486,2.7584251047401116
-2.423308076561481,0.6843883071593968,-1.2955288419824587,2.0,0.003265430685893,-2.521583886472877,-1.1734243947155567,-1.0959991222480356,-1.1732466220855713,-1.0926024913787842,2.7244045879029586
-2.35583498304685,0.7126366101806781,-1.4087907373526034,2.0,0.003265430685893,-2.767315175097276,-1.2077368060327154,-1.0831814677367133,-1.202860713005066,-1.0811400413513184,2.6895644361846034
-2.2583403581118033,0.7287208967730461,-1.5288822627942564,2.0,0.003265430685893,-2.829694056610971,-1.2389849814993092,-1.0707159803725066,-1.2319393157958984,-1.0695536136627195,2.652028922833238
-2.3527593762413064,0.8219527914186994,-1.942855016274538,2.0,0.003265430685893,-2.8696116578927287,-1.2813602889738036,-1.0528930627555582,-1.2881836891174316,-1.0461554527282717,2.5730222891168038
-2.3282532000826173,0.8680818623409615,-1.969367058031839,2.0,0.003265430685893,-2.9034256504158087,-1.317384382287884,-1.0366923129315837,-1.3156133890151978,-1.0333586931228638,2.533423980690988
-2.238914693364437,0.8916440715665312,-2.070424386845535,2.0,0.003265430685893,-2.833112077515831,-1.3487304346929838,-1.0212453502872825,-1.342274188995361,-1.019542574882507,2.490314757346782
-2.1205379180327277,0.9077742024026099,-2.162692609522328,2.0,0.003265430685893,-2.6340123598077367,-1.376727406270688,-1.0059127128651262,-1.3681726455688477,-1.0047470331192017,2.4460214033058394
-2.1691861230927825,1.0239964556816028,-2.5663176338078046,2.0,0.003265430685893,-1.6525520714122228,-1.4138720532880409,-0.9837050934665003,-1.4173877239227295,-0.9753060340881348,2.361444930053772
-2.112845681687671,1.0795096823249861,-2.5619947395067646,2.0,0.003265430685893,-0.7582513160906386,-1.4448544718112069,-0.9636512763241717,-1.440782904624939,-0.9596394896507264,2.321881505022649
-2.0041881169930567,1.1038218330660317,-2.48856251547317,2.0,0.003265430685893,-0.6074921797512776,-1.4714768577355968,-0.9447718913525998,-1.4636244773864746,-0.943014919757843,2.2882864443161113
-1.8777364366484788,1.116294164880256,-2.318407370610273,2.0,0.003265430685893,-0.4304875257495997,-1.4951843874759092,-0.9262862198842461,-1.4860460758209229,-0.9253848791122437,2.2645862746524283
-1.752546742418384,1.1279846409758851,-2.0818578141302018,2.0,0.003265430685893,-0.3878843366140234,-1.516952117832989,-0.9076526781016722,-1.5079050064086914,-0.9068078398704528,2.248462694790738
-1.6380436198386876,1.1445631847345155,-1.810112274691251,2.0,0.003265430685893,-0.3606622415503162,-1.5374232820129918,-0.8885089478433423,-1.5291484594345093,-0.8873108625411987,2.2390074648892795
-1.536373958017723,1.1597974701335731,-1.5688431373311924,2.0,0.003265430685893,-0.3445487144274048,-1.5569107919188283,-0.869188827248832,-1.5495634078979492,-0.868087887763977,2.231477683769896
-1.592912890188697,1.3177193412439887,-1.3376818891899351,2.0,0.003265430685893,-0.3445487144274048,-1.5852304565405189,-0.8401921531261807,-1.5893163681030271,-0.8287795782089233,2.227880702142825
-1.578006453604006,1.4001360131583533,-1.1311428790314237,2.0,0.003265430685893,-0.3268482490272371,-1.609731626606472,-0.8136602342066209,-1.6086543798446655,-0.8077042102813721,2.2262200342812415
-1.5250349717441174,1.4404217034902052,-0.9777974750174898,2.0,0.003265430685893,-0.3742122529945826,-1.631477885927059,-0.7885948476140799,-1.6276497840881348,-0.7856835126876831,2.22320405675701
-1.4598146761220594,1.4618404890239851,-0.8597107452915702,2.0,0.003265430685893,-0.4651560234988938,-1.6515668557519778,-0.7641321451757968,-1.6468535661697388,-0.7625842690467834,2.219557331219321
-1.526931872462402,1.6344664407237954,-0.795229363440967,0.0,0.0,0.0,-1.679360880792325,-0.729330723943889,-1.684211254119873,-0.716855525970459,2.212475383979648
-1.522835091581828,1.7085342622988349,-0.7333531151365156,2.0,0.003265430685893,-0.6933089188982988,-1.703520960358001,-0.6982827780527091,-1.7032248973846436,-0.6929301023483276,2.2063026656776583
-1.4775085101958267,1.720707935293616,-0.6847612849438256,2.0,0.003265430685893,-0.909987029831388,-1.7248898677192916,-0.670141451483265,-1.7216142416000366,-0.6692616939544678,2.199730014363035
-1.4154536788131158,1.6987794481726557,-0.6393427105214728,2.0,0.003265430685893,-1.226398107881285,-1.7444276769809672,-0.6440597751037052,-1.7399431467056274,-0.64564448595047,2.1936276182355683
-1.4850683454866316,1.845780348408321,-0.7955229982885419,2.0,0.003265430685893,-1.327351796749828,-1.771677029078997,-0.6071613539500298,-1.776707887649536,-0.5965380072593689,2.1667285764394504
-1.3497101407209606,1.7091292546645471,-0.6891684945048975,2.0,0.003265430685893,-1.6498664835584045,-1.786489849082057,-0.5866626123320534,-1.776707887649536,-0.5965380072593689,2.166286585444949
-1.3839242531579843,1.7998816553456816,-0.8976597210654367,2.0,0.003265430685893,-1.6498664835584045,-1.8103470412464688,-0.5533170756199179,-1.8128196001052856,-0.5467586517333984,2.1337709254202624
-1.3719530906519253,1.8300304618217542,-0.98239954575064,2.0,0.003265430685893,-2.302708476386663,-1.8316984385076567,-0.5225258888681485,-1.830833315849304,-0.5203471183776855,2.1089867228876114
-1.4554079274982261,2.0258735944744375,-1.2906142397370675,2.0,0.003265430685893,-2.4574959945067523,-1.8591667285272564,-0.480298584387645,-1.865197777748108,-0.4661455452442169,2.0568677741393233
-1.4489997698957089,2.086712099794546,-1.3613397957622506,2.0,0.003265430685893,-2.6266880292973225,-1.8820296242536494,-0.44386268897767267,-1.8815665245056152,-0.4394660592079162,2.0256399460669696
-1.3921540037438127,2.0756465282937744,-1.4930008937772534,2.0,0.003265430685893,-2.6685587853818573,-1.9014556550675596,-0.41120681927098,-1.8973475694656368,-0.4120064973831177,1.9882479316209765
-1.3081370700102228,2.0322962320288327,-1.6243190729212065,2.0,0.003265430685893,-2.695414663920043,-1.9181759194019365,-0.3808622804709783,-1.912104249000549,-0.3839950859546661,1.9478690476298859
-1.3118965812727912,2.169749449524487,-2.037590094503771,2.0,0.003265430685893,-2.708232242313268,-1.939354646662716,-0.3392587699260134,-1.9396263360977173,-0.329325407743454,1.867256533428375
-1.2521997377466916,2.1907530568585303,-2.0607099631084815,2.0,0.003265430685893,-2.680033569848173,-1.9563985471549579,-0.3031542701924783,-1.9520844221115112,-0.3016363978385925,1.8289166889417925
-1.1576200105699448,2.150835967809513,-2.1311139900031426,2.0,0.003265430685893,-2.230930037384604,-1.9701812570446848,-0.2707410641348601,-1.963346242904663,-0.273625761270523,1.788056134678397
-1.0475080279223539,2.0861796390411236,-2.1778379015899234,2.0,0.003265430685893,-1.2107728694590678,-1.9814238834259892,-0.24060199559661824,-1.973466396331787,-0.2452745288610458,1.748577000272498
-0.9373788107168737,2.0112572876985113,-2.2106277247184494,2.0,0.003265430685893,-0.8607919432364382,-1.9909035787410825,-0.21217609554955025,-1.9829448461532595,-0.2175905257463455,1.7100425164922215
-0.8943528278060833,2.1385362960801766,-2.4178225859080023,2.0,-0.0016784924086366,-0.7233386739909973,-2.0030572737989942,-0.17158180573148324,-1.9999479055404663,-0.1623837053775787,1.6516163558388182
-0.8188565633492182,2.1621643627770424,-2.2873335972013367,2.0,-0.0146181429770351,-0.5625696192874035,-2.012376004561651,-0.1358032184351592,-2.006920099258423,-0.1340956836938858,1.6319104894487961
-0.7662172069858413,2.3329032664301668,-2.1637408141054215,2.0,-0.0232242313267718,-0.5476768139162278,-2.0219978218231778,-0.08992136438122574,-2.01819372177124,-0.0775825381278991,1.6063976938506521
-0.6868935377988038,2.3520760014546056,-1.8681454977846335,2.0,-0.0396429388876171,-0.6692607003891053,-2.029013360204055,-0.051327439064066255,-2.0232808589935303,-0.0499418787658214,1.600666268858186
-0.5953952932967584,2.2925166020833085,-1.5676121492134727,2.0,-0.0851148241397727,-1.190997177080949,-2.0339548818546027,-0.017631581677200237,-2.0273425579071045,-0.0219357740134,1.5975725987158087
-0.5197400653405151,2.4008701336495646,-1.4332278293091953,2.0,-0.1004348821240559,-1.4613870450904098,-2.0384797832904455,0.0262117298867683,-2.0330123901367188,0.0340421386063098,1.5848454559167728
-0.4382789370911407,2.3785108148150913,-1.2943532657861607,2.0,-0.1167315175097276,-1.8932784008545056,-2.0414103840509026,0.06314751997469724,-2.0355234146118164,0.0615316741168499,1.5759178901067683
-0.35678151121120155,2.2936056895699104,-1.2307295559921643,2.0,-0.1214923323414969,-2.043671320668345,-2.0430352071920352,0.09559077663433657,-2.0371456146240234,0.0894549190998077,1.5616134750409347
-0.2788940788046884,2.385550321780147,-1.5362185943149618,2.0,-0.1232013427939269,-2.210543984130618,-2.0435947213229824,0.13836675246424182,-2.037966012954712,0.1450113356113433,1.5100569862492115
-0.2061810537315279,2.354338157772685,-1.554702391163529,2.0,-0.1277790493629358,-2.2546120393682765,-2.0432501067647646,0.17447218080212828,-2.0379953384399414,0.1722165644168853,1.4828461521954117
-0.12671066601768294,2.4557900678788083,-1.8888813759366698,2.0,-0.1277790493629358,-2.283421072709239,-2.0412953674107603,0.21884838418627456,-2.035552263259888,0.2261800318956375,1.4204096048158903
-0.05813288254440033,2.4139229407742473,-1.8930436519381362,2.0,-0.129427023727779,-2.300511177233539,-2.038789191206691,0.2553732691124881,-2.033833265304565,0.2523476481437683,1.389507229178037
0.005081521320868976,2.301851391153483,-1.914757889473569,2.0,-0.129427023727779,-2.3058823529411763,-2.035540333294123,0.28658719913070735,-2.030972003936768,0.2784880995750427,1.3568389261037959
0.06701239698671208,2.1638074093075477,-1.9517248254572361,2.0,-0.1395590142671854,-2.317601281757839,-2.031364896528264,0.31429099624883877,-2.0268893241882324,0.3043149411678314,1.3220903799212753
0.12962529579852125,2.0262729187923116,-1.9821757646180818,2.0,-0.1485923552300296,-2.317601281757839,-2.0261534784984825,0.33981977116047724,-2.0216286182403564,0.3298805356025696,1.2874085163587923
0.1937886190728802,1.9027216833672436,-2.0078438631961992,2.0,-0.1725185015640495,-2.2452124818799115,-2.0198377584747247,0.364072400627824,-2.0152008533477783,0.3551436960697174,1.2527944932926633
0.30237914518156567,1.9676285606534387,-2.3084447519582363,2.0,-0.2071259632257573,-1.075883115892271,-2.0095584273803833,0.39880681779448823,-2.001710891723633,0.4034974575042724,1.1865979830779676
0.38154449077790303,1.9457245152943081,-2.294327996331019,2.0,-0.2204318303196766,-0.8263675898374911,-1.9994868905981011,0.42884083997820227,-1.9937658309936523,0.4272578954696655,1.1521467555306804
0.44406531450193504,1.8803989022363112,-2.210389418705506,2.0,-0.2234836346990159,-0.6389868009460598,-1.9892490459766266,0.455653880164502,-1.984730839729309,0.4509329795837402,1.1243506600784718
0.5590650962690894,1.956723552994386,-2.2607165598515375,2.0,-0.2278782330052644,-0.5692835889219499,-1.9745415840514509,0.4907859401256667,-1.966230869293213,0.4963017106056213,1.0839879747268883
0.630002864265769,1.9300139684692987,-2.0667741210825854,2.0,-0.2297703517204548,-0.4039978637369348,-1.9609069815616136,0.5203277971306163,-1.9557805061340328,0.5183975696563721,1.0701126146487627
0.6775300568520877,1.8500390328230383,-1.8093787529605512,2.0,-0.2297703517204548,-0.3633478294041348,-1.9476850034074933,0.5459210297080349,-1.9442503452301023,0.5401414632797241,1.0606856718178468
0.715088073355424,1.7491560712564602,-1.5576755340805926,2.0,-0.2337987335011826,-0.338811322194247,-1.9343616334458085,0.5688524734794773,-1.9316474199295044,0.5615619421005249,1.0551764597241355
0.7504661009605541,1.6488088625408082,-1.3270512570361321,2.0,-0.2337987335011826,-0.3245288776989392,-1.9205814501407417,0.5902052074680607,-1.9180247783660889,0.5829533934593201,1.0522741146380283
0.878771666580171,1.7051375405392928,-1.181882376062754,2.0,-0.2337987335011826,-0.3414969100480656,-1.9000919555635456,0.6203099310585892,-1.8908196687698364,0.6243806481361389,1.0452196309535517
0.9491950903278917,1.6895212357745195,-1.0337647619439267,2.0,-0.2358129243915465,-0.6620584420538647,-1.881376050268971,0.6465597674946267,-1.8762867450714111,0.6454312205314636,1.0414586124335294
0.9878385197904097,1.6427730907409792,-0.9159679363251458,2.0,-0.2358129243915465,-0.99482719157702,-1.8636342851849241,0.6705016762934563,-1.8608416318893437,0.6671233177185059,1.0370250675647945
1.1302010311355133,1.7436456708919759,-0.970218107921533,2.0,-0.2358129243915465,-1.185137712672618,-1.838417553954725,0.7034545402033949,-1.8281294107437132,0.710744321346283,1.0167421211834227
1.1917453481881355,1.7495748545865244,-0.929941819162005,2.0,-0.2358129243915465,-1.3312581063553823,-1.8162657596866854,0.731744837996989,-1.8118181228637693,0.7321733236312866,1.0057174201026797
1.2102572082906675,1.7097940948184551,-0.9579533697165892,2.0,-0.2358129243915465,-1.4355077439536128,-1.7959740502457895,0.7571082052877797,-1.7946362495422363,0.7542333602905273,0.9878383410898807
1.2110810645973404,1.6536393254832875,-1.0068308137206448,2.0,-0.2358129243915465,-1.555260547798886,-1.7765554713393203,0.7807526257860328,-1.7764959335327148,0.7766944766044617,0.9670885923828914
1.2096689841085342,1.596874352977793,-1.066812705110887,2.0,-0.2358129243915465,-1.590783550774395,-1.7572715242617158,0.8034582306036734,-1.757373571395874,0.7993559837341309,0.9442189924052694
1.3445105907329242,1.6980975684359734,-1.3139766541932822,2.0,-0.2358129243915465,-1.635461966887923,-1.729002698312029,0.8356998945428035,-1.7192580699920654,0.8430150151252747,0.898698672769449
1.4040765115161498,1.7118688533996749,-1.334578912536711,2.0,-0.2358129243915465,-1.6499885557335778,-1.7035527391057528,0.8637798490997453,-1.6992480754852295,0.8647750616073608,0.874843121592276
1.4245009257317933,1.6778242232201426,-1.366900537346659,2.0,-0.2358129243915465,-1.6779430838483256,-1.6797372957360355,0.8889191249910252,-1.6782612800598145,0.8864588141441345,0.8498894228213223
1.5720473876806431,1.7679653294127196,-1.6056072719931371,2.0,-0.2358129243915465,-1.956633859769589,-1.647191264893976,0.9217233696838275,-1.636528491973877,0.9282376170158386,0.8011349471927925
1.6249070062667856,1.7588999976753985,-1.6009462001722696,2.0,-0.2358129243915465,-2.095918211642634,-1.6185440578223205,0.9494115231115882,-1.614724040031433,0.9487563967704772,0.776110858214168
1.6286289164523071,1.6946846460598168,-1.631338140848363,2.0,-0.2358129243915465,-2.2207980468451973,-1.5922994973171387,0.9733087682887099,-1.5920305252075195,0.9686681032180786,0.7472117649311664
1.766525792807227,1.7391389962263866,-1.9115681298343983,2.0,-0.2358129243915465,-2.382055390249485,-1.557125334377858,1.0033625151823726,-1.5471599102020264,1.006575107574463,0.68951446996871
1.8024654978851518,1.6929103597647621,-1.920446204393193,2.0,-0.2358129243915465,-2.7493705653467613,-1.5264850161319015,1.0281326518722425,-1.5238877534866333,1.0247918367385864,0.6574847036154884
1.786230323720857,1.5970311030653626,-1.9637520870481124,2.0,-0.2358129243915465,-2.819439993896391,-1.4987188446575126,1.048880822288655,-1.4998921155929563,1.0419518947601318,0.6219887572230931
1.7419445428982983,1.4798070171185682,-2.0021351436739505,2.0,-0.2358129243915465,-2.879865720607309,-1.4730668082358975,1.0666838585248974,-1.4762672185897827,1.058212399482727,0.5861789763854288
1.861268284148567,1.4674109296368436,-2.418102428665072,2.0,-0.2409399557488365,-2.9029373617151144,-1.4373074299172384,1.0895412890273355,-1.4286842346191406,1.0886454582214355,0.5060422704756081
1.8867136729443452,1.389471422319545,-2.4372218713668627,2.0,-0.2499732967116808,-2.9251544975967043,-1.405844991103616,1.1078674312797645,-1.4040061235427856,1.102234959602356,0.46218582258771523
1.8636929729370149,1.2777433553634183,-2.5056627094899104,2.0,-0.2568093385214007,-2.928206301976044,-1.3771794270386493,1.1227128439885135,-1.378843069076538,1.1146385669708252,0.4153318311009284
1.9892776528344491,1.233415474079143,-2.96341193448598,2.0,-0.267551689936675,-2.928206301976044,-1.3390581750909842,1.1402263057349422,-1.3299825191497805,1.137022852897644,0.3195792130647131
2.0028451187089815,1.1371327271039047,-2.9630794425827256,2.0,-0.2735942626077667,-2.844220645456626,-1.3063328132760768,1.1535958840055118,-1.3053523302078247,1.146637797355652,0.2723068388358727
1.958165164124271,1.015778569563085,-2.994782961291495,2.0,-0.2908064393072402,-1.6662241550316628,-1.2772409982125208,1.1637675150468867,-1.2804698944091797,1.1549975872039795,0.22155062217709265
1.889589140927369,0.8862135741077101,-3.045190762404747,2.0,-0.2984359502555884,-1.5076523994811932,-1.2504437860783608,1.1714546766865137,-1.2553995847702026,1.1620913743972778,0.1680307875642257
1.8112927350318093,0.7622666581899212,-3.08603844709822,2.0,-0.3064316777294573,-1.286091401541161,-1.2253863863316266,1.1774401989539451,-1.2310446500778198,1.1684828996658323,0.11456632273503607
1.9111220008784149,0.686799085365811,-3.416642094630398,2.0,-0.313756008239872,-1.1048142214084071,-1.1898061796377686,1.1846474477520257,-1.1825917959213257,1.1791936159133911,0.026665161503230964
1.9194002401092447,0.5941234609817437,-3.3643375730422282,2.0,-0.3259021896696423,-0.946730754558633,-1.1586809689697681,1.1895096238185088,-1.1580827236175537,1.182812213897705,-0.014760575158136204
1.8796862204399172,0.49479868536140287,-3.2005027783610047,2.0,-0.3318226901655605,-0.870801861600671,-1.1305959834495967,1.1924494271504054,-1.1334660053253174,1.1852715015411377,-0.053586383451898124
1.820167688627001,0.39517521995514865,-3.0367666742512363,2.0,-0.3353017471580073,-0.909742885481041,-1.1044556608823932,1.1937802882586075,-1.1087568998336792,1.186580777168274,-0.08999890056702244
1.9302274982389358,0.29625573431580454,-3.237472101789731,2.0,-0.3392080567635616,-1.0658731975280382,-1.0680571331367232,1.1935637126840373,-1.060103416442871,1.1864150762557983,-0.15667747428021242
1.9339283509158547,0.20531239020836933,-3.0803968830809674,2.0,-0.345067521171893,-1.7100480659189747,-1.0369288368318386,1.1922917128887658,-1.0366613864898682,1.1857194900512695,-0.18544855337560914
1.8803461643851904,0.12016388922942618,-2.811894292448694,2.0,-0.345067521171893,-1.9803158617532617,-1.009528199678753,1.189947705647733,-1.0134004354476929,1.1837942600250244,-0.2113551252342466
1.9511526932574768,0.02494832919622665,-2.9506322992429292,2.0,-0.3479972533760587,-2.457618066681926,-0.9747617760680121,1.1855758082601209,-0.9696447849273682,1.1786948442459106,-0.26821793225650814
1.914449369870206,-0.05662916011947476,-2.8288131576731494,2.0,-0.3479972533760587,-2.544045166704814,-0.9459697198912947,1.1805820488334424,-0.9486221671104432,1.1746866703033447,-0.29945220446597515
1.8224718002719158,-0.13025349309500356,-2.696215401338382,2.0,-0.3479972533760587,-2.71274891279469,-0.9214189921982497,1.1748088176199234,-0.9280659556388856,1.1694881916046145,-0.33215699657011905
1.839575616561258,-0.2350491509302542,-2.968471167806332,2.0,-0.3479972533760587,-2.776470588235294,-0.8911287426230174,1.1657969200665987,-0.8898926973342896,1.1582236289978027,-0.4016692878850826
1.7662561846619038,-0.3130276602118595,-2.916439558577024,2.0,-0.3479972533760587,-2.843121995880064,-0.866542540979288,1.1568811226842588,-0.8718411326408386,1.1512458324432373,-0.44023456452415916
1.64964052129552,-0.3760418500997991,-2.856424535017299,2.0,-0.3509269855802244,-2.8650949874113065,-0.8459916817776645,1.1477069318529125,-0.8544191718101501,1.1431530714035034,-0.48077716253112757
1.6326597190922714,-0.4982799290506279,-3.2540986811503188,2.0,-0.3509269855802244,-2.878034637979706,-0.8207200019805053,1.133609335295446,-0.8219471573829651,1.124775528907776,-0.568153546802845
1.5442318265215764,-0.5724288735706845,-3.2182354291115294,2.0,-0.3509269855802244,-2.878034637979706,-0.8004432463015522,1.1207350107074021,-0.8068336844444275,1.1153764724731443,-0.6106581722798472
1.520968802176987,-0.6815821804303094,-3.5240215169214473,2.0,-0.3509269855802244,-2.7971007858396275,-0.7772734113804908,1.1043602311758152,-0.7789545655250549,1.0964720249176023,-0.6927859130909358
1.4260125059482436,-0.7355802309960101,-3.462016292907278,2.0,-0.3509269855802244,-2.634378576333257,-0.7592152907238363,1.089885207846798,-0.7660775184631348,1.0859829187393188,-0.7365331494635436
1.298425739563479,-0.7609872502056516,-3.3467373473030504,2.0,-0.3509269855802244,-2.383886472877089,-0.7448336091399185,1.0764363144239937,-0.7540539503097534,1.0746002197265625,-0.7807259944587758
1.0816591014831305,-0.6862651012433476,-2.8057377585320022,2.0,-0.3509269855802244,-1.41182574196994,-0.7383888275546898,1.0692002575996287,-0.7540539503097534,1.0746002197265625,-0.7805690475927914
0.9252001024384169,-0.6567614771571354,-2.767890698459736,2.0,-0.3509269855802244,-1.132158388647288,-0.7314254888409555,1.0601704444650357,-0.7427323460578918,1.062302589416504,-0.8227187163144667
0.8135601194621923,-0.6608847853420969,-2.7107097866289585,2.0,-0.3509269855802244,-0.8446784161135268,-0.7240025941858906,1.0493896767671493,-0.7320705056190491,1.0490916967391968,-0.8607915620855177
0.806593887400024,-0.7991027869752741,-2.7369108228851626,2.0,-0.3509269855802244,-0.8446784161135268,-0.7114461566293871,1.0296781909441268,-0.7119495868682861,1.0196895599365234,-0.9069321756607169
0.7793377508205941,-0.8959594746418912,-2.475256348593158,2.0,-0.3509269855802244,-0.4701609826810102,-0.700342505790956,1.010489534910104,-0.7023122310638428,1.003489971160889,-0.9206432515369601
0.8092765977463288,-1.089963218106002,-2.316202798105596,2.0,-0.3509269855802244,-0.2859540703440908,-0.6858939015382094,0.9833289647460179,-0.6837303042411804,0.969308853149414,-0.9461336611328462
0.7313376398930277,-1.065252887662159,-1.9465690477631106,2.0,-0.3509269855802244,-0.2219882505531396,-0.6780978722720085,0.9675231062136816,-0.6837303042411804,0.969308853149414,-0.9460829145644276
0.736988392397052,-1.1827813419350925,-1.816455410876587,2.0,-0.3509269855802244,-0.1502098115510799,-0.6660229095309483,0.9427094773870187,-0.6656145453453064,0.9342160224914552,-0.9656009037721603
0.7217470403715988,-1.246214785556515,-1.5714026299717405,2.0,-0.3509269855802244,-0.0900282291905085,-0.655238672052587,0.919591511581018,-0.6563401222229004,0.9150073528289796,-0.969363905015375
0.7637776344674561,-1.4269607139973253,-1.360667324229715,2.0,-0.3509269855802244,-0.0388799877927823,-0.6409121567548425,0.8877033053829003,-0.6378747224807739,0.8746412992477417,-0.9737839084339931
0.7624861252259829,-1.5010254779877288,-1.1835582307713908,2.0,-0.3509269855802244,-0.0184939345387959,-0.6287770938234291,0.8599756532504501,-0.62887042760849,0.8546231985092163,-0.9776236721973891
0.8092577582883278,-1.6707161513322442,-1.017392126373013,2.0,-0.3509269855802244,-0.0049439230945296,-0.6134853320973304,0.8247413178655705,-0.6101052761077881,0.812478244304657,-0.9794132358042904
0.8066394476652993,-1.7170811486943713,-0.880873982140727,2.0,-0.3509269855802244,-0.0012817578393224,-0.6007102995011194,0.7949447576346691,-0.6008995175361633,0.7915940880775452,-0.9814656927979566
0.7833338465446072,-1.7025083349435446,-0.7543562106365378,2.0,-0.3509269855802244,-0.0012817578393224,-0.5893447573114641,0.7684348402614837,-0.5910289883613586,0.7694879770278931,-0.9822058451470601
0.826656023201377,-1.8305311463359943,-0.6415560392821651,2.0,-0.3509269855802244,0.0075074387731746,-0.5739474690478766,0.7327313622848425,-0.570816695690155,0.7234795093536377,-0.9822926159875262
0.8256312238353152,-1.850357908497954,-0.5614974541008286,2.0,-0.3509269855802244,0.0075074387731746,-0.560788720214023,0.7021321543988029,-0.5608627796173096,0.7006993293762207,-0.9840086788407645
0.8064646523353964,-1.8202371811733231,-0.4833024589993375,2.0,-0.3509269855802244,0.0075074387731746,-0.5488456862280492,0.6745176518697666,-0.5502308011054993,0.676694393157959,-0.9845867260813083
0.8603182327663865,-1.953958957771182,-0.410351671433008,2.0,-0.3509269855802244,0.0075074387731746,-0.5323820939944371,0.6365537646006683,-0.5284902453422546,0.6268900632858276,-0.9844631884729229
0.8663445739824536,-1.9760735286842745,-0.363190318039041,2.0,-0.3509269855802244,0.0075074387731746,-0.5182186123118562,0.6038284690455439,-0.5177831053733826,0.6022303104400635,-0.9859424162534532
0.8516712014264819,-1.946219565675322,-0.3142960134484216,2.0,-0.3509269855802244,0.0075074387731746,-0.5053271278854504,0.5741848813118865,-0.5063875317573547,0.5763423442840576,-0.9864654834640512
0.830968947556921,-1.9004861383738487,-0.26695965988282117,2.0,-0.3541008621347372,0.0075074387731746,-0.49306897529927607,0.5460687181749281,-0.4945650696754455,0.5493737459182739,-0.9863725606653607
0.806751824112063,-1.849071397454463,-0.22739150023633653,2.0,-0.3541008621347372,0.0075074387731746,-0.48137442011888704,0.5190598707146903,-0.4831245243549347,0.5227754712104797,-0.9863603840251705
0.8713167307385901,-2.0007801022686795,-0.20854888798915336,2.0,-0.3541008621347372,0.0075074387731746,-0.4641981277303371,0.47944555436401115,-0.4595322012901306,0.4684819877147674,-0.987957816857705
0.8949138488263868,-2.057206480221104,-0.1772821983191713,2.0,-0.3541008621347372,0.0075074387731746,-0.4486970994331732,0.4437028321796645,-0.4469918012619018,0.4396250545978546,-0.9879048783874185
0.897703812991758,-2.0648481745685094,-0.14941988279321805,2.0,-0.3176012817578395,0.0075074387731746,-0.4341940386262746,0.41028235061399315,-0.4339924156665802,0.4097301065921783,-0.9877214577866427
0.9863712573617138,-2.2735225968484465,-0.1263309482257128,2.0,-0.2846417944609749,0.0075074387731746,-0.41396914147795727,0.3634497105718063,-0.4075613915920257,0.3483693897724151,-0.987609049851435
1.012706945212922,-2.3388991994632526,-0.11331870959706686,2.0,-0.1747768368047606,0.0075074387731746,-0.3964461991153308,0.32275142614118124,-0.3945429921150207,0.3180268406867981,-0.9882194634754897
1.0104205720312793,-2.3227347663067373,-0.09960407543446553,2.0,0.2844586861982148,0.0075074387731746,-0.3803940357752768,0.2863976388880371,-0.3805592656135559,0.2875657975673675,-0.9885452373373822
1.0004712806414218,-2.262487880562693,-0.0644898824228263,1.9480582894636456,0.8392156862745097,0.0075074387731746,-0.36488503535734235,0.2532166896803397,-0.365604043006897,0.2575705647468567,-0.9863305860432127
0.9945812952751676,-2.1808336397405355,-0.006237635517646611,1.8974593728542,0.9105668726634624,0.0075074387731746,-0.3492668705994566,0.22241489018129854,-0.3496925234794616,0.2283158153295517,-0.9810379060785289
1.1063818384555677,-2.286513165341368,0.16769704175613614,1.840390630960556,1.0070038910505836,0.0075074387731746,-0.32596264856132157,0.1805352794643942,-0.3178831338882446,0.1728981137275695,-0.9621191495693432
1.1590451498219174,-2.2682375405442574,0.25433533518872187,1.6699778744182496,1.2392462043183032,0.0075074387731746,-0.304779067774277,0.14515923562199326,-0.3009732365608215,0.1464799642562866,-0.9496548810836802
1.181595764488346,-2.1814227836347424,0.35351075165818474,1.5254444190127412,1.4050812542915998,0.0075074387731746,-0.284743567122973,0.11460659346872895,-0.2831138968467712,0.1208804547786712,-0.934553067772731
1.1922873731806138,-2.0627759925741285,0.4767896923623565,1.4296177615014876,1.504142824444953,0.0075074387731746,-0.26513123297129526,0.08754734267308566,-0.2643585801124573,0.0961216166615486,-0.9150175461635242
1.3427584429277553,-2.099426906749757,0.867892158422885,1.1924925612268256,1.6970168612191958,0.0075074387731746,-0.23610727870983939,0.052120004549819514,-0.2252331525087356,0.0494713447988033,-0.8612740150262661
1.4067246165171572,-2.0325583573878396,0.9995701244733144,1.0439917601281756,1.7855191882200352,0.0075074387731746,-0.21039446152279334,0.02294972668529214,-0.205771803855896,0.0277821309864521,-0.8268882279186851
1.5669775247963815,-2.0546670843645742,1.500258177050707,0.5588158999008161,2.0,0.0075074387731746,-0.1772928526233919,-0.011032772932178844,-0.1657118201255798,-0.0126305092126131,-0.7448993183898888
1.6119650497451907,-1.96367436072379,1.5818070674131774,0.4577401388570994,2.0,0.0075074387731746,-0.14924717249895633,-0.037892090350636475,-0.1459960490465164,-0.0313162989914417,-0.7005054275520404
1.5908033401481736,-1.8162649929256798,1.7173430564418148,-0.0892652780956739,2.0,0.0075074387731746,-0.12485469208414016,-0.05956592712547833,-0.1263839900493621,-0.0489130616188049,-0.6579620636845407
1.5329572978053414,-1.6486763539574203,1.7597197543326526,-0.3107652399481193,2.0,0.0075074387731746,-0.10322593050308383,-0.07754720077067391,-0.1074063032865524,-0.0654360353946685,-0.6252862894815858
1.457810936523721,-1.4826738930313867,1.708703522690209,-0.4602426184481574,2.0,0.0075074387731746,-0.08366639678688688,-0.09295191540652933,-0.0890970155596733,-0.0809553787112236,-0.6026607421840969
1.3773784796147486,-1.329636396118721,1.5574866187567098,-0.6169222552834364,1.9774166475928896,0.0075074387731746,-0.06565865858126928,-0.10655767978477898,-0.0714712888002395,-0.0954980850219726,-0.5903868631821435
1.2959974752717554,-1.1949151293525002,1.388898766359123,-0.7688410772869458,1.8709086747539485,0.0075074387731746,-0.04900054635333439,-0.11892569535791772,-0.0548817254602909,-0.1091897636651992,-0.5814394458552892
1.3206585500645593,-1.1656718051083514,1.227274051823001,-1.223132677195392,1.366079194323644,0.0075074387731746,-0.02663428998905395,-0.13611111686983904,-0.0248521026223897,-0.1339977830648422,-0.5747664420369876
1.2765502996449438,-1.0963261880808042,1.0397599727417997,-1.2594491493095292,1.2996108949416345,0.0075074387731746,-0.008419665748586552,-0.15017755887503262,-0.0116072464734315,-0.1451661437749862,-0.5736094450815783
1.1926387073741611,-1.0083778640538088,0.8855856962866955,-1.3994048981460288,0.2721293965056839,0.0075074387731746,0.006457903244001019,-0.1619046814222958,0.0003938455774914,-0.1555489003658294,-0.5722618653102091
1.1569342497350614,-0.9785368722109352,0.7744094529775569,-1.4191195544365605,0.1936980239566643,0.0075074387731746,0.02317976876178944,-0.17606599602098974,0.0205995067954063,-0.1739094704389572,-0.5694070829993837
1.0640950328764114,-0.9076144067139811,0.66738016628383,-1.416983291371023,0.0046082246128023,0.0075074387731746,0.035553292670767365,-0.18703403664599097,0.0288440603762865,-0.1819086670875549,-0.5681659823886303
0.9431217987584228,-0.817644739126603,0.5745382390274635,-1.2363775082017243,-0.0728465705348289,0.0075074387731746,0.04458150272763543,-0.1956081435123229,0.0358391031622886,-0.189106285572052,-0.5672367648947458
0.8444560332096628,-0.7626520539453933,0.5001376145547509,-1.1997558556496528,-0.0890821698329138,0.0075074387731746,0.05314884536664107,-0.2050549974931468,0.0460185445845127,-0.2010808289051056,-0.5659250166533325
0.7184993375977624,-0.6803507382626308,0.4269581151529982,-1.2184939345387962,-0.1128862439917601,0.0075074387731746,0.05833338426585122,-0.21181664687773108,0.0492308437824249,-0.2058689594268798,-0.565735641054522
0.5839017875401429,-0.5874428093102292,0.3632596561810032,-2.0,-0.199557488364996,0.0075074387731746,0.06093138557900497,-0.21656029217729267,0.0512043945491313,-0.209846094250679,-0.5657270383168784
0.45187693405827034,-0.4935821216282848,0.3091621743426835,-2.0,-0.2250705729762723,0.0075074387731746,0.06154590216971143,-0.21975442554573776,0.0520048327744007,-0.2129713743925094,-0.5657306561168882
0.32738185779070234,-0.4110952320627954,0.21271059978777793,0.0,0.0,0.0,0.060545800357989905,-0.2221986880767419,0.0515488870441913,-0.2162375897169113,-0.5711949971578335
0.2117275531394939,-0.3222765822881818,0.15521335054387947,-2.0,-0.2522926680399786,0.0075074387731746,0.05813822392624896,-0.22290457974752229,0.0497802086174488,-0.2164859026670456,-0.5740004562355535
0.11633957048771769,-0.24039506908473282,0.112732551835011,-2.0,-0.2591287098496986,0.0075074387731746,0.05521994662975633,-0.22264797392921717,0.0483265221118927,-0.2167306244373321,-0.5761174646612007
0.04126432352856857,-0.16852249652546666,0.08491001141239658,-2.0,-0.2650492103456168,0.0075074387731746,0.05211829794150142,-0.2217429359329994,0.046692818403244,-0.2165489047765731,-0.5773294147770522
-0.022450928745438734,-0.10436885931638733,0.06667496781716617,-2.0,-0.2650492103456168,0.0075074387731746,0.048566432948774274,-0.2201982209137822,0.0439619086682796,-0.2155620157718658,-0.57794793424324
-0.06821048694326191,-0.05313324855152945,0.05870422468407033,-2.0,-0.2650492103456168,0.0075074387731746,0.04518214071113234,-0.218481033862989,0.0418752245604991,-0.2147783786058426,-0.5777454047360674
-0.1235133395164972,-0.002943736229973133,0.053228369567830454,-2.0,-0.2700541695277332,0.0075074387731746,0.04043480649835483,-0.21601323261882124,0.0364382229745388,-0.2123861759901046,-0.577399909632529
-0.16833686995754119,0.03869913415732318,0.04687785955249521,-2.0,-0.2712138551918821,0.0075074387731746,0.03549539470345965,-0.21330740142379317,0.0322561226785182,-0.2102979868650436,-0.5772369204149099
-0.21042200258237326,0.07455515005375851,0.04196391170708545,-2.0,-0.2712138551918821,0.0075074387731746,0.030019836693897958,-0.21031784224888314,0.0269784610718488,-0.2077266275882721,-0.5770197884685261
-0.29564860449328034,0.12587689064791097,0.03884602825997821,-2.0,-0.2712138551918821,0.0075074387731746,0.021018916064115246,-0.20573217716893435,0.0148598263040184,-0.202023297548294,-0.5766865116366816
-0.3484660311573062,0.15749510714249654,0.03695579948490055,-2.0,-0.2712138551918821,0.0075074387731746,0.012796878751198042,-0.20162792675018307,0.0089799100533127,-0.1993429660797119,-0.5762699842292283
-0.38646771598869334,0.18008408785940927,0.033709897753326834,-2.0,-0.2635843442435339,0.0075074387731746,0.004709203131126124,-0.19761469047510777,0.0019629269372671,-0.1959822475910186,-0.5760307418782405
-0.40846621805576205,0.19227835911751204,0.03150350989290289,-2.0,-0.2320897230487526,0.0075074387731746,-0.002928559464780254,-0.19392720498467517,-0.0045183300971984,-0.1930459588766098,-0.5757306906460384
-0.41961310902698823,0.19778136907552685,0.03242637455118477,-2.0,-0.2071259632257573,0.0075074387731746,-0.010200918719250059,-0.190486957714798,-0.0110064735636115,-0.1900892704725265,-0.5751265379002031
-0.4941437298314652,0.23462634570759314,0.03166008236088533,-2.0,-0.1895475700007631,0.0075074387731746,-0.021841806080296556,-0.18488670446753663,-0.0272279269993305,-0.1822240203619003,-0.5746908332701947
-0.5451925579200747,0.26178021902342175,0.02796029638154974,-2.0,-0.1776455329213395,0.0075074387731746,-0.03312284670990789,-0.17933759200614238,-0.0368120037019252,-0.1773752570152282,-0.574585569868484
-0.5849167630637098,0.2851693830716164,0.024783609236918268,-2.0,-0.1704432745860988,0.0075074387731746,-0.04447201930054364,-0.1736028953425413,-0.0473427772521972,-0.1719126254320144,-0.5744827567497047
-0.6213186097289204,0.3083472766415901,0.022121820071003145,-2.0,-0.1704432745860988,0.0075074387731746,-0.05623714437214726,-0.16750793874373993,-0.0588678047060966,-0.1658329367637634,-0.5743749252667505
-0.6587559311262292,0.3329455895227639,0.019898947451673973,-2.0,-0.1637293049515524,0.0075074387731746,-0.06865315225591145,-0.1609482346281742,-0.0713586434721946,-0.1591705828905105,-0.574262077328102
-0.6997318108548995,0.35956706041518083,0.018053413962304646,-2.0,-0.1637293049515524,0.0075074387731746,-0.08190208464452264,-0.15386121037755152,-0.0848632976412773,-0.1519373506307602,-0.5741438684526137
-0.7449723669112416,0.38811851841821693,0.016496262729738406,-2.0,-0.1595178149080642,0.0075074387731746,-0.09608856075125857,-0.14622065481476174,-0.099357970058918,-0.1441573202610016,-0.5740239094227596
-0.7944863590349729,0.4185311340104755,0.015091923910090895,-2.0,-0.1595178149080642,0.0075074387731746,-0.11128139448709753,-0.13800023833481076,-0.1148596331477165,-0.1358024030923843,-0.5739122903740989
-0.9449566494039043,0.5008913538472072,0.013375510485850638,-2.0,-0.1595178149080642,0.0075074387731746,-0.13394048099901174,-0.12585906267049227,-0.1448145508766174,-0.1199071183800697,-0.5738569899999231
-1.0306154867842292,0.5485973283315083,0.0119348106785548,-2.0,-0.1595178149080642,0.0075074387731746,-0.15472253024289861,-0.11469104975175874,-0.1609128564596176,-0.1112434715032577,-0.5737992468133819
-1.0798624648311035,0.5769934283498319,0.01152402523659485,-2.0,-0.1595178149080642,0.0075074387731746,-0.17446800210382882,-0.10403628032325386,-0.17802694439888,-0.1019841730594635,-0.5736528455817843
-1.2392985525970257,0.6642039870467586,0.011397732625448392,-2.0,-0.1595178149080642,0.0075074387731746,-0.20228581812535573,-0.08903906127068949,-0.2138078212738037,-0.0827365964651107,-0.5734821595456681
-1.306246620375092,0.700719436568775,0.010217683983011159,-2.0,-0.1595178149080642,0.0075074387731746,-0.2265404044216591,-0.07599783054651679,-0.2313785552978515,-0.0733589604496955,-0.573427790310032
-1.3257461976507532,0.7119362626183511,0.00941668680126603,-2.0,-0.1595178149080642,-0.029846646829938,-0.24872943032165412,-0.06404479652079513,-0.2501386106014251,-0.0632341876626014,-0.5733511873812909
-1.465175660185473,0.7872565769630699,0.01000518567299429,-2.0,-0.1595178149080642,-0.1015030136568242,-0.2791587861181453,-0.047674533563994495,-0.2892349660396576,-0.0422313436865806,-0.5731366888797401
-1.5070996074880283,0.8094457385140633,0.008811394578404092,-2.0,-0.1595178149080642,-0.4967727168688487,-0.3053731091162024,-0.033611545056567105,-0.3084028363227844,-0.0320079959928989,-0.5731060913948752
-1.5018063471086323,0.8066845058772092,0.0024036936310032203,-2.0,-0.1595178149080642,-0.7348134584573129,-0.3291367754578041,-0.020842953079303055,-0.3287542462348938,-0.0210424996912479,-0.573660121533003
-1.6130638514829874,0.8656067767888467,-0.027723102069860117,-2.0,-0.1595178149080642,-0.9723659113450828,-0.36052069906243017,-0.00404076169978739,-0.3685609698295593,0.0002173871325794,-0.5768899569604335
-1.63480870790391,0.8783743276352861,-0.09424723359124797,-2.0,-0.1595178149080642,-1.22383459220264,-0.387767231794902,0.010652985236973122,-0.3893386721611023,0.0115756606683135,-0.5845704588834548
-1.6140658112337878,0.8709913925046068,-0.2060768845164454,-2.0,-0.1595178149080642,-1.7174944686045626,-0.41255289766645503,0.024218902676774515,-0.411053866147995,0.0236853584647178,-0.5983861035180443
-1.5795046446037897,0.8600356929986257,-0.34548264537411055,-2.0,-0.1595178149080642,-1.9772640573739224,-0.43609317764056776,0.0374305044954751,-0.4335955381393432,0.0366387665271759,-0.617458253833188
-1.709628772687305,0.9547104330345514,-0.7711443528828967,-2.0,-0.1595178149080642,-2.076386663614862,-0.4699675106224304,0.05744984261712048,-0.4793712198734283,0.0642917230725288,-0.6750369498120157
-1.7424592072885214,0.9927407793161006,-0.8560119282667732,-2.0,-0.1595178149080642,-2.13986419470512,-0.49949192858773067,0.07523932342119694,-0.501864492893219,0.0779876708984375,-0.7020826316467003
-1.7245833222755216,1.0038910414458908,-1.023287293211377,-2.0,-0.1595178149080642,-2.211520561532006,-0.5261895351382827,0.09186029851671434,-0.5248976945877075,0.0926660969853401,-0.736131364624617
-1.6825537784255173,1.007076670472169,-1.1992171205252744,-2.0,-0.1595178149080642,-2.268162050812543,-0.5510043750726482,0.10813315105709735,-0.5479670166969299,0.1083633676171302,-0.7756570056828175
-1.7871589842387383,1.1159029483454412,-1.6519113725090604,-2.0,-0.1595178149080642,-2.3052719920653084,-0.5848404867702414,0.13144067607468699,-0.5924000144004822,0.1393052488565445,-0.8615424642324422
-1.793809701851772,1.161833403543647,-1.6734067042295793,-2.0,-0.1595178149080642,-2.336400396734569,-0.6138746968126915,0.1523314983016526,-0.6143553256988525,0.1556507647037506,-0.895912630149011
-1.7456843616231212,1.1765231501067295,-1.814295737548438,-2.0,-0.1595178149080642,-2.3427481498435947,-0.6393941773132336,0.1718919439701384,-0.6359162926673889,0.1729535311460495,-0.9383418814215846
-1.670168606969855,1.1794315265714856,-1.9214806795164763,-2.0,-0.1595178149080642,-2.354955367360952,-0.6623329241571407,0.1909085816094662,-0.6568756103515625,0.1911187618970871,-0.9806910443223719
-1.7254570349331568,1.301149529243259,-2.414982795973925,-2.0,-0.1595178149080642,-2.354955367360952,-0.6927106347068104,0.2178260317366299,-0.6967061758041382,0.2266222536563873,-1.0729004549274304
-1.6922229016090786,1.3473932353212892,-2.428997189198484,-2.0,-0.1595178149080642,-2.363988708323796,-0.7181209019085283,0.2417015076779591,-0.7157191634178162,0.2450434118509292,-1.1177303281718665
-1.6105848166385597,1.3538865107126061,-2.4784529326247386,-2.0,-0.1595178149080642,-2.363988708323796,-0.7397995297769421,0.2636890575318389,-0.7338997721672058,0.2641583085060119,-1.1619841644618165
-1.6297325291600846,1.4685701398918156,-3.0008382168183187,-2.0,-0.1595178149080642,-2.3670405127031358,-0.7668347057073501,0.2929327583499808,-0.768218457698822,0.3012206256389618,-1.2585862585623577
-1.5668050356974152,1.4954995505981339,-2.999558547082268,-2.0,-0.1595178149080642,-2.3808346684977497,-0.7887504092417708,0.31821013272203796,-0.7842028141021729,0.3201562464237213,-1.306052300888006
-1.5681424983026102,1.598743931965865,-3.481173940838439,-2.0,-0.1595178149080642,-2.415136949721523,-0.8139077069224877,0.34896341525799696,-0.8140043616294861,0.3564245998859405,-1.4027290369126664
-1.486343599392134,1.6007024702459,-3.457386874087998,-2.0,-0.1595178149080642,-2.4970473792629893,-0.8335904172342254,0.3746727934108574,-0.8276790380477905,0.3748143315315246,-1.4507305718428496
-1.363573689960257,1.5526625593774603,-3.354874854618525,-2.0,-0.1595178149080642,-2.5516136415655755,-0.8492558295668375,0.3971082057782597,-0.8403835892677307,0.3936364948749542,-1.4963162395396041
-1.2267471490952866,1.487142905315163,-3.252411667577521,-2.0,-0.1595178149080642,-2.571145189593347,-0.8620276661740865,0.4176194269880771,-0.8521395921707153,0.4128845036029815,-1.5404200694712462
-1.172043335122303,1.5479064569459637,-3.743497646166221,-2.0,-0.1595178149080642,-2.582986190585183,-0.878039255440678,0.44543067632563016,-0.8740859627723694,0.4498218894004822,-1.6382203896954919
-1.0779730011709983,1.5355254560319298,-3.7149401372815296,-2.0,-0.1595178149080642,-2.5899443045700767,-0.8905731379059046,0.4693786952096084,-0.8837749361991882,0.468483954668045,-1.6892580585327501
-1.0255063585992379,1.6215035920640426,-4.159148241178238,-2.0,-0.1595178149080642,-2.595559624628061,-0.904352235952917,0.4996309535862465,-0.9005606174468994,0.5058443546295166,-1.791792326447686
-0.9353106567805545,1.6088816578292024,-4.130663158967262,-2.0,-0.1595178149080642,-2.595559624628061,-0.9147976713562,0.5247405989884257,-0.9082794785499572,0.5238284468650818,-1.8495480017159867
-0.8279115536944432,1.5470780819806693,-4.0123235467563045,-2.0,-0.1595178149080642,-2.595559624628061,-0.9226626913859686,0.5463969886378212,-0.9149012565612792,0.541930615901947,-1.9039219864710857
-0.715972638548241,1.4678251254176207,-3.916124687494464,-2.0,-0.157869840543221,-2.595559624628061,-0.9285092074238114,0.5659109756957232,-0.920419692993164,0.560183584690094,-1.9589318920140202
-0.647401299732577,1.5070790348682939,-4.4829085023055395,0.0,0.0,0.0,-0.935431648824291,0.5919911790123555,-0.930476188659668,0.5948279500007629,-2.077319737339833
-0.5638321032672642,1.4767104241697588,-4.466525313823568,-2.0,-0.157869840543221,-2.489600976577401,-0.9402654689538926,0.6140968324648347,-0.9342261552810668,0.6119021773338318,-2.137868856481566
-0.47754398975039847,1.4086173572489071,-4.271381921880992,-2.0,-0.157869840543221,-2.435156786449989,-0.9435824395039668,0.6332226960807599,-0.9373466372489928,0.6283017992973328,-2.1901499451822906
-0.3951714702884503,1.3274226483154772,-4.091772813470639,-2.0,-0.157869840543221,-2.4147707331960024,-0.9457776527149877,0.6503929459861149,-0.9398248195648192,0.6445252299308777,-2.242384772998806
-0.3290446038294841,1.35933222259586,-4.42621083224886,-2.0,-0.157869840543221,-2.401831082627604,-0.9477288748424906,0.6737411896367307,-0.9429500699043274,0.6760472059249878,-2.3386231973907625
-0.2573519451833632,1.3323444943905745,-4.346850991640394,-2.0,-0.157869840543221,-2.389623865110247,-0.948254123168869,0.6937063978055141,-0.9430730938911438,0.6917560696601868,-2.392830500832185
-0.18318277447763825,1.2757067183587423,-4.191972682734903,-2.0,-0.157869840543221,-2.3808346684977497,-0.9474685714538961,0.711279694042673,-0.9421085715293884,0.7071866393089294,-2.4477885170843354
-0.11327024038263886,1.2047214754660995,-4.003163878769749,-2.0,-0.157869840543221,-2.3808346684977497,-0.9457777111596982,0.7269983021117854,-0.940725326538086,0.7218683958053589,-2.496690860664622
-0.0275161233676023,1.2340188922241995,-4.406577539130263,-2.0,-0.157869840543221,-2.377904936293584,-0.9419209933969256,0.7482106422301986,-0.9357237815856934,0.7503278851509094,-2.5976028719197664
0.04962288317439459,1.2053398172393242,-4.350812331809851,-2.0,-0.157869840543221,-2.377904936293584,-0.9372617383330983,0.7660590253936415,-0.9316871166229248,0.7639864683151245,-2.653850647150645
0.12034111219659836,1.146348830388834,-4.207575316915184,-2.0,-0.157869840543221,-2.3636224917982758,-0.9317927245569112,0.7814446805039406,-0.9266821146011353,0.7771815657615662,-2.709410368723658
0.22972436779255348,1.1601620567454078,-4.567841178357569,-2.0,-0.157869840543221,-2.3294422827496755,-0.9226361477336131,0.8006994279178566,-0.9147313237190248,0.8016976714134216,-2.811732160344153
0.30652330461021127,1.1154364355360307,-4.469457245837503,-2.0,-0.157869840543221,-2.028656443121996,-0.913883526174035,0.8163052950562767,-0.9083334803581238,0.8130730986595154,-2.8604444187230915
0.36415783424138937,1.0415005952007548,-4.2195646744317745,-2.0,-0.157869840543221,-1.940398260471504,-0.9051690441421196,0.8292645202140441,-0.9010039567947388,0.8239213824272156,-2.9097089951618833
0.4590377400457089,1.0243557485666706,-4.419297504867411,-2.0,-0.157869840543221,-1.872404058899824,-0.8930701886417775,0.8447951165283055,-0.886213481426239,0.8435561060905457,-2.995061756998479
0.5159662156964095,0.9615867440187785,-4.250944474307661,-2.0,-0.157869840543221,-1.7989166094453344,-0.8819621515289364,0.8570352689740106,-0.8778480887413025,0.8524991273880005,-3.0389638927489973
0.5522375852043444,0.8771351576372945,-3.9534931024273816,-2.0,-0.157869840543221,-1.7812161440451666,-0.8713088608119663,0.8668377230927546,-0.868687629699707,0.8607346415519714,-3.0807758045979834
0.6436806172947143,0.8342195279952318,-4.182551825632581,-2.0,-0.157869840543221,-1.774868390936141,-0.8564279344820096,0.8780348149461447,-0.8498196005821228,0.8749334216117859,3.119305912607236
0.6836869232554879,0.7633355676475911,-4.022913369554081,-2.0,-0.157869840543221,-1.7672999160753795,-0.8434843037927914,0.8866963235658958,-0.840593159198761,0.8815737366676331,3.078309012313301
0.6968839302107213,0.6803475385412953,-3.7112066703341213,-2.0,-0.157869840543221,-1.762294956893263,-0.8316728839858506,0.8934235118511152,-0.8307191729545593,0.8874261975288391,3.042026093152087
0.7717442876284222,0.6288649068333697,-3.92796412266877,-2.0,-0.157869840543221,-1.762294956893263,-0.8155738652253794,0.9009056535831005,-0.8101639151573181,0.8971851468086243,2.963935207768478
0.7941109444008286,0.5618440772654163,-3.7717726240700444,0.0,0.0,0.0,-0.8017473394757374,0.9065368724941153,-0.8001309633255005,0.9016934633255004,2.9253512585991657
0.7904085766331296,0.4881844109113458,-3.4938979980364575,-2.0,-0.157869840543221,-1.7480125123979553,-0.7892863208581563,0.9106568772562877,-0.7895538806915283,0.905333697795868,2.8906377801459366
0.827356868355151,0.44288234247624786,-3.6440033359001744,-2.0,-0.1536583504997329,-1.741298542763409,-0.7741972023258367,0.915472994231422,-0.7715270519256592,0.9121991395950316,2.82130258438297
0.8105649905639424,0.39090872453214853,-3.4370870874909687,-2.0,-0.1536583504997329,-1.6896620126649884,-0.7620695715420953,0.9191232346599351,-0.7632830739021301,0.9153672456741332,2.7918042539373924
0.7728710039767926,0.3350978856975463,-3.1954521275509653,-2.0,-0.1536583504997329,-1.5055771725032423,-0.7515924094688087,0.9216882258249938,-0.7543164491653442,0.9176549315452576,2.7584719563560163
0.7321229368701487,0.2767987109352378,-3.036214057212735,-2.0,-0.1536583504997329,-1.4499122606240942,-0.7419202506365297,0.9231957444122489,-0.7448650002479553,0.9189826250076294,2.722423007705079
0.7525702635773511,0.23051373741038975,-3.2406454194720715,-2.0,-0.1536583504997329,-1.414389257648585,-0.728854549759901,0.9245647122013392,-0.7273768782615662,0.9212198257446288,2.653517546722946
0.7417394396113302,0.18011990149901005,-3.108514253702105,-2.0,-0.1536583504997329,-1.401327534905013,-0.7175294307195487,0.9249214913349244,-0.71831214427948,0.9212796688079834,2.6214258911802872
0.7197684025177576,0.12701698712098441,-2.902759702389,-2.0,-0.1536583504997329,-1.3681239032578008,-0.7071140631686832,0.9242928770679846,-0.7087018489837646,0.920455276966095,2.5915039175671444
0.6954893989076729,0.0718736720449855,-2.7228864529790062,-2.0,-0.1536583504997329,-1.3628747997253372,-0.6972028074889748,0.9226797291608064,-0.6989573836326599,0.9186946749687196,2.5623517055793075
0.6668956398222423,0.0224948404342053,-2.574838286543601,-2.0,-0.1536583504997329,-1.3509117265583273,-0.6879652561467178,0.9205653672527618,-0.6900316476821899,0.9169968962669371,2.533322219729003
0.7055603963930149,-0.03848435893188528,-2.6988319002312062,-2.0,-0.1536583504997329,-1.3509117265583273,-0.6747388723761897,0.9168940657854867,-0.6719446778297424,0.912487268447876,2.479755062420528
0.7136512655757702,-0.09243455683346047,-2.579815993710622,-2.0,-0.1536583504997329,-1.3374837872892344,-0.6629150340575376,0.9127117710490749,-0.6623303294181824,0.908812940120697,2.4519966059045535
0.7060035445791178,-0.14333144979524667,-2.4276126972949506,-2.0,-0.1536583504997329,-1.3374837872892344,-0.6520021901007805,0.9078681213297515,-0.6525548696517944,0.904189944267273,2.425872537665653
0.6940853105674972,-0.19376335728909855,-2.2977236474127896,-2.0,-0.1536583504997329,-1.3304036011291671,-0.6414940251747344,0.9022408606281249,-0.6423553228378296,0.8985962867736816,2.3999749400331214
0.7463627020571365,-0.2758639499427198,-2.413800429224568,-2.0,-0.1536583504997329,-1.3246662088960095,-0.6269327012630967,0.8937131328507261,-0.6231547594070435,0.887779951095581,2.351509838655975
0.7586213662790844,-0.33322582250448857,-2.311204537115289,-2.0,-0.1536583504997329,-1.3138017853055617,-0.6141805010491082,0.8855072253338742,-0.6132946014404297,0.8813618421554565,2.3259060772776863
0.7510699789024173,-0.37840091850220653,-2.193086715907282,-2.0,-0.1536583504997329,-1.269367513542382,-0.6025417670486655,0.8771891724807439,-0.6030874848365784,0.8739244937896729,2.3008663326869856
0.7354875463288899,-0.41915553885189855,-2.0886902233938636,-2.0,-0.1536583504997329,-1.2315251392385749,-0.5915547723726648,0.8684405473309225,-0.5926808714866638,0.8654953241348267,2.276403060915466
0.7125409449733688,-0.45077982178223325,-1.9990266931904015,-2.0,-0.1536583504997329,-1.1402151522087438,-0.5813039278125777,0.8596434375003758,-0.5829622149467468,0.8573580384254456,2.252204222955397
0.68783519678729,-0.4739976226555595,-1.909216482965321,-2.0,-0.1536583504997329,-1.0761272602426182,-0.5715365227260162,0.8508960756862662,-0.5733219385147095,0.8492181897163391,2.2295545106764196
0.6672702265091132,-0.4976040171081441,-1.8374162304704802,0.0,0.0,0.0,-0.561890670656896,0.8417515398755943,-0.5633768439292908,0.8400455713272095,2.206461911061057
0.7280916612848995,-0.6075730254328793,-1.9593457061617596,-2.0,-0.1536583504997329,-0.9271992065308616,-0.5471935576355932,0.8265200335746582,-0.5427981615066528,0.8185728788375854,2.1642610645816482
0.746263936351405,-0.6734328241059048,-1.8686493770404173,-2.0,-0.1536583504997329,-0.8366216525520711,-0.5343427565061379,0.8124449991141017,-0.5330294966697693,0.8076854944229126,2.1442801603993367
0.7394818992606977,-0.7083267091894978,-1.7565787009019522,-2.0,-0.1536583504997329,-0.6907454032196538,-0.5228508811001024,0.7993633055384978,-0.5233410000801086,0.7968416213989258,2.125815567720204
0.7904516705853979,-0.8140343429925533,-1.7942700933678184,-2.0,-0.1536583504997329,-0.6137178606851297,-0.5076496560519538,0.7810419475306106,-0.503966212272644,0.773402750492096,2.093884745102368
0.7929153998894134,-0.857959161653739,-1.6759787959808115,-2.0,-0.1536583504997329,-0.5582970931563285,-0.4948395568632387,0.7651136118069067,-0.4946615099906921,0.761939287185669,2.078715394856004
0.7716249172830761,-0.87240150961527,-1.5322334286913462,-2.0,-0.1536583504997329,-0.4256046387426568,-0.48356038378489097,0.7504315090597637,-0.4850989878177643,0.749387800693512,2.066396722617351
0.7415301963930697,-0.8776768686324904,-1.4038847886280599,-2.0,-0.1536583504997329,-0.3391775387197677,-0.47320388987935263,0.7361243409527255,-0.4753787517547607,0.7357431054115295,2.0548029775924532
0.71162063385873,-0.8854068163670072,-1.2713832982533786,-2.0,-0.1536583504997329,-0.2040436408026247,-0.4633166710412518,0.7215704989088695,-0.4654781520366668,0.7210118770599365,2.0458775129718516
0.6815434167031987,-0.8904764997859844,-1.1487175795463813,-2.0,-0.1536583504997329,-0.0033569848172732,-0.4539190885319013,0.707068842716498,-0.4560926854610443,0.706702470779419,2.038096447926204
0.7250120313023561,-1.0040523159503507,-1.09680361736146,-2.0,-0.1536583504997329,0.5434042877851528,-0.4401407664118664,0.6853129374850156,-0.4369994103908539,0.6771051287651062,2.0250683286146423
0.7361292779352775,-1.0667129405682232,-0.9567579868847484,-2.0,-0.1536583504997329,1.418539711604486,-0.4278056338762858,0.6651057256895306,-0.4270022213459015,0.6605774164199829,2.0224914275759796
0.7316089527625054,-1.1026168639487277,-0.7552680894868975,-2.0,-0.1536583504997329,1.5896849011978331,-0.41632639553080425,0.6456647785393735,-0.4166530668735504,0.6430701017379761,2.028139752666297
0.717804217958878,-1.1171394691656569,-0.5496650675818155,-2.0,-0.1536583504997329,1.8298008697642485,-0.4055332570538808,0.6270628469009707,-0.406530886888504,0.6260133385658264,2.037506200341713
0.7003703880753402,-1.1178859459767516,-0.3815107800541166,-2.0,-0.1536583504997329,2.836774242771038,-0.39520090690859055,0.6091392672318124,-0.3964608013629913,0.6090853214263916,2.0465694607531693
0.7724420832126204,-1.2504204539068704,0.13248107376071988,-2.0,-0.1536583504997329,3.158190280003052,-0.37923045798282345,0.5824914877998157,-0.3740220367908478,0.5729135870933533,2.09777583587155
0.8116274813602781,-1.3116490135347898,0.43406847494823386,-2.0,-0.1536583504997329,3.394766155489433,-0.3642809124934349,0.5584370568903484,-0.3614490926265716,0.5540122389793396,2.1405405835912212
0.8363822336455312,-1.3311338290051267,0.762144931941108,-2.0,-0.1536583504997329,3.394766155489433,-0.3496583831908461,0.5361625685746777,-0.3478694260120392,0.5347544550895691,2.1916531600349574
0.9629105189291526,-1.4600459210938768,1.5010058401895727,-2.0,-0.1536583504997329,3.5666437781338214,-0.32791172311409017,0.5063422940372432,-0.3187678754329681,0.4970261752605438,2.3244577525950105
1.0220898720133509,-1.4890228407776376,1.5463343298824705,-2.0,-0.1536583504997329,3.653681239032578,-0.30859292031217367,0.4810659502409243,-0.3043161928653717,0.4789718687534332,2.3687451911274144
1.0458478598068808,-1.4591983316837032,1.8487904114658982,-2.0,-0.1536583504997329,3.701045242999924,-0.29066888696427173,0.4592132263714597,-0.288951963186264,0.4613685607910156,2.4283855886798547
1.0464507123553095,-1.3948097074075503,2.079698412470732,-2.0,-0.1536583504997329,3.728999771114672,-0.2738954677717479,0.4401226625763064,-0.2738519012928009,0.4447758495807647,2.488950165823261
1.0339278216721248,-1.3150155213451573,2.3208131051192677,-2.0,-0.1536583504997329,3.7582970931563286,-0.25798012086404615,0.4230807491645932,-0.2588851153850555,0.4288472533226013,2.554102188632607
1.1401181017982436,-1.3340664884851363,2.9390724335401903,-2.0,-0.1536583504997329,3.845944914930953,-0.23441723822580227,0.40078107761208603,-0.2267431616783142,0.3994043171405792,2.6788625398268597
1.3074248906295198,-1.376548170762792,3.1007811432605434,-2.0,-0.1536583504997329,4.0,-0.20511501493201487,0.3766276305625993,-0.1930242180824279,0.3735575973987579,2.7975632629916
1.3620274490535915,-1.3257271278198048,3.1210398143942277,-2.0,-0.1536583504997329,4.0,-0.18058654537480406,0.3579625423398735,-0.1766405701637268,0.3616352379322052,2.852051835005924
1.3554249793698285,-1.2256291290293275,3.2196741323851024,-2.0,-0.1536583504997329,4.0,-0.1592305829057194,0.34336819665201207,-0.1597077250480651,0.3506020009517669,2.9115476294216243
1.4431836014665091,-1.1725847098509345,3.8683650170924255,-2.0,-0.1536583504997329,4.0,-0.13174222760765514,0.32726479627205146,-0.1254001557826995,0.3310981690883636,3.0304945692571628
1.4412809570118288,-1.073443242594238,3.879270076094398,-2.0,-0.1536583504997329,4.0,-0.1087770701910891,0.3150574947908999,-0.1089145690202713,0.3222221732139587,3.0953345999475395
1.5107868617020122,-1.0070979523166714,4.47521805041324,-2.0,-0.1536583504997329,4.0,-0.08112167168978024,0.3022683638898052,-0.0760986730456352,0.307062953710556,-3.0655677536149906
1.485154063894194,-0.9050734868584347,4.4530391485576954,-2.0,-0.1536583504997329,4.0,-0.05864361742320917,0.2928994400580992,-0.0604960285127162,0.3002724647521972,-2.9997050720843537
1.4141161272541372,-0.788951139516814,4.354179718654615,-2.0,-0.1536583504997329,4.0,-0.03957733530897053,0.2860948918370063,-0.0447110496461391,0.2944867312908172,-2.937976299214588
1.3290754384803294,-0.6715845731221399,4.268099673056534,-2.0,-0.1536583504997329,4.0,-0.022573355497401228,0.28123055412901415,-0.0287190098315477,0.2897123098373413,-2.8764383625873253
1.348248641205981,-0.5930787681825733,4.931478571216041,-2.0,-0.1536583504997329,4.0,-4.064450860132821e-05,0.27567507043977707,0.0013449495891109,0.2813484668731689,-2.7440345397061394
1.3093929668601154,-0.5041009593464879,4.898551947896315,-2.0,-0.1536583504997329,4.0,0.018962659006253164,0.2720679638939829,0.0161546673625707,0.2784981429576874,-2.676935773706086
1.2447839432931314,-0.4118605034203626,4.773522752485576,-2.0,-0.1536583504997329,4.0,0.03564176678621567,0.27010018968455535,0.0309726521372795,0.2767661511898041,-2.6106794854256616
1.1694295177999345,-0.3251511888849527,4.641780219621804,-2.0,-0.1536583504997329,4.0,0.05057677210083742,0.2692426095304268,0.045131117105484,0.275508850812912,-2.5471126917192817
1.0954978694118231,-0.24710743142445432,4.531104892283622,0.0,0.0,0.0,0.06440016369648302,0.2691995149087565,0.0590573288500309,0.2748395204544067,-2.4836537665723952
1.1289592356416462,-0.16427321779978893,5.1094309547640515,-2.0,-0.1536583504997329,4.0,0.08414019689958566,0.2707218083541067,0.0865583568811416,0.2767080068588257,-2.3531643952343315
1.109420072879723,-0.08800701628588632,5.050165869860853,-2.0,-0.1536583504997329,4.0,0.10091184777463602,0.27313525042630654,0.0994998067617416,0.2786467969417572,-2.291801701573957
1.0620576748265687,-0.020007864676234055,4.814977865159236,-2.0,-0.1536583504997329,4.0,0.11553153086806382,0.276222432773886,0.1121087819337844,0.28113654255867,-2.233073061847213
1.088835278102286,0.07158036723754851,5.286280514881066,-2.0,-0.1536583504997329,4.0,0.13429467009851162,0.2819570307899725,0.1362298130989074,0.2885758578777313,-2.11306619759081
1.0581245024550785,0.14264435276219062,5.174819721374664,-2.0,-0.1536583504997329,4.0,0.1496858035686265,0.287800221616068,0.1474664211273193,0.2929358184337616,-2.0548327706794134
0.9989348293187008,0.20240165175009311,4.929498030081153,-2.0,-0.1536583504997329,4.0,0.1627028788698324,0.2940329726640057,0.1584254056215286,0.2983514666557312,-1.9944107902511778
0.9278614380863595,0.2562152180087206,4.781360343903254,-2.0,-0.1536583504997329,4.0,0.17398730939518642,0.3008289116274075,0.1688510328531265,0.304717868566513,-1.9294692437120513
0.8540287037894732,0.30697612675376523,4.690038969231965,-2.0,-0.1536583504997329,4.0,0.18395215073789423,0.30828406226754895,0.178616464138031,0.3119524121284485,-1.8622690270209759
0.8418633319398783,0.4057455526417726,5.10444510087687,-2.0,-0.1536583504997329,4.0,0.19681238039878612,0.3197251392246491,0.1959332227706909,0.3268629312515259,-1.742612598844267
0.7942493847379736,0.47193952279442075,5.042487644745141,-2.0,-0.1536583504997329,4.0,0.2071345262012894,0.3305930255616172,0.2036935985088348,0.3353766798973083,-1.6771837721490577
0.7711915905763863,0.5834242234223923,5.487357032266733,-2.0,-0.1536583504997329,4.0,0.2183182094309531,0.3455140994895141,0.2166518867015838,0.3535707890987396,-1.5523025157161605
0.7093899884205724,0.6406693498424911,5.386679019728072,-2.0,-0.1536583504997329,4.0,0.226571688481376,0.3586332535166152,0.2221054583787918,0.3627701997756958,-1.492054209425616
0.6285961787369007,0.6681714494291768,5.1275600575645655,-2.0,-0.1536583504997329,4.0,0.2325808031725434,0.37070207462075955,0.2267420589923858,0.3726895749568939,-1.4292961313865815
0.5402930446044496,0.68000870620861,4.964577976608336,-2.0,-0.1536583504997329,4.0,0.2368007897489267,0.38217535634800953,0.2304193675518036,0.3830308020114898,-1.3624535101645034
0.47076659682338123,0.751150771521905,5.363962724447773,-2.0,-0.1536583504997329,4.0,0.2408492172088039,0.3977585623039962,0.2358247339725494,0.4028998017311096,-1.2427008448339965
0.3908065160399781,0.7763602729098198,5.287077639260919,-2.0,-0.1536583504997329,4.0,0.2430954738666239,0.41144352684761337,0.2373169809579849,0.4132653474807739,-1.1760974743186117
0.3073750246780602,0.7755702647181019,5.110456249292659,-2.0,-0.1536583504997329,4.0,0.2438328808796743,0.4238130652748674,0.2378035187721252,0.4237559735774994,-1.1087233032267707
0.2281660667715872,0.757209751725523,4.901718570401238,-2.0,-0.1536583504997329,4.0,0.24351452768825455,0.43500841091011405,0.2377903163433075,0.4336815476417541,-1.047597731476753
0.14569133023145933,0.8019377848386464,5.416494607634768,-2.0,-0.1536583504997329,4.0,0.2417129367549484,0.45008065215359916,0.2357527166604995,0.4533130228519439,-0.9204015441667283
0.06764555798296439,0.8030291434397145,5.368817283904471,-2.0,-0.1536583504997329,4.0,0.2388845404443596,0.4629838043528456,0.233244389295578,0.4630626738071441,-0.8499144302231829
-0.006171850828943684,0.779472372212739,5.218107144954988,-2.0,-0.1536583504997329,4.0,0.23508694084408263,0.47427497729678136,0.2297523617744445,0.4725725948810577,-0.779187209241946
-0.10892674323450813,0.8034271341536122,5.761045955876717,-2.0,-0.1536583504997329,4.0,0.22819526068892482,0.4883301390125757,0.2207694500684738,0.4900612831115722,-0.6408765304079898
-0.18556042610022738,0.7804048043023425,5.710577948098096,-2.0,-0.1536583504997329,4.0,0.22138632574679706,0.4996630107110071,0.215848222374916,0.4979992508888244,-0.5721407207467619
-0.24616176956556224,0.7325620048299046,5.47046764439841,-2.0,-0.1536583504997329,4.0,0.21441111935005264,0.5089866910828822,0.2100316286087036,0.5055292248725891,-0.5032918945014678
-0.2975179668037422,0.6731296788662029,5.306035435051113,-2.0,-0.1536583504997329,4.0,0.20707747049469985,0.5167787251050909,0.2033661007881164,0.5124837160110474,-0.43120721226693615
-0.34361516843332496,0.6095643885304031,5.189349071114421,-2.0,-0.1536583504997329,4.0,0.19926978468290216,0.5233466194963385,0.1959384679794311,0.518752932548523,-0.35808475609082335
-0.38683052515041877,0.5458320525875302,5.107081494775164,-2.0,-0.1536583504997329,4.0,0.1909150569321823,0.5288864261747778,0.1877920031547546,0.5242806673049927,-0.2837027083441886
-0.42810823203600423,0.483399056304885,5.040746130930517,-2.0,-0.1536583504997329,4.0,0.1819969778197842,0.5334924123522907,0.1790139526128769,0.528980553150177,-0.20922010471082966
-0.4681105253930128,0.423089899365206,4.982024691953788,-2.0,-0.1536583504997329,4.0,0.17250277056031005,0.5372398735696278,0.1696119159460067,0.532881498336792,-0.135076596632268
-0.5067513808291431,0.3646381845851592,4.929431311902387,-2.0,-0.1536583504997329,4.0,0.16245852867921126,0.5401451802450575,0.1596660614013672,0.535921037197113,-0.06123939362405278
-0.602159636878645,0.3265601431208639,5.51222020702084,-2.0,-0.1536583504997329,4.0,0.14804324820344794,0.5434621242850606,0.1411483585834503,0.5407103300094604,0.08425574499215413
-0.6527568336515027,0.2792065893012954,5.502471203656518,-2.0,-0.1536583504997329,4.0,0.1350638095485601,0.5455566331778111,0.1314072906970977,0.5421345233917236,0.15500335379844654
-0.7441206905951332,0.22631981815383329,6.0847126660289055,-2.0,-0.1536583504997329,4.0,0.11857980936184316,0.5465276947336701,0.1119771972298622,0.5427057147026062,0.299169755144425
-0.7732674873724301,0.17079600796735142,6.042501581863075,-2.0,-0.1536583504997329,4.0,0.10474703900188273,0.5464782383147995,0.1026406809687614,0.5424656867980957,0.372216417471261
-0.7680251070453554,0.11362515364066542,5.744172203901426,-2.0,-0.1536583504997329,4.0,0.09272132299862337,0.5454315179767966,0.0931001752614975,0.5412999391555786,0.4415839315102699
-0.7456636687635598,0.05467778889775066,5.532511067889987,-2.0,-0.1536583504997329,4.0,0.081911193448994,0.5433526222440987,0.0835271924734115,0.5390926599502563,0.5147668274516591
-0.7159574581656314,-0.005776909539052681,5.376608983208625,-2.0,-0.1536583504997329,4.0,0.07194439584313593,0.5402309217113032,0.0740911811590194,0.5358620285987854,0.5882574448482426
-0.685341116977707,-0.06722851465458118,5.251009503285052,-2.0,-0.1536583504997329,3.8015106431677728,0.06251306460947749,0.5360760423986705,0.0647256225347518,0.5316351056098938,0.6616569684903485
-0.6560767665563183,-0.1292258332961041,5.149316697645411,-2.0,-0.1536583504997329,1.3869230182345311,0.05348221729614757,0.5309018613206952,0.0555970706045627,0.5264214873313904,0.7351554202616923
-0.6835175381500509,-0.2207733618927045,5.723922852798935,-2.0,-0.1536583504997329,0.3435721370260167,0.04117093180157699,0.5227822149559502,0.0391878634691238,0.5161663293838501,0.8790282099740166
-0.677517240206575,-0.28740064423055434,5.688230901301229,-2.0,-0.1536583504997329,0.2999923704890515,0.03063131947826689,0.5148452382263745,0.0310649443417787,0.5100302696228027,0.9430688243161586
-0.7000052835666393,-0.38636770677133875,5.797981776171485,-2.0,-0.1536583504997329,0.2931563286793315,0.018304401850888725,0.5037043036063494,0.0166792534291744,0.4965522289276123,1.0438730482779586
-0.6770684223243679,-0.43995409031627025,5.445034446268162,-2.0,-0.1536583504997329,0.2813153276874951,0.0086206295946321,0.4939799263798076,0.0102782128378748,0.490107387304306,1.0876372234615939
-0.6670375730573049,-0.5173611861516075,5.060205284645495,-2.0,-0.0817578393224995,0.2813153276874951,-0.0015493447918173222,0.48182342502364467,-0.0008244431810453,0.4762294292449951,1.1450120155152719
-0.6200385172810562,-0.5455593792205609,4.414811951594197,-2.0,0.0612497138933394,0.2726482032501716,-0.009114927755093948,0.47168151712210826,-0.0057184365577995,0.4696437120437622,1.1677609278621934
-0.5574448016479013,-0.5509476762654195,3.6153517252375833,-2.0,0.6003814755474175,0.2693522545204851,-0.014897592517059296,0.46259635698313706,-0.0103741185739636,0.4622069597244262,1.1749785927119618
-0.5186462862642479,-0.5898863200223372,3.0983888594879385,-2.0,0.6957808804455634,0.2693522545204851,-0.021251813269284922,0.45120703446845617,-0.0184479523450136,0.4483930468559265,1.1911339925366784
-0.4734435361038397,-0.5959865369417643,2.6193843144243187,-1.9520256351567864,0.8859082932784008,0.2693522545204851,-0.026561885992345186,0.4413655796075103,-0.0232952088117599,0.440924733877182,1.1971464948896362
-0.4786346341334677,-0.6381200834935977,2.231632403526512,-1.915526054779889,0.9812466620889602,0.2693522545204851,-0.03448015618953853,0.42904442637354917,-0.0348553024232387,0.4259995520114898,1.2029968646780278
-0.46758764819153936,-0.6376839354119997,1.8778826757364961,-1.829404135194934,1.139574273289082,0.2693522545204851,-0.041408015101607444,0.41886333795796243,-0.0406096801161766,0.4188948571681976,1.20422798355703
-0.5046953283989537,-0.6627041380198366,1.6681567372825175,-1.771847104600595,1.2178225375753415,0.2693522545204851,-0.05134253564854355,0.4070063569744909,-0.0540242046117782,0.4051982164382934,1.2134469827240428
-0.5146453531882444,-0.6444927382775631,1.4275508396133452,-1.6814526588845655,1.3379415579461358,0.2693522545204851,-0.060075438121134694,0.39760701177298724,-0.060794498771429,0.3989230990409851,1.2152054752396697
-0.5160648076641225,-0.6067921145857749,1.2407518303664877,-1.6020447089341574,1.4337682154573892,0.2693522545204851,-0.06840360120836292,0.38978744450264946,-0.0685061812400817,0.3925119638442993,1.2186761401561168
-0.520766904524154,-0.5610971061491974,1.1067201646544105,-1.5718318455786984,1.4673380636301214,0.2693522545204851,-0.07697148481306594,0.38309958078502154,-0.0773112922906875,0.3864018321037292,1.2244250642587158
-0.527092615908985,-0.5100834271254046,0.9760737375244543,-1.511528191042954,1.5324025329976347,0.2693522545204851,-0.08572193603635651,0.37749444440110547,-0.0861790776252746,0.3811810612678528,1.228225623367374
-0.6040789023281941,-0.501023479709418,0.8686507364087972,-1.439810788128481,1.6014343480582895,0.2693522545204851,-0.09924483489169877,0.3699320454626971,-0.1048084199428558,0.3705867826938629,1.2323755771203437
-0.6524724948745547,-0.47696387699674586,0.7798932162987422,-1.3216449225604638,1.689875638971542,0.2693522545204851,-0.11210930570866086,0.3635062043717991,-0.1156065762042999,0.3652449250221252,1.2367555626958031
-0.6877174251077532,-0.4475172443613958,0.7123384349936477,-1.199145494773785,1.7653772793163958,0.2693522545204851,-0.12487884094386868,0.3578214432287082,-0.1274258941411972,0.3599494695663452,1.24196642227259
-0.7196304301256795,-0.4175371560870852,0.6731086510859814,-1.1288929579613949,1.804440375371939,0.2693522545204851,-0.13799202782269615,0.35264309394567434,-0.1402982920408249,0.3548096716403961,1.2491315000047913
-0.8515541543661063,-0.4204578657135212,0.7961672277389307,-1.0112153810940718,1.8663920042725264,0.2693522545204851,-0.1582273412527946,0.3457694168887945,-0.1677611023187637,0.3455583453178406,1.273232380631159
-0.9197000961120969,-0.40709327296609166,0.8098135263793154,-0.9174029144731825,1.9061264972915235,0.2693522545204851,-0.17635720634758836,0.339925598850278,-0.1812819242477417,0.340891420841217,1.2875039941321933
-0.9523692632732078,-0.3844866037825995,0.7686484578214716,-0.8841992828259708,1.916868848706798,0.2693522545204851,-0.1932321044038803,0.3349065903945057,-0.1955930143594741,0.3365403115749359,1.2959532026967073
-1.0608678019163686,-0.3884071998110364,0.8493653174167299,-0.7419851987487602,2.0,0.2693522545204851,-0.21564264468900113,0.3284956215858097,-0.22348353266716,0.3282122910022735,1.3169697942703211
-1.1020857943206077,-0.37123237262428255,0.8142636087010922,-0.6497596704051269,2.0,0.2693522545204851,-0.23534137261884355,0.3234165015551108,-0.2383200824260711,0.324657678604126,1.3266407476209978
-1.1098849089201503,-0.3412541910072812,0.7503567117895993,-0.5869535362783245,2.0,0.2693522545204851,-0.25349032996363097,0.3194585841743817,-0.2540539503097534,0.3216250240802765,1.3327647957240447
-1.1059114985455623,-0.30448545565345664,0.670186632532931,-0.4944838635843442,2.0,0.2693522545204851,-0.27098581390218474,0.3164292282943913,-0.2706986665725708,0.3190864026546478,1.336165382513938
-1.2104127300265557,-0.28540353626741716,0.6437457233423254,-0.3495231555657283,2.0,0.2693522545204851,-0.295588775576309,0.31281893040905,-0.303140789270401,0.3141979277133941,1.344059765134412
-1.2476490478086322,-0.25530012063141283,0.5715202959579524,0.1360189211871518,2.0,0.2693522545204851,-0.3174170014180537,0.31024255339288653,-0.3201079666614532,0.3124180436134338,1.3465422839703052
-1.249060243059688,-0.21673658685874414,0.49528339980957137,0.1535362783245593,2.0,0.2693522545204851,-0.33747267761756056,0.30870711334945516,-0.3375746607780456,0.3114939928054809,1.3474969492760662
-1.3446260009838036,-0.17716980661627313,0.4182531014783298,0.1662317845426106,2.0,0.2693522545204851,-0.3637753120384433,0.3078550125627674,-0.3706815838813782,0.3107143938541412,1.3471368630211245
-1.3526720045156213,-0.12479058708479956,0.3608595884540915,0.1853971160448613,2.0,0.2693522545204851,-0.38582123404767943,0.30848298625767784,-0.3864026963710785,0.3122682869434356,1.3476481519478505
-1.3119913385978592,-0.06115579249161893,0.31167300980528045,0.200106813153277,2.0,0.2693522545204851,-0.40477466465300893,0.3106931121292213,-0.4018347859382629,0.3152918219566345,1.3481095096245967
-1.353433873602226,0.026361038980021706,0.26207102305624763,0.2212252994583048,2.0,0.2693522545204851,-0.42850621325406746,0.31550019075906144,-0.4315011501312256,0.3218247890472412,1.347731536988835
-1.328327642914371,0.09909443781462741,0.24411757414313662,0.247348744945449,2.0,0.2693522545204851,-0.44850143006204146,0.3207302340724615,-0.4466870725154876,0.3259864747524261,1.3499826208011863
-1.1616245071128348,0.1256217814444751,0.20824338362803269,0.2815289539940488,2.0,0.2693522545204851,-0.458734245037567,0.3240694173214146,-0.4466870725154876,0.3259864747524261,1.3499995029821128
-1.1755372996055882,0.19882453528115346,0.23810201429903854,0.2901350423437856,2.0,0.2693522545204851,-0.47823998540699847,0.3309186606809241,-0.4792454242706299,0.3362088203430176,1.3565635044572761
-1.1728561516670633,0.2573586792831456,0.23653390256829743,0.3130846112764174,2.0,0.2693522545204851,-0.49687133660884725,0.33796943419895453,-0.4966775774955749,0.3421995341777801,1.360202444808795
-1.1681985297787794,0.30487584719937966,0.2396441030097334,0.3262073701075763,2.0,0.2693522545204851,-0.5153291285092534,0.345228442681476,-0.5149925351142883,0.3486623764038086,1.3643245914968996
-1.2891727390383894,0.3879671617816793,0.26482548831416847,0.3326161593041887,2.0,0.2693522545204851,-0.5420176799196267,0.3555994650402228,-0.5507601499557495,0.361604243516922,1.3708939720249762
-1.3397137580467275,0.4356500450583167,0.2660644263841034,0.3326161593041887,2.0,0.2693522545204851,-0.5659856144038837,0.3649591643700786,-0.5696380734443665,0.3684050738811493,1.3752661341868104
-1.354454505301019,0.46232006262216097,0.26817760401957275,0.3326161593041887,2.0,0.2693522545204851,-0.5883955173031336,0.3736926692374036,-0.5894607901573181,0.375620037317276,1.3797526122163388
-1.4861141087733214,0.5269728174977992,0.2939892169732351,0.3367055771725034,2.0,0.2693522545204851,-0.6187705554142994,0.3853638609228147,-0.6282852292060852,0.3900361359119415,1.3868465729377395
-1.5310973743353542,0.5533069514252883,0.31420604069773395,0.3367055771725034,2.0,0.2693522545204851,-0.6455221393024057,0.3955363255206763,-0.6487729549407959,0.3974394202232361,1.3937554422136904
-1.685509041819143,0.6130178210803047,0.36030356781362716,0.3367055771725034,2.0,0.2693522545204851,-0.6802275590054071,0.4083366087923148,-0.6913864612579346,0.4126517474651336,1.4038096700745755
-1.7236365103325304,0.6277449457890535,0.3615114589637465,0.3385976958876937,2.0,0.2693522545204851,-0.7097162381160996,0.4191184761395202,-0.712471604347229,0.4201827645301819,1.4097070332812276
-1.7044869216279024,0.6178159421723368,0.3808828937571436,0.3385976958876937,2.0,0.2693522545204851,-0.7360284793863319,0.4285060077236829,-0.7346445918083191,0.4277884662151336,1.4175945023535712
-1.6648360848187667,0.596682002671959,0.3924168300481492,0.3385976958876937,2.0,0.2693522545204851,-0.760679028709543,0.43699393824561567,-0.757813572883606,0.4354666471481323,1.4249466751742048
-1.7983689583559297,0.628833848210554,0.43439157071249807,0.3385976958876937,2.0,0.2693522545204851,-0.7961440104148372,0.4486663476581212,-0.8057940602302551,0.4509898722171783,1.4357966639366941
-1.831836637458053,0.628374230209359,0.4305253868304346,0.3385976958876937,2.0,0.2693522545204851,-0.8271303983730289,0.4586973047574242,-0.8295490145683289,0.4586640894412994,1.4423220689809817
-1.816946061138786,0.6108460110088477,0.4425950837874871,0.3385976958876937,2.0,0.2693522545204851,-0.8554553968872797,0.4675925352004644,-0.8543792963027954,0.4663258194923401,1.4505187835070827
-1.785721390568606,0.5862602275227065,0.4484202327484136,0.3280384527351798,2.0,0.2693522545204851,-0.8824623302698251,0.47574075198178584,-0.8802058100700378,0.4739640057086944,1.4582348474690543
-1.7468456567107828,0.5599679580901717,0.4241096989921838,0.3165636682688642,2.0,0.2693522545204851,-0.9084638716782906,0.48338278368640575,-0.9056544303894044,0.4814827144145965,1.4627668615054294
-1.8989831013515093,0.5886747692520699,0.5015728244069704,0.3050278477149613,2.0,0.2693522545204851,-0.946470919351725,0.49424002371391373,-0.9574654698371888,0.4963145852088928,1.4778879551455393
-1.9570276837800278,0.5870591204191159,0.5012366579888,0.2913557640955213,2.0,0.2693522545204851,-0.9806918659421916,0.5035520125498605,-0.9848865866661072,0.5034352540969849,1.4858755644134072
-1.966449445995789,0.5682667985384027,0.49938227674584357,0.2814068818188753,2.0,0.2693522545204851,-1.012627163666669,0.5117026338118411,-1.013308048248291,0.5103445649147034,1.493694095290771
-1.9565778602105612,0.5412910705929648,0.495566947140374,0.2814068818188753,2.0,0.2693522545204851,-1.0434377630377956,0.5190115885100643,-1.042724370956421,0.5170621275901794,1.5012704458238817
-2.1620474190957477,0.5572466673187274,0.5346850292977033,0.2814068818188753,2.0,0.2693522545204851,-1.088326210625482,0.5287270397984984,-1.103174924850464,0.5298801064491272,1.513439105667759
-2.2359505036461647,0.5465480018828878,0.5257083260618164,0.2773785000381474,2.0,0.2693522545204851,-1.1278045617191734,0.5369357180478351,-1.1331453323364258,0.5361625552177429,1.521003908934969
-2.2400050613807396,0.5217347019712595,0.5227953565685817,0.0,0.0,0.0,-1.1638478088793425,0.5440401260048894,-1.1641408205032349,0.54224693775177,1.5291002083689815
-2.4249559135937764,0.532620175890538,0.5637056444488594,0.271519035629816,2.0,0.2608072022583352,-1.2119146390052966,0.5531074992178042,-1.225280523300171,0.5538941621780396,1.5419005185360966
-2.4598102520263017,0.5182642122075148,0.5525873488834605,0.1498741130693521,1.9403677424277104,0.2608072022583352,-1.2530180876588048,0.5606803765717564,-1.2555369138717651,0.5596429109573364,1.5496903948430698
-2.4118512295512717,0.49206610935501427,0.5672241631255366,0.0310368505378804,1.3755397878995956,0.2608072022583352,-1.2892045719125673,0.5672406972048755,-1.2857387065887451,0.56534743309021,1.5601127283338572
-2.54717103183561,0.48740987573886524,0.5906080945106463,-0.0397650110627909,0.2277561608300908,0.2608072022583352,-1.3367399263950974,0.5748059402043199,-1.346519112586975,0.5744694471359253,1.5717453528926673
-2.535066417918086,0.4532355443971558,0.545885860942563,-0.0245059891660943,0.0782787823300525,0.2608072022583352,-1.3766944498960816,0.5803452981558305,-1.3758196830749512,0.5778756141662598,1.5762874240088915
-2.4463956472225656,0.39704775458035446,0.5033145159283303,0.0035095750362401,-0.4753185320820936,0.2608072022583352,-1.411393656545264,0.5838825989260926,-1.4049856662750244,0.5798220634460449,1.5804854883305286
-2.327012798329704,0.325598943544676,0.4675450049667309,0.0451361867704278,-1.6456244754711222,0.2608072022583352,-1.442643813774684,0.5855120179663194,-1.4340163469314575,0.5803486108779907,1.584716873118667
-2.393951786026439,0.24877712445960437,0.41112425033151023,0.0523384451056685,-2.0,0.2608072022583352,-1.4843012277357996,0.5856430566849503,-1.4891387224197388,0.5800913572311401,1.5861438887632642
-2.152104223986135,0.179891044083717,0.34955092403721955,0.0523384451056685,-2.0,0.2608072022583352,-1.5066163738744331,0.5850695628939666,-1.4891387224197388,0.5800913572311401,1.5861391733047276
-2.137395355547745,0.1200937499110486,0.2273911681086416,0.0523384451056685,-2.0,0.2608072022583352,-1.5400776661356088,0.5839947341899521,-1.53901469707489,0.5796733498573303,1.5786070206871794
-2.0483694360411704,0.0730398011833,0.1207943309040133,0.0523384451056685,-2.0,0.2608072022583352,-1.5683906575743052,0.5828055871142475,-1.5619570016860962,0.5794051289558411,1.5707567687777217
-2.0675506430954367,0.0350080581846137,-0.12951191916657745,0.0523384451056685,-2.0,0.2608072022583352,-1.6024326016750225,0.5814600177233425,-1.6038187742233276,0.5787115693092346,1.5450550988719969
-1.9753546791763634,0.007735483924567153,-0.2553348026119856,0.0523384451056685,-2.0,0.2608072022583352,-1.629418512106415,0.5802172086305188,-1.622755765914917,0.5782462954521179,1.5281981916992564
-1.8260918280499614,-0.01154984844140785,-0.3872774596727882,0.0523384451056685,-2.0,0.2608072022583352,-1.6511567037181825,0.5790660597228973,-1.640369892120361,0.5776723623275757,1.50898357850755
-1.6546563611797174,-0.025378944045271922,-0.526747888010823,0.0523384451056685,-2.0,0.2608072022583352,-1.669040900247757,0.5779670469343781,-1.656651735305786,0.5769676566123962,1.4865178535582837
-1.4818555707821368,-0.03591817475746355,-0.669401537512134,0.0523384451056685,-2.0,0.2608072022583352,-1.684091870365266,0.5768642553282958,-1.671604037284851,0.576102614402771,1.4610402056992202
-1.4073486886822693,-0.0540752055210334,-1.068319012788122,0.0523384451056685,-2.0,0.2608072022583352,-1.7028760512017866,0.5750892377551586,-1.6974916458129885,0.5737770795822144,1.3997655204124257
-1.284791218158254,-0.06834008070494063,-1.139755978318617,0.0523384451056685,-2.0,0.2608072022583352,-1.7172915888952733,0.5732810106939917,-1.7084347009658811,0.5722501277923584,1.3688160921832682
-1.0722276820553396,-0.06788798860172846,-0.9851365184184335,0.0523384451056685,-2.0,0.2608072022583352,-1.7237960772172778,0.5722174563519737,-1.7084347009658811,0.5722501277923584,1.3688894544770116
-0.96736292473338,-0.08912434575455183,-1.6074371074502753,0.0523384451056685,-2.0,0.2576333257038223,-1.7340193104306894,0.5697273533452719,-1.7264410257339478,0.5681926608085632,1.2993467732299875
-0.8517191859403813,-0.10877616540496024,-1.6983559261453185,0.0523384451056685,-2.0,0.2576333257038223,-1.7418521295588258,0.5670022193853096,-1.7334948778152466,0.5655820369720459,1.2527603057492172
-0.7344024208379876,-0.12840196529459696,-1.8046612586949262,0.0523384451056685,-2.0,0.2576333257038223,-1.7477240482783272,0.5639643764278472,-1.739245891571045,0.5625460743904114,1.2111457079090844
-0.645848962454113,-0.16457884023854358,-2.001802965039645,0.0523384451056685,-2.0,0.2576333257038223,-1.753620386268074,0.559518360573244,-1.7472208738327026,0.5569039583206177,1.1574367068890667
-0.5412927447778088,-0.183826560280492,-1.88137383643948,0.0523384451056685,-2.0,0.2576333257038223,-1.757041956937132,0.5556126689582318,-1.749485969543457,0.5542216897010803,1.142711571352434
-0.4338325075722664,-0.20228541069726869,-1.6089883876827276,0.0523384451056685,-2.0,0.2576333257038223,-1.7585986489144716,0.5514511644933822,-1.7508327960968018,0.5501171946525574,1.1375874581228538
-0.3223160109430826,-0.19734377116327786,-1.3529919359836236,0.0523384451056685,-2.0,0.2576333257038223,-1.7581678254992636,0.5485412803149725,-1.75010883808136,0.5488983988761902,1.1348598275504824
-0.2143751382201743,-0.18103377250589356,-1.0987503903396194,0.0523384451056685,-2.0,0.2576333257038223,-1.7561891158351537,0.5464620029730883,-1.7483885288238523,0.5476406812667847,1.1371751623643285
-0.11336083547891176,-0.16248117849563157,-0.8853286609169079,0.0523384451056685,-2.0,0.2576333257038223,-1.7529412545776455,0.5447919393240616,-1.7456412315368652,0.5461326837539673,1.1402722530418112
-0.030054462149728817,-0.1431748455822519,-0.6830844228986548,0.0523384451056685,-2.0,0.2576333257038223,-1.749247802016943,0.5434685454248012,-1.743227481842041,0.544863760471344,1.1464819511116164
0.034921835445972604,-0.12623789205908437,-0.5294386669495315,0.0523384451056685,-2.0,0.2576333257038223,-1.745433213933896,0.5422974176861952,-1.7407375574111938,0.5435214042663574,1.1513619095241443
0.12303518743440456,-0.12909511206353272,-0.38135533695978063,0.0523384451056685,-2.0,0.2576333257038223,-1.7390494584200116,0.5400887260319434,-1.7326817512512207,0.539882242679596,1.1585060712394644
0.1949523126727764,-0.13207695723454338,-0.2983607281800804,0.0523384451056685,-2.0,0.2576333257038223,-1.7323265910265917,0.5378260801248417,-1.727129340171814,0.5376105904579163,1.1612355441246769
0.2570931768365251,-0.13738081217786977,-0.23004815302916726,0.0523384451056685,-2.0,0.2576333257038223,-1.725099339658812,0.535362221044407,-1.7206085920333862,0.5349789261817932,1.1638085451131026
0.31389194008112337,-0.14592412039242456,-0.17323749238660227,0.0523384451056685,-2.0,0.2443274586099031,-1.7172309905978287,0.532599346189147,-1.713126301765442,0.5319819450378418,1.1662596369097973
0.36827516745766364,-0.15778129916228112,-0.1252870963587807,0.0523384451056685,-2.0,0.2300450141145953,-1.7086135478078726,0.529480704721581,-1.7046834230422974,0.5286238193511963,1.1686749807177639
0.4709118406443245,-0.19252832775435663,-0.01468017451193461,0.0523384451056685,-2.0,0.2300450141145953,-1.6959360298344155,0.5246591439484722,-1.688518762588501,0.522148072719574,1.1786698936432394
0.5360474130345887,-0.2146007779171641,0.009500240414848926,0.0523384451056685,-2.0,0.2238193331807432,-1.6840954515528663,0.520119522996323,-1.6793882846832275,0.5185244083404541,1.1810722603698118
0.5814915790424199,-0.22939868723759357,0.02950120501923966,0.0523384451056685,-2.0,0.2178377965972382,-1.6725144655445399,0.5157076489036512,-1.669230341911316,0.5146382451057434,1.1833940281907431
0.696437710263534,-0.27046123979621517,0.09000746723718606,0.0523384451056685,-2.0,0.2178377965972382,-1.6556117301222952,0.5093227026412841,-1.647304892539978,0.5063552260398865,1.1904315261560319
0.753788567519948,-0.2903619772971215,0.1065898382068414,0.0523384451056685,-2.0,0.2066071564812697,-1.640677370641201,0.5036797228908921,-1.6365327835083008,0.5022415518760681,1.1936802808274145
0.7819529324304737,-0.2992504494450304,0.10579775566448094,0.0523384451056685,-2.0,0.1768215457389179,-1.6267548609529983,0.4984463312624414,-1.624719500541687,0.4978039860725403,1.195299754240027
0.8892198472481191,-0.3359661076114173,0.14695902378183903,0.0523384451056685,-2.0,0.1475242236972609,-1.6071524022704542,0.49123112172712663,-1.599400520324707,0.4885777831077575,1.2014509383759995
0.9324085567806712,-0.34935861885861486,0.14739037780679537,0.0523384451056685,-2.0,0.115907530327306,-1.5900697612533965,0.4849703105535133,-1.5869486331939695,0.4840024709701538,1.2038492780478942
0.9446987469785266,-0.3514209944861157,0.12988451126289297,0.0523384451056685,-2.0,0.1019913023575189,-1.5743387432415126,0.4792442329207813,-1.5734505653381348,0.4790951907634735,1.2043102068689566
1.0320861747349075,-0.37988951009371413,0.14452714869406152,0.0523384451056685,-2.0,0.0658579385061419,-1.5534465466136964,0.4717394975768986,-1.5471312999725342,0.4696821570396423,1.2079720510386354
1.0608779983172987,-0.387329200415826,0.11542093035581656,0.0523384451056685,-2.0,0.0343633173113602,-1.5350297951104104,0.465169441635254,-1.5329490900039673,0.4646317958831787,1.2071244604418943
1.1700735278114036,-0.4227595012257058,0.10876236098043442,0.0523384451056685,-2.0,0.0172732127870602,-1.5108370383248013,0.4566299446150555,-1.5029457807540894,0.4540694952011108,1.2082511109122445
1.1985838060819785,-0.4302723928504999,0.08767950322557613,0.0523384451056685,-2.0,-0.0155642023346302,-1.4902311015974792,0.44936912961637576,-1.4881707429885864,0.4488261938095093,1.2077062220429549
1.1891318088523393,-0.4249425913804234,0.052047473555042724,0.0523384451056685,-2.0,-0.0327763790341038,-1.4716786142634382,0.4428371143709942,-1.47236168384552,0.4432222843170166,1.2052482052032447
1.269696363585631,-0.4520523631967694,0.03392850702418719,0.0523384451056685,-2.0,-0.0540169375143051,-1.4473265358070655,0.4342458574451036,-1.4415043592453003,0.4322867095470428,1.204117466277816
1.283638925502875,-0.4563245752675037,-0.0039495243133069804,0.0523384451056685,-2.0,-0.0844129091325243,-1.4260896777340246,0.42673059181784506,-1.425082087516785,0.4264218509197235,1.2005515599688574
1.3907312025128187,-0.4953388176036272,-0.03407908210519561,0.0523384451056685,-2.0,-0.2373693446250096,-1.3984717881357043,0.41685024124081504,-1.3907325267791748,0.4140307903289795,1.1972161256057026
1.408206444831856,-0.5029053208434338,-0.05508720861540619,0.0523384451056685,-2.0,-0.3256275272755013,-1.375064833856085,0.40842461301816596,-1.3738019466400146,0.4078778028488159,1.1943886117738087
1.5113456923896411,-0.5436652551949709,-0.1328213855382677,0.0523384451056685,-2.0,-0.6529030289158468,-1.3457151912086431,0.39768356613232775,-1.338261604309082,0.394737958908081,1.1850564440982125
1.51713047066584,-0.5493250699830539,-0.16827775280606708,0.0523384451056685,-2.0,-1.7831692988479435,-1.3211512394386973,0.3886107624560699,-1.3207331895828247,0.3882017433643341,1.1790390433580822
1.610379315987557,-0.5901739718629346,-0.31472790540514584,0.0523384451056685,-2.0,-1.961516746776532,-1.2907126480625022,0.3771211181098765,-1.2839738130569458,0.3741690814495086,1.1603119807750901
1.4728747812833185,-0.543267147226285,-0.27124858808829655,0.0523384451056685,-2.0,-2.244602121004044,-1.2740367423222816,0.3707792555404543,-1.2839738130569458,0.3741690814495086,1.1601749024191563
1.3618584764036732,-0.5066868843393495,-0.33616370593420297,0.0523384451056685,-2.0,-2.45297932402533,-1.2578098226326975,0.3645052328045663,-1.2658326625823977,0.3671487867832184,1.148895714780295
1.4214823581668616,-0.5436092859992232,-0.8466618739521103,0.0523384451056685,-2.0,-2.9535973144121463,-1.2320784655655206,0.3539573728917241,-1.2277696132659912,0.3512890934944153,1.0856293744687395
1.4302559178874512,-0.5661034101151332,-1.0026988832970607,0.0523384451056685,-2.0,-3.785885404745556,-1.2087547444852107,0.34377258054445753,-1.2081207036972046,0.3421469926834106,1.0441223169223117
1.5424093255945512,-0.6463967053991148,-1.4657950790749315,0.0523384451056685,-2.0,-4.0,-1.1784564012824135,0.32940688891425685,-1.1703513860702517,0.3236043155193329,0.9606137010920552
1.5589492220340468,-0.6872700981450494,-1.5616004005264839,0.0523384451056685,-2.0,-4.0,-1.1526844309709625,0.31636247935682255,-1.1514891386032104,0.3134086728096008,0.9116824363303386
1.6450659137263444,-0.7911018976611686,-2.266054339288268,0.0523384451056685,-2.0,-4.0,-1.1220482326870682,0.2985020349633364,-1.115824818611145,0.2909983992576599,0.7857725372463653
1.6188642866574454,-0.8361376278791741,-2.2788949382422232,0.0523384451056685,-2.0,-4.0,-1.0974593178088925,0.28286717811438306,-1.0993528366088867,0.2796125710010528,0.7310570238078179
1.5296573725700848,-0.8521541766653628,-2.4764780851008488,0.0523384451056685,-2.0,-4.0,-1.0774547886800039,0.26843015248455904,-1.0839015245437622,0.2672726809978485,0.6714696418346472
1.505221762782316,-0.9514199655121405,-3.1119913010181595,0.0523384451056685,-2.0,-4.0,-1.0545956624160682,0.24823341311753502,-1.0563615560531616,0.2410597503185272,0.5497318787027327
1.4073985795595454,-0.9869460770386184,-3.125698046283553,0.0523384451056685,-2.0,-4.0,-1.0369790188373336,0.23066212999151142,-1.0440484285354614,0.2280947566032409,0.49242186563875584
1.2735042677826631,-0.9898840063937889,-3.2235897385962007,0.0523384451056685,-2.0,-4.0,-1.0233121399073046,0.21467677183588485,-1.0329883098602295,0.2144644558429718,0.4322201931322402
1.1907368607942985,-1.0791376821739487,-3.8500433876934155,0.0523384451056685,-2.0,-4.0,-1.0084076675112348,0.19293823694936318,-1.0143890380859375,0.1864881217479705,0.3118065625607506
1.0680539918324927,-1.099095838349598,-3.8471043837666232,0.0523384451056685,-2.0,-4.0,-0.9974662089162246,0.17435263828152553,-1.0063321590423584,0.1729103177785873,0.25134854661088746
0.9294034546416874,-1.08341251103236,-3.8378530844665772,0.0523384451056685,-2.0,-4.0,-0.9895432684076744,0.1578038998140189,-0.9995631575584412,0.1589372903108596,0.19070866427757338
0.7889583580598938,-1.0531232048999932,-3.8478484764348133,0.0523384451056685,-2.0,-4.0,-0.9839573714030452,0.14247166806884812,-0.994106948375702,0.1446605920791626,0.12829888451904187
0.6551104166233812,-1.0209728855935412,-3.8642378175735868,0.0523384451056685,-2.0,-4.0,-0.9801824705619849,0.1277470932638977,-0.9898552894592284,0.1300705075263977,0.06501861770364624
0.5361383844431498,-0.9872009311268505,-3.8525194768797637,0.0523384451056685,-2.0,-4.0,-0.9775657187104744,0.1136441267846503,-0.9861634969711304,0.1160847321152687,0.004447676913358914
0.4347250756695825,-0.9546009079303807,-3.845801382886961,0.0523384451056685,-2.0,-4.0,-0.9756917455584749,0.10000403742909836,-0.9830206036567688,0.1023599505424499,-0.0564865294071201
0.3506647550398485,-1.0274405148787882,-4.435719489056822,0.0523384451056685,-2.0,-4.0,-0.9742932122984869,0.07991513499605071,-0.9803680181503296,0.0746512189507484,-0.1815795663696097
0.2630862182190138,-1.0472173196705745,-4.4224440125456335,0.0523384451056685,-2.0,-4.0,-0.9744722267508538,0.062168679800071465,-0.980801284313202,0.0607394650578498,-0.24574781050912764
0.17621692596730248,-1.0378720591224502,-4.361272248559933,0.0523384451056685,-2.0,-4.0,-0.9760056109825634,0.046031000089564754,-0.9822834134101868,0.0467063561081886,-0.3103444504708351
0.07181011044106331,-1.1108567666733167,-4.911824889463734,0.0523384451056685,-2.0,-4.0,-0.9800882762052511,0.024600166912533576,-0.987633466720581,0.0193257648497819,-0.4361057131124079
-0.013560631264532524,-1.1143031546971824,-4.873916523176084,0.0523384451056685,-2.0,-4.0,-0.9845830118343946,0.006598624487031249,-0.9907525181770324,0.0063495635986328,-0.4994265926084849
-0.11903400372925163,-1.1622452526727436,-5.359149911822513,0.0523384451056685,-2.0,-4.0,-0.9917726260238678,-0.014399586920305062,-0.9993948936462402,-0.017864229157567,-0.622601507290458
-0.19396380727909707,-1.1338240246449054,-5.2827394725299825,0.0523384451056685,-2.0,-4.0,-0.9986306369123752,-0.03111663762294173,-1.0040456056594849,-0.0290627144277095,-0.6862153787066313
-0.2517843084992253,-1.0645586365127981,-5.037572454289072,0.0523384451056685,-2.0,-4.0,-1.0055564612151013,-0.044678818920437305,-1.0097349882125854,-0.039673201739788,-0.748699248881197
-0.348352532057049,-1.0470149986974047,-5.55894610066407,0.0523384451056685,-2.0,-4.0,-1.0159689517798083,-0.06055198056902213,-1.0229476690292358,-0.0592841506004333,-0.8753928880912527
-0.4072352270063383,-0.9820884154028288,-5.480558091049869,0.0523384451056685,-2.0,-4.0,-1.0254352152865867,-0.07301204758865042,-1.029690504074097,-0.068319983780384,-0.9395975624508416
-0.44588674139665685,-0.8943433687838895,-5.201137235418824,0.0523384451056685,-2.0,-4.0,-1.0345061570366914,-0.08292480405596753,-1.037299394607544,-0.0765837132930755,-1.0020194416777004
-0.47559054312339216,-0.8004380807124127,-5.004571301293487,0.0523384451056685,-2.0,-4.0,-1.0436040067475028,-0.09102639792904971,-1.045750617980957,-0.08424012362957,-1.0676144995953438
-0.5560680618349925,-0.7573491908749214,-5.450225519957214,0.0523384451056685,-2.0,-4.0,-1.0565336711663227,-0.10098488264958727,-1.062349557876587,-0.0978709682822227,-1.1905950380969514
-0.5992383100992762,-0.688821264083631,-5.373426197846879,0.0523384451056685,-2.0,-4.0,-1.0682846631774305,-0.10857221877367433,-1.0714044570922852,-0.1036198958754539,-1.2559458888348256
-0.6229778740502131,-0.6096973351520178,-5.147980363103907,0.0523384451056685,-2.0,-4.0,-1.0794418535695076,-0.11436262651658362,-1.0811574459075928,-0.1086445599794387,-1.3206925884175391
-0.638574123259827,-0.5286659528155381,-4.978511541913815,0.0523384451056685,-2.0,-4.0,-1.0904405379322877,-0.11876095327913669,-1.0915676355361938,-0.1129050403833389,-1.3870931221721168
-0.64468538851516,-0.45193261772653176,-4.811250613670288,0.0523384451056685,-2.0,-4.0,-1.101061728029511,-0.12214691365482326,-1.1015033721923828,-0.1166016086935997,-1.4501151912235892
-0.7215387581976308,-0.40166598132363296,-5.305231056723819,0.0523384451056685,-2.0,-4.0,-1.1164573243738358,-0.12605480379109443,-1.1220113039016724,-0.1224221736192703,-1.5757353740963045
-0.7571768596978878,-0.34008324594267914,-5.252990701087519,0.0523384451056685,-2.0,-4.0,-1.1303579116270377,-0.12841034195977005,-1.1329333782196045,-0.1239599287509918,-1.642062060771355
-0.7701871370438602,-0.273277817011764,-5.068956038661951,0.0523384451056685,-2.0,-4.0,-1.143332826077667,-0.12943529402305018,-1.144273042678833,-0.1246074512600898,-1.7081506289800266
-0.853031987666558,-0.2011719390772985,-5.579620705961855,0.0523384451056685,-2.0,-4.0,-1.1611325358102231,-0.12904095661895565,-1.1671195030212402,-0.1238300651311874,-1.8387331024073297
-0.7976641332843395,-0.1402532543954892,-5.358683459521027,0.0523384451056685,-2.0,-4.0,-1.171120784045216,-0.12823248924067523,-1.1671195030212402,-0.1238300651311874,-1.8507479601259482
-0.8360325540986631,-0.07291324934048701,-5.816313882360917,0.0523384451056685,-2.0,-4.0,-1.1864198735177804,-0.1260248216281678,-1.1891926527023315,-0.1211583465337753,-1.9659028202732858
-0.8396709533595532,-0.00849756365627441,-5.689686913533443,0.0523384451056685,-2.0,-4.0,-1.2000369220398461,-0.12293303512760186,-1.200299859046936,-0.1182778924703598,-2.0333799205135836
-0.8249212967272243,0.05412130776047526,-5.433491635812314,0.0523384451056685,-2.0,-4.0,-1.2124965855410565,-0.11892938163055258,-1.2114306688308716,-0.1144040897488594,-2.0990283747326686
-0.8776251461081224,0.15097560370356705,-5.878203716663783,0.0523384451056685,-2.0,-4.0,-1.2291794775515037,-0.11166058737626061,-1.2329882383346558,-0.1046611964702606,-2.229350242046205
-0.8036723521937474,0.18410131739663554,-5.566664106103448,0.0523384451056685,-2.0,-4.0,-1.2383326013095486,-0.10705509977543001,-1.2329882383346558,-0.1046611964702606,-2.2414653796136723
-0.816831784001057,0.2610916400259706,-5.947000496942015,0.0523384451056685,-2.0,-4.0,-1.2520613039579238,-0.09901979487010902,-1.2530122995376587,-0.0934559181332588,-2.356305835311776
-0.7974458121374489,0.3221409162415111,-5.795007277790647,0.0523384451056685,-2.0,-4.0,-1.26384904276571,-0.09080647706820955,-1.2624480724334717,-0.086394615471363,-2.4235391294964845
-0.7605157375762532,0.3745552290305067,-5.522517696432228,0.0523384451056685,-2.0,-4.0,-1.2741667987555807,-0.08218721185905194,-1.2714979648590088,-0.0783993750810623,-2.4888318234402926
-0.7158064383867364,0.4230012345878029,-5.304909479516429,0.0523384451056685,-2.0,-4.0,-1.28337940380499,-0.0729916548903666,-1.2801483869552612,-0.0694905966520309,-2.5555028618976268
-0.7231053057158742,0.5388512271201032,-5.746017895403125,0.0523384451056685,-2.0,-4.0,-1.2953148210590415,-0.05856501242686368,-1.2958422899246216,-0.0501928552985191,-2.6862433898024745
-0.6955506242993159,0.6065081417035646,-5.647530103840858,0.0523384451056685,-2.0,-4.0,-1.3050629183590459,-0.0454707228238042,-1.3030716180801392,-0.0405813455581665,-2.7511498604273754
-0.6007352321690751,0.5717132593020945,-4.720015236092753,0.0523384451056685,-2.0,-4.0,-1.3099236630716713,-0.03806681606740145,-1.3030716180801392,-0.0405813455581665,-2.750231100234744
-0.5679516228127651,0.6412880164519794,-5.481232270502612,0.0523384451056685,-2.0,-4.0,-1.3173681647119728,-0.024319949024264834,-1.314998984336853,-0.0192919746041297,-2.8750282296321474
-0.5197689532369755,0.6876098089148441,-5.403579075358636,0.0523384451056685,-2.0,-4.0,-1.323270126013767,-0.010997095145180975,-1.319788098335266,-0.0076495478861033,-2.9454474681731764
-0.46337516564594905,0.7209270552318648,-5.217157322840142,0.0523384451056685,-2.0,-4.0,-1.3278583432043303,0.002207201596587926,-1.3237829208374023,0.0046149464324116,-3.0117538131820076
-0.40314971013558715,0.7477251555311358,-5.0577812539995115,0.0523384451056685,-2.0,-4.0,-1.3312909555134527,0.015513605932771188,-1.3269386291503906,0.0174502301961183,-3.0785407831462206
-0.3443245973968798,0.7639463989532327,-4.897634475937708,0.0523384451056685,-2.0,-4.0,-1.3338525345322014,0.028549563978166468,-1.3296014070510864,0.0297218281775712,3.140841570223719
-0.29951707827378854,0.8622653513409945,-5.348396188714983,0.0523384451056685,-2.0,-4.0,-1.3363995882057036,0.04727238534396126,-1.333161473274231,0.0543776229023933,3.014397853172668
-0.24148369371567016,0.8139112948355199,-5.005898443858807,0.0523384451056685,-2.0,-4.0,-1.3373553847591604,0.057872036238188845,-1.333161473274231,0.0543776229023933,3.0046571957599957
-0.17877180779792073,0.8793622436904355,-5.547146566492018,0.0523384451056685,-2.0,-4.0,-1.3370733603312734,0.07522145472516656,-1.3325413465499878,0.0799514129757881,2.885203605573394
-0.09723617400916382,0.995700668123843,-5.759955485832697,0.0523384451056685,-2.0,-4.0,-1.3345435435515174,0.09698216263850912,-1.3286511898040771,0.10538961738348,2.751002038655437
-0.026371130740200116,1.02936496891781,-5.621026460947777,0.0523384451056685,-2.0,-4.0,-1.3314145690795907,0.1151388562391465,-1.3262933492660522,0.1175716817378997,2.688879872165588
0.0651395047920937,1.0936133436891853,-5.9742504930239315,0.0523384451056685,-2.0,-4.0,-1.3257869130697533,0.13585603362555,-1.3191736936569214,0.140499085187912,2.5654360849577102
0.13350308834517194,1.0781813793115647,-5.801395157913716,0.0523384451056685,-2.0,-4.0,-1.320225294482137,0.1523336693044453,-1.3152848482131958,0.151218444108963,2.501658534449167
0.2255113280551702,1.0872260873399262,-6.111755316622468,0.0523384451056685,-2.0,-4.0,-1.3120067553009722,0.17018249982209124,-1.305357575416565,0.1708361357450485,2.379837993758676
0.285655340541897,1.0316690488099463,-5.915661387593032,0.0523384451056685,-2.0,-4.0,-1.3044225677543002,0.18390534704759529,-1.3000761270523071,0.1798903942108154,2.316862001538013
0.3289604765800043,0.944731311943525,-5.5676520501395945,0.0523384451056685,-2.0,-4.0,-1.2969892621096522,0.19466476336201383,-1.2938597202301023,0.188382014632225,2.2543493364299687
0.36504681945114026,0.8484155277620385,-5.3162088293108045,0.0523384451056685,-2.0,-4.0,-1.2893402949776633,0.20341321101153084,-1.2867324352264404,0.1964527368545532,2.18877842334829
0.399600038501148,0.7549459963221419,-5.129577928064962,0.0523384451056685,-2.0,-4.0,-1.2812152982602176,0.2108087664705579,-1.2787182331085205,0.204053983092308,2.12228696217693
0.48578847094193667,0.716922420620975,-5.53006596333081,0.0523384451056685,-2.0,-4.0,-1.2691239442683866,0.22037423612638293,-1.2628953456878662,0.2176263779401779,1.9987046995431437
0.5379594585659992,0.6570125978447064,-5.426476591411739,0.0523384451056685,-2.0,-4.0,-1.2579024039479774,0.22788447039496085,-1.2541321516036987,0.2235549539327621,1.9331287442652454
0.5718303017390944,0.5880187028074537,-5.20143013306358,0.0523384451056685,-2.0,-4.0,-1.247055915576335,0.23383561675589248,-1.2446081638336182,0.2288496196269989,1.8686851500232338
0.6571451589145342,0.5503246536066068,-5.5969610130824,0.0523384451056685,-2.0,-4.0,-1.2322666277723295,0.24075203408580279,-1.2261011600494385,0.2380279898643493,1.7464024882650109
0.697013444364987,0.4926185411833006,-5.488599427775443,0.0523384451056685,-2.0,-4.0,-1.2191166886906768,0.24574238718308816,-1.2162355184555054,0.2415721267461776,1.680641788236303
0.7127084981688336,0.4253119076071066,-5.249218760551586,0.0523384451056685,-2.0,-4.0,-1.206926903419019,0.2491747702841917,-1.2057926654815674,0.2443107068538665,1.6162704769843748
0.7177487130533873,0.354797573426557,-5.073382767835463,0.0523384451056685,-2.0,-4.0,-1.1951903684265928,0.25131819226077123,-1.1948261260986328,0.2462223172187805,1.5494191857946917
0.7203830574251096,0.2848006274582827,-4.93448224281551,0.0523384451056685,-2.0,-4.0,-1.1835322375206994,0.2523675884413285,-1.1833418607711792,0.2473091036081314,1.4825103401016548
0.724779097022923,0.21698905761785356,-4.823550755817369,0.0523384451056685,-2.0,-4.0,-1.1717154947834383,0.25244150454657194,-1.1713978052139282,0.2475409507751464,1.4152349002233433
0.7249253522118707,0.15572522783175816,-4.70770234134103,0.0523384451056685,-2.0,-4.0,-1.1601093605786437,0.25186329417841163,-1.1600987911224363,0.2474359273910522,1.3505257084655757
0.7224174007068955,0.10308047649382424,-4.601722041613953,0.0523384451056685,-2.0,-4.0,-1.1486763508482165,0.25087465342014975,-1.148857593536377,0.247070163488388,1.2864889147194836
0.8019593437651567,0.03565999186817877,-5.11565140544318,0.0523384451056685,-2.0,-4.0,-1.1318593058354454,0.24806690100983755,-1.1261110305786133,0.2431946098804474,1.1572115521171178
0.8339111212948891,-0.028479039188178373,-5.075830596439343,0.0523384451056685,-2.0,-4.0,-1.1169156850810724,0.24439735150108563,-1.1146066188812256,0.2397622019052505,1.0901927616314921
0.9159649963651028,-0.1230376842587228,-5.551579801967659,0.0,0.0,0.0,-1.0981486814901835,0.23769059465780673,-1.0922188758850098,0.230857104063034,0.9600690512623689
0.9299264062592291,-0.1922259801006283,-5.47441613198731,0.0523384451056685,-2.0,-4.0,-1.08257027928876,0.23114808503755355,-1.0815613269805908,0.2261480391025543,0.8952584055837729
0.902947992319426,-0.24008202700978062,-5.164497057992184,0.0523384451056685,-2.0,-4.0,-1.0694749484329833,0.22490879709613074,-1.0714246034622192,0.2214503735303878,0.8368352317368483
0.9199594353112359,-0.3098555647701875,-5.535383984624742,0.0523384451056685,-2.0,-4.0,-1.053903186408037,0.21645488876150365,-1.0526738166809082,0.2114125490188598,0.7215394764940385
0.8841599760897304,-0.3488980579818193,-5.397999710563493,0.0523384451056685,-2.0,-4.0,-1.0415504696172169,0.20891617474077176,-1.0441375970840454,0.2060946822166443,0.6609810297943693
0.8197803535392356,-0.37363998251978897,-5.127398576711802,0.0523384451056685,-2.0,-3.879880979629206,-1.0316599244246012,0.20169816423021839,-1.036312460899353,0.1999101340770721,0.5994501967297007
0.7910768379432033,-0.4448298173589671,-5.560664856336172,0.0523384451056685,-2.0,-2.9211261158159765,-1.020440973602446,0.19101369990073358,-1.0225152969360352,0.1858690083026886,0.4772404995503257
0.7294196349642692,-0.48266979816236893,-5.447504445482161,0.0523384451056685,-2.0,-2.77256427862974,-1.0118597846391548,0.18139489364723457,-1.0163155794143677,0.1786603033542633,0.41635725093497183
0.6536229803045158,-0.5048254985178549,-5.071300956757276,0.0523384451056685,-2.0,-0.5150835431448844,-1.0051998431870688,0.17220750565662477,-1.010677456855774,0.1706063747406005,0.36400236162232674
0.5742723391487153,-0.522019145407867,-4.669862725203027,0.0523384451056685,-2.0,-0.3797055008773942,-0.9999875954986585,0.16299365837926585,-1.0057220458984375,0.1617511212825775,0.31802089993951993
0.5261484377971468,-0.5926205451360068,-4.68088402543604,0.0523384451056685,-2.0,-0.2537270160982681,-0.9939806176799374,0.14997402776981533,-0.9974583983421326,0.1448718607425689,0.24234900852452143
0.4616224948492239,-0.6269325140510889,-4.247862411079947,0.0523384451056685,-2.0,-0.1559472037842377,-0.9898279300632393,0.138223800029079,-0.9944910407066344,0.1357441693544387,0.21898948092775308
0.3925183717540768,-0.6438898655499128,-3.52902951422423,0.0523384451056685,-2.0,0.0238651102464331,-0.987010312317537,0.1270718615421689,-0.9920042753219604,0.1258464008569717,0.2110942453578588
0.3293806071344064,-0.6562980265569328,-2.9539539017191734,0.0523384451056685,-2.0,0.3698176546883345,-0.9849039359279578,0.11594934376411245,-0.9894667267799376,0.1150526404380798,0.20268758358714958
0.2961363206025897,-0.7529672325439464,-2.480918632423737,0.0523384451056685,-2.0,1.2726634622720685,-0.9818315627802765,0.09905795795411303,-0.9842340350151062,0.0920719429850578,0.198241075985347
0.26259915993774957,-0.7981428309304318,-2.0810033820264864,0.0523384451056685,-2.0,2.4566414892805373,-0.9793104595691196,0.08402400932838537,-0.9817340970039368,0.0807592943310737,0.19646060328009343
0.23410322456450788,-0.8154590951508252,-1.6085003721182392,0.0523384451056685,-2.0,3.557488364995804,-0.9769926851107865,0.07010897873387846,-0.9790520071983336,0.0688575804233551,0.21004381041872483
0.2148883695806701,-0.8219969754213555,-1.1589714887294562,0.0523384451056685,-2.0,4.0,-0.9745172910424533,0.05662942637898035,-0.9759058952331544,0.0561569519340992,0.23000684506001062
0.2027979394776707,-0.8191682049258355,-0.7668479541944051,0.0523384451056685,-2.0,4.0,-0.9718783524725414,0.04366447941060844,-0.9727520942687988,0.0438689067959785,0.2529515268952225
0.1981742613327015,-0.8087981458469798,-0.3649981849678558,0.0523384451056685,-2.0,4.0,-0.9689392480108412,0.03124333301816388,-0.9692733883857728,0.0319927483797073,0.28483301054439575
0.23712881915409484,-0.8926232497524595,0.6166963519736581,0.0523384451056685,-2.0,4.0,-0.9631932480865429,0.012761044464247664,-0.960378110408783,0.0067032370716333,0.3985123312213172
0.27107781898891364,-0.9302763037208243,0.9054080567883473,0.0523384451056685,-2.0,4.0,-0.9571548831572043,-0.004010099329936306,-0.9547014832496644,-0.0067311809398233,0.4597908875766429
0.3054993181431086,-0.941237969796073,1.3031932344842423,0.0523384451056685,-2.0,4.0,-0.9505420981989925,-0.01961917508939109,-0.9480545520782472,-0.0204113442450761,0.5264740557628941
0.34365190976702664,-0.937187703314248,1.666189377677493,0.0523384451056685,-2.0,4.0,-0.9431319138260524,-0.034411227190857034,-0.9403747320175172,-0.0341185256838798,0.5968143321705418
0.43975547158729,-1.011307684329687,2.498350088576749,0.0523384451056685,-2.0,4.0,-0.9312802595449466,-0.05430616144490436,-0.9243351221084596,-0.0596626065671443,0.7445611093565134
0.5064716458037762,-1.0189584735485957,2.574198058115434,0.0523384451056685,-2.0,4.0,-0.9198336925871946,-0.0709928635209736,-0.9150123000144958,-0.0715457648038864,0.8087689327778729
0.5576019089645041,-0.9863621037998549,2.8413362633522605,0.0523384451056685,-2.0,4.0,-0.9083500217842626,-0.08514131507775556,-0.9046549797058104,-0.0827856659889221,0.8804993025256457
0.5958618195315148,-0.9303596391291797,3.027842320737925,0.0523384451056685,-2.0,4.0,-0.8968991013069263,-0.09722089229146356,-0.8941341638565063,-0.0931737497448921,0.9487256905572019
0.711053053619812,-0.9251494735476331,3.8258250700015157,0.0523384451056685,-2.0,4.0,-0.8797502387523854,-0.11176221237839937,-0.8714256882667542,-0.1113856881856918,1.0926889517082277
0.7800788117078482,-0.8712595912512117,3.859086939778708,0.0523384451056685,-2.0,4.0,-0.8638102282841871,-0.12300204631162248,-0.8588219285011292,-0.119107574224472,1.1640711793147414
0.822157104362791,-0.7907167847394097,3.9577253654927564,0.0523384451056685,-2.0,4.0,-0.8485472513840232,-0.13161766799047375,-0.8455063700675964,-0.1257970631122589,1.2364550236004581
0.850358233355957,-0.6989949937666922,4.041252206557489,0.0523384451056685,-2.0,4.0,-0.833528414702741,-0.13820558335998304,-0.8314903974533081,-0.1315771043300628,1.3089707766301928
0.8723357472808506,-0.6044962903741458,4.1111090013680585,0.0523384451056685,-2.0,4.0,-0.8184697913151273,-0.14314237367433155,-0.816881537437439,-0.1363132148981094,1.381388918115969
0.9887296767640812,-0.5356121063612334,4.759824597137699,0.0523384451056685,-2.0,4.0,-0.7968178380110408,-0.1482605119029308,-0.7884063720703125,-0.1432824432849884,1.5206076859365159
1.0401180783320454,-0.4509576991783452,4.745064513869362,0.0523384451056685,-2.0,4.0,-0.7776009736735082,-0.15123396372165004,-0.7738872766494751,-0.1451162248849868,1.5925497239812558
1.0537985462799775,-0.3595049326723427,4.713155135206102,0.0523384451056685,-2.0,4.0,-0.7600546946984473,-0.1524035184181095,-0.7590660452842712,-0.1457944810390472,1.665199981557295
1.0471869759589059,-0.2661315951613384,4.685071550092848,0.0523384451056685,-2.0,4.0,-0.7436309962995675,-0.15198286355342155,-0.7441087961196899,-0.1452350318431854,1.7376807801549061
1.0320560400534575,-0.1743695206882715,4.661318546053082,0.0523384451056685,-2.0,4.0,-0.7278762820844864,-0.15017475282407527,-0.7289697527885437,-0.1435433626174926,1.8101209598839074
1.0143726900337173,-0.08537337900192242,4.640960753127176,0.0523384451056685,-2.0,4.0,-0.7125323980874086,-0.14708129946009074,-0.7138103246688843,-0.1406497955322265,1.8825061860540255
1.1013237031773642,0.033139752164824746,5.253690450647653,0.0523384451056685,-2.0,4.0,-0.6905542689108869,-0.14061259578302956,-0.6842705607414246,-0.1320479810237884,2.024548431637655
1.1199956031931724,0.12874150741780777,5.21725615937099,0.0523384451056685,-2.0,4.0,-0.6716987258558228,-0.1337623095015044,-0.6703493595123291,-0.1268534362316131,2.0955446022193325
1.1870214709125342,0.26069910064576446,5.767471697582337,0.0523384451056685,-2.0,4.0,-0.6493478435438036,-0.12297897982037032,-0.6445040702819824,-0.1134427711367607,2.233736169151231
1.1701979800788498,0.35427770283197507,5.686799499972201,0.0523384451056685,-2.0,4.0,-0.631467668997268,-0.11262149076523875,-0.6326834559440613,-0.1058588251471519,2.303998125737471
1.1070143390591174,0.4249206218337087,5.4777497049738955,0.0523384451056685,-2.0,4.0,-0.6169214516760636,-0.1022829784767768,-0.621487557888031,-0.0971778109669685,2.3754158736458226
1.093614492522761,0.5549653199168807,6.002020550218374,0.0523384451056685,-2.0,4.0,-0.6000950606249662,-0.08688724082551685,-0.6010634303092957,-0.0774892717599868,2.5128814083038677
1.025605932374029,0.6338177805976786,5.903707031441618,0.0523384451056685,-2.0,4.0,-0.5870931453333833,-0.07279500947426501,-0.5920079350471497,-0.0670965611934661,2.582994269657939
0.9308915240187636,0.6832502135491589,5.651534144562958,0.0523384451056685,-2.0,4.0,-0.5769448398462259,-0.059386040841230545,-0.583789587020874,-0.0558136962354183,2.654081589646469
0.8275739905600753,0.7176959549753621,5.457412475715918,0.0523384451056685,-2.0,4.0,-0.5688807011339443,-0.046176894959550595,-0.5763471722602844,-0.0436875969171524,2.7261596021397136
0.7252576371465432,0.7458373505780894,5.305392168989229,0.0523384451056685,-2.0,4.0,-0.5624034568480246,-0.0328333855293223,-0.5697975754737854,-0.0307996850460767,2.7984156170031373
0.6634224724423242,0.8594241713432722,5.790726454343852,0.0523384451056685,-2.0,4.0,-0.5548871398087329,-0.013390979191932256,-0.5593557953834534,-0.0051823752000927,2.9331844515210617
0.5818108344120211,0.9165809195862108,5.722256797882782,0.0523384451056685,-2.0,4.0,-0.5496675704500601,0.004138331488667653,-0.5555654168128967,0.0082688909024,3.0060562278334824
0.4919644551317723,0.9414511161013336,5.517035226793689,0.0523384451056685,-2.0,4.0,-0.5462981703850158,0.02044774760138346,-0.5527911186218262,0.0222450476139783,3.077384060482911
0.40040577399746907,0.9496373076607878,5.3520417688812,0.0523384451056685,-2.0,4.0,-0.5444795094079751,0.03605213901643053,-0.5510962009429932,0.0366437323391437,-3.1336478923775
0.3134084920304183,1.0444101006440327,5.8371355857582605,0.0523384451056685,-2.0,4.0,-0.54382424190393,0.05751158506656378,-0.5501112937927246,0.0643605515360832,-2.9986368702412824
0.223985501810741,1.074092935326985,5.770421399281369,0.0523384451056685,-2.0,4.0,-0.5447212898712985,0.07618442243393893,-0.5511836409568787,0.0783295184373855,-2.9256899724445806
0.11455317364462433,1.1652665031669274,6.222608199598376,0.0523384451056685,-2.0,4.0,-0.548371884964778,0.09939722059666573,-0.556280255317688,0.1059860810637474,-2.7892074377631615
0.01804596240598806,1.1734980697411035,6.11619174351045,0.0523384451056685,-2.0,4.0,-0.5529189424067807,0.11858565786070205,-0.5598932504653931,0.1191805303096771,-2.7192470030275158
-0.06913864216292777,1.136297239395008,5.8161965700352205,0.0523384451056685,-2.0,4.0,-0.5583938154292026,0.134902350822151,-0.5646944046020508,0.1322139501571655,-2.6486387023204396
-0.1495400422149175,1.0784512125807242,5.586821940407805,0.0523384451056685,-2.0,4.0,-0.5648152173728129,0.1492590158177195,-0.5706256031990051,0.145078644156456,-2.5767161122027926
-0.2717450027007594,1.0950865056995505,6.034116006146402,0.0583199816891735,-2.0,4.0,-0.575286595605378,0.16761396281401686,-0.5841180086135864,0.1688161492347717,-2.443900881507314
-0.3629828778477914,1.0576730941877392,5.949802773292566,0.0583199816891735,-2.0,4.0,-0.5856660780798724,0.18266201741417226,-0.5922595858573914,0.1799582540988922,-2.3706133207992095
-0.5035677710067039,1.0639033726921956,6.376842302542074,0.0583199816891735,-2.0,4.0,-0.600767604080956,0.1999966587858304,-0.6109272837638855,0.2004469037055969,-2.234496726068791
-0.5904650882698785,1.0101973836171103,6.258367141293205,0.0583199816891735,-2.0,4.0,-0.6145693048204938,0.21346871193654426,-0.6208491325378418,0.2095875293016433,-2.164559787847297
-0.6459810643536292,0.9260552102441926,5.925784601387792,0.0583199816891735,-2.0,4.0,-0.6276868018445092,0.22406939099448916,-0.6316987872123718,0.2179886698722839,-2.0942340185243444
-0.684993198720518,0.8305031557563031,5.672381824959086,0.0583199816891735,-2.0,4.0,-0.6406015168930795,0.2325695097345794,-0.6434208154678345,0.2256642282009124,-2.022414834659825
-0.7979523084957869,0.7772179572951897,6.107982904902462,0.0583199816891735,-2.0,4.0,-0.6590289200208381,0.24233497708164825,-0.6671921610832214,0.2384842038154602,-1.889860239229149
-0.8564634809028334,0.6962671279233793,6.0190107431310516,0.0583199816891735,-2.0,4.0,-0.6756642193018428,0.24941895900180974,-0.6798926591873169,0.243568867444992,-1.8165848695375817
-0.9794162321564219,0.627300768557954,6.431340862571309,0.0583199816891735,-2.0,4.0,-0.697495807579098,0.2559999981749038,-0.7063812613487244,0.2510159909725189,-1.680970703661214
-1.0254975194892137,0.5368660182848495,6.308275396602461,0.0583199816891735,-2.0,4.0,-0.7162128135726398,0.2600583410987706,-0.7195429801940918,0.2535228729248047,-1.6111357676045055
-1.0291304461384356,0.4377791693849074,5.963208811788272,0.0643625543602657,-2.0,4.0,-0.7328609397570036,0.26209775423056947,-0.7331234812736511,0.2549370229244232,-1.5410096033336453
-1.0128131831965936,0.3378925319617841,5.699872980129945,0.0643625543602657,-2.0,4.0,-0.7482483236704585,0.2624989052815511,-0.7470691204071045,0.2552803754806518,-1.4693729205377817
-0.984884151816269,0.24355990051394033,5.431933031450989,0.0643625543602657,-2.0,4.0,-0.7626069994459003,0.2616690349074889,-0.7605886459350586,0.2548518776893616,-1.403906372688343
-1.0495205585916465,0.1403203581529349,5.984943754633596,0.0643625543602657,-2.0,4.0,-0.7826381358165958,0.25874102348685607,-0.7873092293739319,0.2512801885604858,-1.2653908504817095
-1.059243971902446,0.044871090875228906,5.926120170716682,0.0643625543602657,-2.0,4.0,-0.8000732611183432,0.25467617966049494,-0.800775945186615,0.2477783262729644,-1.1918887781776504
-1.0388522067510966,-0.04368118419460691,5.686727042525632,0.0643625543602657,-2.0,4.0,-0.8156731038508798,0.2495400945974785,-0.8141994476318359,0.2431406676769256,-1.120577163902798
-1.0044551342232677,-0.126445402339196,5.487440664138239,0.0643625543602657,-2.0,4.0,-0.8300208141023283,0.2433698105703102,-0.8275350332260132,0.2373886704444885,-1.0487485500304026
-0.9612423063285458,-0.19963756161199053,5.287890750361425,0.0643625543602657,-2.0,4.0,-0.8432353783697522,0.23650808966295722,-0.8401125073432922,0.2312186956405639,-0.9808983497825072
-0.9987785654358012,-0.32076630592791894,5.849222696017506,0.0643625543602657,-2.0,4.0,-0.8610967059829785,0.2253062977245377,-0.86380934715271,0.216552659869194,-0.8408512771252129
-0.9835357437947045,-0.41165004031139274,5.80402962729279,0.0643625543602657,-2.0,4.0,-0.8760694890764642,0.21416588597086614,-0.8749679327011108,0.2075979709625244,-0.7673698294134604
-0.938268230443397,-0.4836173347885019,5.589164565713138,0.0643625543602657,-2.0,4.0,-0.8888135117486128,0.20282186433844157,-0.8855421543121338,0.1976209878921508,-0.6958108404239536
-0.8784988639304661,-0.5444648405940066,5.409915511082673,0.0643625543602657,-2.0,4.0,-0.8998745642708321,0.19106147407846966,-0.8955551981925964,0.186664193868637,-0.6237935473032468
-0.8117994584766789,-0.5928554952792998,5.229199940163947,0.0643625543602657,-2.0,4.0,-0.9095211752323793,0.1791510224656632,-0.9047009944915771,0.1756539642810821,-0.555438839567527
-0.7980091309546059,-0.7193697341811084,5.804662307235919,0.0643625543602657,-2.0,4.0,-0.9215983142387167,0.16130171878235852,-0.920601725578308,0.1521588861942291,-0.4144219347162603
-0.7461399955715836,-0.7956479677694431,5.765698763180721,0.0643625543602657,-2.0,4.0,-0.9309374904263159,0.1447491940609034,-0.92718905210495,0.1392367780208587,-0.34071883138557824
-0.673083375439454,-0.8416999580209951,5.55863359719541,0.0643625543602657,-2.0,4.0,-0.9380460961203884,0.12897441707188376,-0.9327664971351624,0.1256463676691055,-0.2690002901177636
-0.5906775699061038,-0.8713618599130533,5.385844320886318,0.0643625543602657,-2.0,4.0,-0.9433677390235494,0.11354632581347818,-0.9374125003814696,0.1114027425646781,-0.19682654974158834
-0.5288606955485095,-0.9873573197367372,5.8991678948015345,0.0643625543602657,-2.0,4.0,-0.9487319841270292,0.09193629677875328,-0.9442646503448486,0.0835536271333694,-0.0589733826502079
-0.44839024548614526,-1.0366878927203238,5.845489752034814,0.0696116578927292,-2.0,4.0,-0.951874006821919,0.07287742928827806,-0.9460586309432985,0.0693124458193779,0.01452727248377516
-0.35845575351740466,-1.1498251175524234,6.3055323143363475,0.0696116578927292,-2.0,4.0,-0.953102852501865,0.048811136208812805,-0.946603536605835,0.040635023266077,0.1525043932794311
-0.2633238764737421,-1.1762392781989666,6.210321075886059,0.070527199206531,-2.0,4.0,-0.95254915706617,0.0286677443958565,-0.9456742405891418,0.0267588663846254,0.2236452916601234
-0.1672539361506447,-1.1540967641062596,5.892655544080681,0.070527199206531,-2.0,4.0,-0.9504113380181607,0.011311715445927135,-0.9434686303138732,0.0129118934273719,0.2944290634504611
-0.04434817537151371,-1.2048321965924942,6.383009644675566,0.070527199206531,-2.0,4.0,-0.9449623348646721,-0.010507855744749793,-0.936080276966095,-0.0141743645071983,0.432353958167793
0.02496786071593246,-1.0920172355535767,6.069107101185658,0.070527199206531,-2.0,4.0,-0.9410895543337763,-0.02232718834085156,-0.936080276966095,-0.0141743645071983,0.4459440870581773
0.13508703911791686,-1.0895199225686627,6.540763265349877,0.0754711223010606,-2.0,4.0,-0.9334102990768668,-0.03963437149707739,-0.9254522919654846,-0.0394538976252079,0.572522870930575
0.22774143324759832,-1.0505076146807564,6.393118662646855,0.0766308079652096,-2.0,4.0,-0.9251237006433569,-0.054487660768119235,-0.91842782497406,-0.0516683496534824,0.6471540735975898
0.3085654790618444,-0.993792071231206,6.076806289632037,0.0766308079652096,-2.0,4.0,-0.9161367137347373,-0.06754642587381539,-0.9102957844734192,-0.0634477511048317,0.7183396504359574
0.38148806279697417,-0.9314929218446352,5.814541952921068,0.0766308079652096,-2.0,4.0,-0.9063788927260017,-0.07932862071340814,-0.901108980178833,-0.0748264342546463,0.7903266461588357
0.44320819636003433,-0.8673309018388187,5.568952161064814,0.0766308079652096,-2.0,4.0,-0.8961948830562,-0.08999087832854573,-0.8917345404624939,-0.0853540673851966,0.8587206295764668
0.49512230537629676,-0.804980164062416,5.374179092427084,0.0766308079652096,-2.0,4.0,-0.8856716088853918,-0.09974628404750714,-0.8819199204444885,-0.095240369439125,0.9283028413572534
0.6270269196644825,-0.8050084662104866,5.9258616455216435,0.0766308079652096,-2.0,4.0,-0.8690296887738873,-0.11262783767369638,-0.8594973087310791,-0.1126298829913139,1.072127281346173
0.7136553847743067,-0.7658002232396199,5.874954115773609,0.0766308079652096,-2.0,4.0,-0.8532704149604435,-0.12291599074725607,-0.8470100164413452,-0.1200825199484825,1.1455062201454818
0.7723495738352023,-0.7047809052560021,5.651893562523426,0.0828564888990617,-2.0,2.7759822995346,-0.8379717675760145,-0.13113492323935094,-0.8337301015853882,-0.1267252266407013,1.2168807345498158
0.8147769281786115,-0.6327379056114585,5.467198366768757,0.0828564888990617,-2.0,1.699183642328527,-0.8228093826773518,-0.13764879201134386,-0.819743275642395,-0.132442444562912,1.2889954211541081
0.8415110726832309,-0.5571674443098432,5.291618230198641,0.0828564888990617,-2.0,0.0269169146257723,-0.8080056083699889,-0.1427767790065703,-0.8060736060142517,-0.1373155117034912,1.3584377937032326
0.9593564351383529,-0.5071827460678965,5.487369245093186,0.0828564888990617,-2.0,0.0693980315861755,-0.7867508983856857,-0.14838706476387142,-0.7782345414161682,-0.1447748094797134,1.4632265659936907
1.015424721525486,-0.4385202199099423,5.176760860534143,0.0828564888990617,-2.0,0.0752574959945069,-0.7676946276278716,-0.1519628396628653,-0.7636427283287048,-0.1470007896423339,1.5009505734326174
1.1424240350565569,-0.36992560462715574,4.654558202733218,0.0874952315556574,-2.0,0.0869764248111697,-0.743052148963288,-0.15444450360215234,-0.7338742613792419,-0.1494873613119125,1.5410496350544274
1.181373522598064,-0.2978058980000976,3.9701753579773715,0.0912794689860381,-1.931883726253147,0.0869764248111697,-0.7221984878459698,-0.15559561661133292,-0.719383716583252,-0.1503837257623672,1.5559576762490865
1.1749345065177543,-0.22839193003757677,3.2446612563399952,0.0983596551461052,-1.8171358815899905,0.0869764248111697,-0.7037221825932669,-0.15577168555245705,-0.7041875123977661,-0.1507553309202194,1.5588130861710483
1.1520166463953159,-0.16558785892718647,2.6913320696422325,0.1028763256275273,-0.8925612268253604,0.096009765774014,-0.6864382866418921,-0.15527409871793116,-0.6880944967269897,-0.1507354229688644,1.5626514014713904
1.1297127333832127,-0.11089439920031649,2.268805056957242,0.1028763256275273,-0.4142214084077209,0.096009765774014,-0.669480489576472,-0.15430782384135433,-0.6710923314094543,-0.1503552794456482,1.5662895388023452
1.1069929507612073,-0.06524653066987583,1.9389813290281972,0.0721751735713742,-0.3265125505455102,0.096009765774014,-0.6529070474683534,-0.15306444044237005,-0.6545489430427551,-0.149765595793724,1.5703696482869893
1.187444887349187,-0.01030499747336984,1.641012671944182,0.0268253604943922,-0.2128633554589152,0.096009765774014,-0.6298766357128749,-0.1504763046483263,-0.6240625977516174,-0.1465058326721191,1.5712847373331262
1.191697240161704,0.03764661505887301,1.3991349507871147,0.0144350347142747,-0.1833829251544974,0.096009765774014,-0.6105964025569748,-0.14747119468646913,-0.6102890968322754,-0.1440058648586273,1.5726863772709956
1.2346068605302656,0.08466424406966874,1.238926358080186,0.0065003433279926,-0.1648889906157014,0.096009765774014,-0.588692573307225,-0.14376060279866923,-0.5855916142463684,-0.1403627693653106,1.5783486500488333
1.1920996203672987,0.10764748363196275,1.073271980036972,0.0036926832990005,-0.1533531700617989,0.096009765774014,-0.5717489363556633,-0.1408865966301996,-0.5748208165168762,-0.1392256617546081,1.580590680265257
1.1022388958701121,0.11248431637081596,0.9301062741513471,-0.0022278171969176,-0.1433432516975661,0.096009765774014,-0.5586158640503479,-0.13884448307727115,-0.5651098489761353,-0.1384949386119842,1.5825248009619084
0.9897447900101726,0.10493251872442114,0.8121242152649342,-0.0022278171969176,-0.1373617151140611,0.096009765774014,-0.5484168131400488,-0.13754396899751228,-0.5565464496612549,-0.1380897164344787,1.5847836388355288
0.9159354526721559,0.08959613111371971,0.7498909021399898,0.0,0.0,0.0,-0.5374602914380998,-0.13687890811973752,-0.5427942872047424,-0.1379872262477874,1.5910956095704767
0.8082656347552336,0.07131600676390958,0.6671229229566722,-0.0063172350652322,-0.1308918898298618,0.096009765774014,-0.5299231711167489,-0.1366538342818517,-0.5377041697502136,-0.1379748880863189,1.5941539882972875
0.6875035016106953,0.053415228161542046,0.6055878480954634,-0.0063172350652322,-0.1308918898298618,0.096009765774014,-0.524974275945887,-0.1366961646075498,-0.5337014198303223,-0.137989804148674,1.5981895646857325
0.5779425596810945,0.036897635375964744,0.5820575781964286,-0.0063172350652322,-0.1308918898298618,0.096009765774014,-0.5212170854539037,-0.13693346760675454,-0.5291347503662109,-0.1381271481513977,1.605335550438756
0.45389770967536364,0.0240048543141557,0.49676764583641075,-0.0063172350652322,-0.1308918898298618,0.096009765774014,-0.5201703736536241,-0.13719542268028284,-0.5291347503662109,-0.1381271481513977,1.60539941185777
0.3656918600360395,0.013807793481431203,0.4637568646222274,-0.0063172350652322,-0.1275959411001754,0.096009765774014,-0.5187391312893774,-0.13748545331254072,-0.5251135230064392,-0.1382223665714264,1.6097846510886176
0.2930994040166604,0.00675729461456153,0.41074145821809693,-0.0063172350652322,-0.1275959411001754,0.096009765774014,-0.5176870107570177,-0.13773062368994948,-0.5229330658912659,-0.1382401436567306,1.6114596173093383
0.2366779083101142,0.0021695356221331777,0.36512174868771186,-0.0063172350652322,-0.1275959411001754,0.096009765774014,-0.5167273380848079,-0.13792579499918714,-0.520804762840271,-0.1382573395967483,1.6130938998443782
0.1951761234994752,-0.0005799284654762582,0.32639881902033185,-0.0063172350652322,-0.1275959411001754,0.096009765774014,-0.5156840956273642,-0.13807284427178207,-0.5186833143234253,-0.1382715404033661,1.61474246613095
0.16626972247585647,-0.002026328817607656,0.29341710188222964,-0.0063172350652322,-0.1275959411001754,0.096009765774014,-0.5144722248556632,-0.1381777419040858,-0.5165612101554871,-0.1382822692394256,1.616391664264862
0.15228724979373973,-0.002875109564103636,0.29981787837569956,-0.0063172350652322,-0.1275959411001754,0.096009765774014,-0.5127362639764932,-0.13826627444630718,-0.5137467384338379,-0.1383276134729385,1.6217798947651691
0.14278832859956422,-0.0029512727098764445,0.2711863979236494,-0.0063172350652322,-0.1275959411001754,0.096009765774014,-0.5109276235971306,-0.13831731120007076,-0.5116140842437744,-0.1383228152990341,1.6234670620578355
0.1367258562690497,-0.0025946653410716673,0.24636470167325866,-0.0063172350652322,-0.1275959411001754,0.096009765774014,-0.5090437888571269,-0.13834095692838896,-0.5094819068908691,-0.1383151859045028,1.6251160462935506
0.13310781706729594,-0.002026891780562392,0.22522803371381528,-0.0063172350652322,-0.1275959411001754,0.096009765774014,-0.5070953568485157,-0.1383449371434188,-0.5073568224906921,-0.1383039057254791,1.6267668390937875
0.14077013605465302,-0.0016144597880780108,0.2416442872068305,-0.0063172350652322,-0.1275959411001754,0.096009765774014,-0.5044590904375772,-0.13835010231715064,-0.5039053559303284,-0.1383202970027923,1.6321499808771558
0.13924375574894152,-0.0010705658333891475,0.22167918417786564,-0.0063172350652322,-0.1275959411001754,0.096009765774014,-0.5023076743602031,-0.13833997787866475,-0.5024179816246033,-0.1383006721735,1.6338465345296656
0.1377569878801111,-0.0004425085116753992,0.20418641921767197,-0.0063172350652322,-0.1275959411001754,0.096009765774014,-0.5001780616648437,-0.1383155872567519,-0.5002855062484741,-0.1382701992988586,1.6354973161318576
0.13645915780097687,0.0001774509597321991,0.18928607112690332,-0.0063172350652322,-0.1275959411001754,0.096009765774014,-0.49805974693738614,-0.13828168305117675,-0.4981535375118255,-0.1382368803024292,1.6371490305799161
0.13535794608091697,0.000747126288689837,0.17658976496333956,-0.0063172350652322,-0.1275959411001754,0.096009765774014,-0.49594919942535876,-0.13824118368309793,-0.4960287809371948,-0.1382000148296356,1.6388010869694944
0.1394950359068013,0.0010839239763970334,0.2002913434388244,-0.0063172350652322,-0.1275959411001754,0.096009765774014,-0.49350997714661726,-0.13820696460778703,-0.4932110011577606,-0.1381826251745224,1.6441962891561877
0.14093440502254914,0.0015148357227530579,0.18635128965095574,-0.0063172350652322,-0.1275959411001754,0.096009765774014,-0.4911829026169193,-0.13816113506801947,-0.4910788834095001,-0.1381299942731857,1.6458852782370719
0.14079392207088698,0.0019656418795206275,0.17408551763117366,-0.0063172350652322,-0.1275959411001754,0.096009765774014,-0.48893723919735554,-0.13810709575866842,-0.4889473915100097,-0.138074517250061,1.6475372864662547
0.14485396000519832,0.00227025642473632,0.19822099600142168,0.0,0.0,0.0,-0.48641613505680725,-0.138055508000256,-0.486122727394104,-0.1380334943532943,1.6529388531120734
0.14563107997861846,0.0026820112025411525,0.1845905101970983,-0.0063172350652322,-0.1275959411001754,0.096009765774014,-0.4840470977730249,-0.13799196357207774,-0.4839909374713897,-0.137962207198143,1.6546280291537971
0.14048696580032055,0.0027302686535255623,0.2028897456729086,-0.0063172350652322,-0.1275959411001754,0.096009765774014,-0.4820570680998303,-0.13794586118451715,-0.4824288189411163,-0.137942373752594,1.659564398462164
0.12617364534498224,0.0026834717338766133,0.15003573608072257,-0.0063172350652322,-0.1275959411001754,0.096009765774014,-0.4807555030446281,-0.13790527054143137,-0.4817898869514465,-0.1379086524248123,1.6570682851143812
0.11583204815603655,0.0025894279707674166,0.11712515776898336,-0.0063172350652322,-0.1275959411001754,0.096009765774014,-0.47942038804405734,-0.13786855204803825,-0.4801677465438843,-0.137875348329544,1.6559086419070188
0.11253295275086943,0.00278805927946109,0.1148701745449271,-0.0063172350652322,-0.1275959411001754,0.096009765774014,-0.4777851721973542,-0.13781399006239844,-0.4780235886573791,-0.1377996355295181,1.6575384342453656
0.1132162028474752,0.003150495659410919,0.11316922132688663,-0.0063172350652322,-0.1275959411001754,0.096009765774014,-0.47593947658869773,-0.13774542113404467,-0.4758901000022888,-0.1377192288637161,1.6591918527963019
0.11012932846039507,0.0030417230398348625,0.13098324255354382,-0.0063172350652322,-0.1275959411001754,0.096009765774014,-0.4743320847389778,-0.13770220395453614,-0.4745551645755768,-0.1377100646495819,1.66293500586694
0.12196288520147719,0.0037948238224840545,0.1424110228138887,-0.0063172350652322,-0.1275959411001754,0.096009765774014,-0.4717877215497278,-0.13760375032522743,-0.4709325432777405,-0.1375493258237838,1.6662724076573951
0.12943282044451668,0.0044647101418559074,0.1368016844121349,-0.0063172350652322,-0.1275959411001754,0.096009765774014,-0.4693424921721492,-0.13749874823332595,-0.468802660703659,-0.1374503374099731,1.6679418523741807
0.13370755055505676,0.005037478690984505,0.13186366493644844,-0.0063172350652322,-0.1275959411001754,0.096009765774014,-0.46698897276610335,-0.1373894482314296,-0.4666800498962402,-0.1373480558395385,1.6695952199204778
0.13008864420574898,0.004923314236802254,0.14691044280526666,-0.0063172350652322,-0.1275959411001754,0.096009765774014,-0.465088890974392,-0.1373163957673488,-0.4653504192829132,-0.137324646115303,1.6733366597022137
0.1238972612481498,0.0048774354701276515,0.14082674774757034,-0.0063172350652322,-0.1275959411001754,0.096009765774014,-0.46341677322111396,-0.1372406556975834,-0.4638642072677612,-0.1372439712285995,1.675026316993572
0.12172689673432706,0.005144324962444332,0.13529492443913832,-0.0063172350652322,-0.1275959411001754,0.096009765774014,-0.4615778957120647,-0.13714497317323185,-0.4617347419261932,-0.1371256858110427,1.676679769865027
0.13723364921343117,0.006462481170402202,0.14570554229851077,-0.0063172350652322,-0.1275959411001754,0.096009765774014,-0.45860514344500913,-0.13697552317348347,-0.4574845135211944,-0.1368802636861801,1.6799732373234233
0.1447791051214914,0.007326958624051409,0.13960732712160728,-0.0063172350652322,-0.1275959411001754,0.096009765774014,-0.4559105893156821,-0.13681497451415575,-0.4553653001785278,-0.136752501130104,1.681642311827393
0.14728888604730053,0.007879633569725316,0.13425367579901165,-0.0063172350652322,-0.1275959411001754,0.096009765774014,-0.45342820678924284,-0.13666120688645939,-0.4532468318939209,-0.1366212666034698,1.6832956025137824
0.14687597553320647,0.008230869940762015,0.12968951185061403,-0.0063172350652322,-0.1275959411001754,0.096009765774014,-0.45109888134139686,-0.1365119131807531,-0.4511287212371826,-0.136486530303955,1.684948794769844
0.1392720773742012,0.0077796187819169854,0.14504763778575325,0.0,0.0,0.0,-0.44925154498085595,-0.13641005061772904,-0.4498010575771332,-0.1364426612854004,1.6886890889693758
0.14529160268636945,0.008483806247337342,0.15431552701578372,-0.0063172350652322,-0.1275959411001754,0.096009765774014,-0.4466252523709959,-0.13623902422293718,-0.4461902379989624,-0.1361881345510482,1.6920170690598617
0.14135239089331142,0.008249774344796037,0.16616837441354035,-0.0063172350652322,-0.1275959411001754,0.096009765774014,-0.44456100052898845,-0.13611875472703006,-0.4448456764221191,-0.1361356675624847,1.6957735024358829
0.13377876876092984,0.0079860360942782,0.15746439890451822,-0.0063172350652322,-0.1275959411001754,0.096009765774014,-0.4428000400321376,-0.1360041935717398,-0.4433473646640777,-0.1360232532024383,1.6974865959546979
0.13944327595591505,0.008574972651123988,0.1838729603012841,-0.0063172350652322,-0.1275959411001754,0.096009765774014,-0.44028510993272696,-0.135837483518359,-0.4398757517337799,-0.135794922709465,1.7028671157878952
0.1370999612497523,0.008780858652560772,0.1727409427801003,-0.0063172350652322,-0.1275959411001754,0.096009765774014,-0.4382089295966931,-0.13568667322389152,-0.4383782744407654,-0.1356717944145202,1.7045969240013783
0.13538833706565268,0.009183296739084534,0.16248266980936002,-0.0063172350652322,-0.1275959411001754,0.096009765774014,-0.43612848243674446,-0.13551957506881238,-0.4362521767616272,-0.1354904919862747,1.7062496824840838
0.14381318311904534,0.010197299467027212,0.18814884144605887,-0.0063172350652322,-0.1275959411001754,0.096009765774014,-0.4334053184914909,-0.13530560852883414,-0.4327964782714844,-0.1352323293685913,1.7116291138909265
0.14231831565441835,0.010538602762790707,0.1762131613327014,-0.0063172350652322,-0.1275959411001754,0.096009765774014,-0.431203130407086,-0.13511988882548895,-0.431311160326004,-0.1350952237844467,1.7133396917710348
0.14042832049835416,0.010942158584387105,0.16543683761818187,-0.0063172350652322,-0.1275959411001754,0.096009765774014,-0.42905098134243536,-0.1349245928733059,-0.4291875660419464,-0.1348954290151596,1.714992106054458
0.13854296533602914,0.011351378260027611,0.15625675480291443,-0.0063172350652322,-0.1275959411001754,0.096009765774014,-0.4269287654591189,-0.13472246560135667,-0.4270650148391723,-0.1346928924322128,1.7166447217687824
0.14188050354738632,0.011956487540307427,0.18302637519340764,-0.0063172350652322,-0.1275959411001754,0.096009765774014,-0.4244914397091332,-0.13450084092533116,-0.4242502450942993,-0.1344571113586425,1.722044629068837
0.1425517424661422,0.012468155973085983,0.17165575530451105,-0.0063172350652322,-0.1275959411001754,0.096009765774014,-0.4221769773238601,-0.1342757116975657,-0.4221284687519073,-0.1342387348413467,1.723734463503745
0.14174512573439563,0.01289135273924082,0.1615528524240551,-0.0063172350652322,-0.1275959411001754,0.096009765774014,-0.419949473342704,-0.13404824446852168,-0.4200077652931213,-0.1340176612138748,1.725386797703213
0.14020611514119774,0.013240518079814951,0.1529479722647716,-0.0063172350652322,-0.1275959411001754,0.096009765774014,-0.4177832923947423,-0.1338189001679888,-0.4178945124149322,-0.1337936669588089,1.7270394979993684
0.1434618006319629,0.013810015609020482,0.18015041938464263,-0.0063172350652322,-0.1275959411001754,0.096009765774014,-0.41532476737558405,-0.1335694034799922,-0.41508948802948,-0.133528247475624,1.7324335645930047
0.14388849719773172,0.014247604367568655,0.16920455883415209,-0.0063172350652322,-0.1275959411001754,0.096009765774014,-0.4130011704669006,-0.13331951506952341,-0.4129703342914581,-0.1332878917455673,1.734123398065224
0.14278237143592082,0.014585520100274502,0.1594646227510368,-0.0063172350652322,-0.1275959411001754,0.096009765774014,-0.4107720783824809,-0.13306921443312164,-0.4108520150184631,-0.1330447942018509,1.7357758016988951
