vx,vy,omega,vx_cmd,vy_cmd,omega_cmd,filtered_x,filtered_y,x,y,filtered_theta
0.0,0.0,0.0,1.39231,0.0,0.0,0.110626,-0.15029,0.110626,-0.15029,-2.82309
-0.2989359652697087,-0.10133687882239134,-0.1673996670002365,1.39231,0.0,0.0,0.10132752972598107,-0.15344210635341826,0.0991685,-0.154174,-2.8293645612063396
-0.433574591410744,-0.14930152079536613,-0.28409528705730336,1.39231,0.0,0.0,0.09051228663585702,-0.1572124752493226,0.0875943,-0.158252,-2.8380396543435062
-0.5091305808505386,-0.18455412423636094,-0.4102916386558535,1.39231,0.0,0.0,0.07937004670302739,-0.16156327290495853,0.0764172,-0.162941,-2.8506018874492014
-0.5642588917255064,-0.21304713940891673,-0.5247349641206639,1.39231,0.0,0.0,0.06777318261384181,-0.1662996685719,0.0647736,-0.16785,-2.865607127897965
-0.6106064914996459,-0.2342646569419677,-0.5950608993827998,1.39231,0.0,0.0,0.055689401180185186,-0.17110726714165883,0.0526908,-0.17248,-2.8797757240453348
-0.6524924741312905,-0.2484487550890581,-0.6538647206603213,1.39231,0.0,0.0,0.04311532555529788,-0.17580516265620366,0.0401805,-0.176799,-2.8945090580156916
-0.6890277364499714,-0.2641129491515963,-0.6981933907345574,1.39231,0.0,0.0,0.030229845905336346,-0.18082887370657375,0.0275916,-0.18196,-2.909126874564937
-0.7197222623703468,-0.28011242416502696,-0.7329607292410701,1.39231,0.0,0.0,0.017159857863711006,-0.18612091773068326,0.0149266,-0.187285,-2.9236926024453425
-0.7488573329180739,-0.29581028632318784,-0.7369062665573167,1.39231,0.0,0.0,0.0037104746985788177,-0.1916446549303169,0.00159215,-0.192786,-2.935816714574563
-0.7778049094824686,-0.3122976309230364,-0.7489195132531361,1.39231,0.0,0.0,-0.010187820799882837,-0.19746922331812322,-0.0122873,-0.198665,-2.948839776529731
-0.8017073522418414,-0.3265062112248319,-0.7628758421083743,1.39231,0.0,0.0,-0.024213317599885726,-0.2034055689330076,-0.0259434,-0.204434,-2.9622779355544036
-0.820516824493268,-0.3371230396260944,-0.7768429246449663,1.39231,0.0,0.0,-0.03828391193579838,-0.20933142406647223,-0.0396438,-0.210099,-2.975957777421832
-0.8396776989327046,-0.3438347715022093,-0.7526402020091599,1.39231,0.0,0.0,-0.05267858599329692,-0.21516899301379602,-0.0540632,-0.215654,-2.9858120446921537
-0.8583750117769904,-0.3535828878573442,-0.7328094760619517,1.39231,0.0,0.0,-0.06734925929399789,-0.22131466738810698,-0.0687002,-0.222019,-2.9957378532855423
-0.8726450057180731,-0.36409927670495446,-0.7466556424070621,1.39231,0.0,0.0,-0.0820265254256755,-0.2276671411521792,-0.0830576,-0.228427,-3.0089475599680795
-0.885798397645112,-0.37029504365142957,-0.7477210792715405,1.39231,0.0,0.0,-0.09685834863174818,-0.23390229987790895,-0.0978088,-0.23435,-3.0210090338931326
-0.9011043304592445,-0.3738361332038322,-0.7560490010716316,1.39231,0.0,0.0,-0.11204295047147499,-0.24006111096158195,-0.113149,-0.240317,-3.0338724738421745
-0.9191091377751508,-0.3799320518842527,-0.7573372464011408,1.39231,0.0,0.0,-0.12765087847979434,-0.24644547704180583,-0.128952,-0.246886,-3.0461088266068272
-0.9336159478384227,-0.38360042603221894,-0.7818896514468442,1.39231,0.0,0.0,-0.1433156433561088,-0.2527668993752916,-0.144364,-0.253032,-3.060888024719405
-0.9441199995222253,-0.3794052689361967,-0.8447601596262562,1.39231,0.0,0.0,-0.15894790283718688,-0.2586271717612411,-0.159707,-0.258324,-3.080247536092287
-0.9569197907180069,-0.37164626341866647,-0.8884686938734291,1.39231,0.0,0.0,-0.17489999403661272,-0.2641847221449078,-0.175825,-0.263624,-3.0985642468706036
-0.9751621103960357,-0.3669990349565604,-0.891095762061255,1.39231,0.0,0.0,-0.1914166768508923,-0.2698238426433106,-0.192735,-0.269488,-3.1130675920384245
-0.9910444808248542,-0.3663787859689025,-0.9514943594567496,1.39231,0.0,0.0,-0.20806922435076763,-0.2756548237048547,-0.209217,-0.27561,-3.1338975460529364
-1.0001722907627761,-0.3665169299281953,-1.0395199463103366,1.39231,0.0,0.0,-0.22452935827767512,-0.28152601671596406,-0.225189,-0.281536,3.124341587563326
-1.0036402865857101,-0.35993853486436256,-1.125085258941373,1.39231,0.0,0.0,-0.2407613775400824,-0.28695540240455447,-0.241012,-0.28648,3.0981532479519895
-1.014107311168063,-0.35044682085256795,-1.1791533670023762,1.39231,0.0,0.0,-0.2575115771949556,-0.292086939818044,-0.258268,-0.291401,3.074099783594932
-1.029237941952782,-0.3449321888357368,-1.1993110468068133,1.39231,0.0,0.0,-0.27473755137151523,-0.29732952712693855,-0.275831,-0.296931,3.0529976896260203
-1.0423373992669365,-0.3414240331968665,-1.2444264959676816,1.39231,0.0,0.0,-0.2920713386380793,-0.302616524654898,-0.293018,-0.302363,3.0288585767669507
-1.0536057598045283,-0.33610293116613715,-1.2474508365507873,1.39231,0.0,0.0,-0.30949366690555186,-0.3077275412531931,-0.310308,-0.307343,3.0086127929322637
-1.0671532692093024,-0.33119462702618996,-1.2738443681666025,1.39231,0.0,0.0,-0.3272469591433121,-0.3127807095002101,-0.328226,-0.312426,2.98577354495898
-1.0795079907823224,-0.3291651933603372,-1.3008728176777804,1.39231,0.0,0.0,-0.3451381585992838,-0.31794566153228715,-0.346031,-0.317799,2.9624135998841115
-1.0881201735491137,-0.32490645253075606,-1.3527449906454094,1.39231,0.0,0.0,-0.36297962147781376,-0.32293076736811827,-0.363602,-0.322623,2.935872498968094
-1.097583246456213,-0.3129298182297037,-1.380692676200668,1.39231,0.0,0.0,-0.3810151300100205,-0.3273375180890875,-0.381699,-0.326472,2.911103658649472
-1.1112817733364222,-0.30151596801654407,-1.3734550781243782,1.39231,0.0,0.0,-0.39948204551700456,-0.33158984724712115,-0.400472,-0.330765,2.889813144919693
-1.130710426515363,-0.2965938277594921,-1.377173409426343,1.39231,0.0,0.0,-0.4185469452074605,-0.3360887094026958,-0.419951,-0.335733,2.867433394552949
-1.1507767790942225,-0.2903990045491015,-1.3451592113800575,1.39231,0.0,0.0,-0.4379648604433649,-0.3404246826642233,-0.439415,-0.339977,2.848899166267863
-1.1694413146699458,-0.28111941095582693,-1.3198587730037383,1.39231,0.0,0.0,-0.4576111658640158,-0.34445761045027823,-0.45896,-0.343787,2.8300972429614055
-1.1896094565938777,-0.27481394389103264,-1.2689453579604613,1.39231,0.0,0.0,-0.4776555044103181,-0.3485386785881656,-0.479113,-0.348083,2.8144734514195875
-1.2112733217604117,-0.2713472730357807,-1.2392009011633665,1.39231,0.0,0.0,-0.49812141264674253,-0.35270652667227975,-0.499687,-0.352456,2.797344209692952
-1.2303245094787933,-0.26289863467147734,-1.2133147366689618,1.39231,0.0,0.0,-0.518761223587906,-0.3564895596242203,-0.520138,-0.355879,2.7803065566700513
-1.243763208335394,-0.2495585551454559,-1.2066419406454034,1.39231,0.0,0.0,-0.5393348225664226,-0.3598140504885215,-0.540306,-0.35885,2.761613929352202
-1.2545163259837917,-0.23785858317194308,-1.1821380920381919,1.39231,0.0,0.0,-0.5599459020597779,-0.363033524471931,-0.560723,-0.362188,2.7449768867018047
-1.2675882864957324,-0.2260265469562341,-1.177847806144255,1.39231,0.0,0.0,-0.5808823257277882,-0.36605706838784036,-0.581827,-0.365202,2.726526095405461
-1.2813859903229197,-0.2075587079571563,-1.1919430498488037,1.39231,0.0,0.0,-0.6020758782745135,-0.36845261942069535,-0.603073,-0.367118,2.7061427160256732
-1.2898264107439381,-0.18650322827362506,-1.2010497123818356,1.39231,0.0,0.0,-0.6231360342637113,-0.37038162102448063,-0.623746,-0.36886,2.6860682589864937
-1.2965670864763508,-0.16560591314634587,-1.2016945442746125,1.39231,0.0,0.0,-0.6442188700904558,-0.371984190911383,-0.644706,-0.370474,2.6667805956500543
-1.306265756165096,-0.146448699898409,-1.1879452683479317,1.39231,0.0,0.0,-0.6656051040845562,-0.3733674385825766,-0.666306,-0.371983,2.649057076474451
-1.3167419293172156,-0.1247857489354689,-1.2037600750823438,1.39231,0.0,0.0,-0.6871979160691674,-0.37427852128628575,-0.687955,-0.372713,2.628334319663524
-1.324981932362671,-0.10142830875599908,-1.2153903114598443,1.39231,0.0,0.0,-0.7088105178706822,-0.3747309773146633,-0.709406,-0.373043,2.607790485252311
-1.3352639046616064,-0.07975659558167292,-1.2092151869586834,1.39231,0.0,0.0,-0.7306899504253358,-0.3749211545069611,-0.731433,-0.373355,2.589024197793581
-1.34595820401703,-0.06139161526310653,-1.2115532578045285,1.39231,0.0,0.0,-0.7527611526944105,-0.3749831861095988,-0.753534,-0.373656,2.5694221389656056
-1.3577703973781055,-0.039310712799293546,-1.2358961138018973,1.39231,0.0,0.0,-0.7750773656001382,-0.3745057254801821,-0.775931,-0.37291,2.547371576692533
-1.3689017756977964,-0.010861298028333768,-1.2793299504685822,1.39231,0.0,0.0,-0.7975375662118708,-0.37325396017285467,-0.798342,-0.371198,2.5227649978059326
-1.375904508366852,0.015543272743103635,-1.3118027067599969,1.39231,0.0,0.0,-0.8199029319636402,-0.3716821849775979,-0.820409,-0.369774,2.4986260767955617
-1.3802954351636472,0.03635979265982074,-1.3413225206400639,0.367778,-0.466807,-8.27181,-0.8422076799184162,-0.3700573520659657,-0.842525,-0.368553,2.4743246316560734
-1.2229884326329223,0.04302713319817093,-1.1513782645958337,0.367778,-0.466807,-8.27181,-0.8538931400731116,-0.3690348301787951,-0.842525,-0.368553,2.4739953638964645
-0.9994228799089375,0.04153406382905233,-0.9605209429316732,0.367778,-0.466807,-8.27181,-0.858681461428934,-0.36844510002444936,-0.842525,-0.368553,2.474494851389369
-1.2290142000508042,0.09260209374390573,-1.5100708826953646,0.288138,-0.316865,-8.12325,-0.8898500730993931,-0.36440454465465716,-0.906442,-0.360714,2.4067011810910115
-1.3943666605093,0.13520297904951073,-1.5925782216073656,0.219247,-0.224623,-8.03382,-0.920445437032778,-0.36010664763552463,-0.932395,-0.357028,2.367900653420434
-1.4858186359032537,0.17229340785424574,-1.6554706423625127,0.0969233,-0.0928302,-7.94664,-0.9488010197924077,-0.35549142225228747,-0.95541,-0.352811,2.334649905213322
-1.5181284583430843,0.20614140699219108,-1.7564198663713788,0.117611,-0.104316,-7.83939,-0.9747100588891514,-0.3504971008677574,-0.977045,-0.348051,2.2964016817994337
-1.501000301275193,0.23312481952764832,-1.8554122951930057,0.136536,-0.111646,-7.71988,-0.9978678043291749,-0.34541501626385784,-0.99663,-0.343465,2.256254124860242
-1.4429421943481284,0.2538150635865135,-1.971160073609341,0.153586,-0.114719,-7.58129,-1.0180456981018542,-0.34031722646051377,-1.01385,-0.338822,2.212325239038891
-1.3637172778140512,0.27006207523676434,-2.0998604726872134,0.171608,-0.115808,-7.42522,-1.0358953646306308,-0.33518212639766914,-1.03017,-0.334008,2.1643864134581885
-1.2781179018641482,0.27929156204058503,-2.235700663492211,0.177346,-0.106814,-7.25158,-1.0520560291043266,-0.33025098937174313,-1.04587,-0.329584,2.1127915074545807
-1.1917158216592352,0.2842008506115814,-2.3847979114252906,0.189837,-0.100271,-7.05771,-1.0667940383109191,-0.32545778064699316,-1.06055,-0.325103,2.0565526438026787
-1.1044062391415972,0.2876954552542732,-2.5515084857537333,0.202684,-0.0914349,-6.83822,-1.0800896209820128,-0.320679545369495,-1.07378,-0.320427,1.9942328812988754
-0.9311085677519193,0.25625500835188153,-2.2844569583848076,0.202684,-0.0914349,-6.83822,-1.0863037412893755,-0.3181548862441117,-1.07378,-0.320427,1.9924932569595155
-0.8994448407245975,0.28325264130318384,-3.4718464630374672,0.234888,-0.0708422,-6.37053,-1.0991082495902433,-0.31227004393380653,-1.09682,-0.310319,1.8765467875490123
-0.8551496078550328,0.3055181844895458,-3.4952432527954116,0.0,0.0,-6.12064,-1.1105710934270645,-0.30626606895226766,-1.10737,-0.304657,1.7922422303967636
-0.7331373364448658,0.2818201580685007,-3.14701966235138,0.0,0.0,-6.12064,-1.1161874879040008,-0.3029444094638087,-1.10737,-0.304657,1.7905195777477105
-0.65402145614831,0.278714741120213,-3.3673328525092496,0.272761,-0.0420066,-5.86569,-1.1226874848846484,-0.2986405801440139,-1.11697,-0.298865,1.7241035692529971
-0.5985792851080242,0.28293618960016065,-3.5036544099644145,0.574967,-0.0467175,-5.60306,-1.1294866516824023,-0.29390207235443694,-1.12548,-0.293597,1.65178654280706
-0.5553351558402775,0.2912403678110264,-3.5894592376085255,0.573274,-0.00735916,-5.35373,-1.1362051330897331,-0.28882611989024304,-1.13308,-0.288226,1.5836173844170323
-0.5165963434094976,0.3034193748769725,-3.6743751056290015,0.569975,0.0317802,-5.10342,-1.1425295463577223,-0.2833611430073022,-1.13973,-0.282481,1.515122310514701
-0.47992009336351965,0.31726890384874745,-3.7518152413884325,0.564002,0.0705679,-4.85189,-1.1483704907039833,-0.27759086698471674,-1.14572,-0.27659,1.4463495266975457
-0.44263590004222264,0.3247743211436179,-3.819008020034626,0.551999,0.107922,-4.59766,-1.1535844250756204,-0.2720183956578066,-1.15089,-0.271476,1.3777539828748255
-0.4027689681416301,0.32587283003260614,-3.868661229532248,0.70023,0.186578,-4.3467,-1.158031072417883,-0.266749386185743,-1.15515,-0.26667,1.3104235288554875
-0.36016472419235107,0.32321643802833055,-3.9101623573213375,0.679105,0.23061,-4.09638,-1.1616588903553726,-0.2617110299293237,-1.15858,-0.261903,1.2434717187896738
-0.31672109621172706,0.3237842193395241,-3.956016226009621,0.65662,0.274086,-3.84331,-1.164549550307504,-0.2565020319780601,-1.16141,-0.256461,1.1753944494982906
-0.26998524890307085,0.32776964439158507,-3.982804343886508,0.679742,0.338451,-3.59637,-1.166527469852536,-0.25105801559697805,-1.16315,-0.25077,1.1088427833099699
-0.22281474324705514,0.3365985402013172,-3.9631819683610234,0.684563,0.394998,-3.37138,-1.1677288814038165,-0.24523003977344454,-1.16432,-0.244592,1.0474289559110297
-0.17357245586078707,0.34958830690712106,-3.955774933585934,0.653375,0.43366,-3.14189,-1.1680386033140397,-0.2389857343541797,-1.16448,-0.238047,0.9848271456497517
-0.12785792679472258,0.3652726170639121,-3.89862697690716,0.622603,0.466281,-2.93643,-1.1677936620203722,-0.2323554615239249,-1.16449,-0.231222,0.9279226156738324
-0.08529694965807338,0.3807602028866318,-3.823798905437517,0.606427,0.508104,-2.73982,-1.1670257635830195,-0.2254872448028029,-1.16395,-0.224368,0.8733232174383033
-0.045112654075025106,0.3956406132822266,-3.7412666338330562,0.573024,0.533973,-2.55097,-1.1657340074095761,-0.21841136592142152,-1.16283,-0.217336,0.8205896158582289
-0.009298392836930125,0.4097407873800799,-3.588340484845729,0.547328,0.557253,-2.39672,-1.1640881971674475,-0.21114898041168478,-1.1615,-0.21013,0.7762926664099563
0.02435624614330771,0.42336408239937035,-3.370799812376287,0.0,0.0,-2.27205,-1.1620121272663155,-0.20369251768544994,-1.15958,-0.202708,0.7393837003461539
0.054147883230176774,0.43558224646077287,-3.0684043187848062,0.0,0.0,-2.18881,-1.159652958850924,-0.1961109727745855,-1.1575,-0.195228,0.7128618714418586
0.07630929691085978,0.44487333122372186,-2.73225299031281,0.0,0.0,-2.13196,-1.1573215438021647,-0.18852744088512988,-1.15572,-0.187856,0.6930181169039388
0.09286279102004734,0.45224796697799496,-2.3831544842731986,0.0,0.0,-2.10347,-1.1550062750335663,-0.18092194443917956,-1.15381,-0.180389,0.6800101937565103
0.1015382569450192,0.45482774035393314,-2.05705763758186,0.0,0.0,-2.09091,-1.152946951821902,-0.17351543305525335,-1.15232,-0.173329,0.6710847897427532
0.10538532815055192,0.4538824071109583,-1.8089843060795412,0.0,0.0,-2.07487,-1.1510680171488372,-0.16630068339267154,-1.15079,-0.166369,0.6610805811984052
0.10547097852802993,0.4423598674257612,-1.637341163162037,0.0,0.0,-2.04524,-1.1493761897148431,-0.15980029806663423,-1.14937,-0.160633,0.6487352039950738
0.10040254624236511,0.4201343737277069,-1.5047173835047407,0.0,0.0,-2.01011,-1.14802371847885,-0.1541918253129946,-1.14839,-0.155798,0.6358790438821269
0.0899041260290203,0.386975826001144,-1.398273895426076,0.0,0.0,-1.97006,-1.147111308335855,-0.1496617238704431,-1.14787,-0.152058,0.6227357881822257
0.0765552306127529,0.3462757262428646,-1.3589141814824273,0.0,0.0,-1.90666,-1.1465553124115768,-0.14616071685558713,-1.14752,-0.149102,0.6044588713215755
0.06087634169318938,0.29971616096569564,-1.320408201523716,0.0,0.0,-1.84308,-1.1463669302538293,-0.14369826956016685,-1.1475,-0.147063,0.5868586042832834
0.044059099962262364,0.24817381227856478,-1.2832294287249648,0.0,0.0,-1.778,-1.146504664658503,-0.1423101776453307,-1.14772,-0.146035,0.5697330322223606
0.027796944731804985,0.19420029064240493,-1.2653036534787974,0.0,0.0,-1.70423,-1.1468747792178584,-0.1419074835301172,-1.14805,-0.145808,0.5511317097995312
0.014933582303286628,0.13880948037106183,-1.2792555814619946,1.50681,-0.779378,-1.61462,-1.1472804005317878,-0.14246206001768874,-1.14821,-0.146465,0.5293685581853783
0.0036704699200644873,0.08578780247747854,-1.3229935476166375,1.50972,-0.771333,-1.50929,-1.1477860461570575,-0.14374627063316564,-1.1486,-0.147578,0.5040449600916118
-0.005310043063060047,0.039050174796560144,-1.3821237571273974,0.279831,0.542631,-1.39324,-1.1483210032746278,-0.14546340148490627,-1.14897,-0.148841,0.4761613150336864
-0.012349130910070054,0.0007095133595257028,-1.4558181088444488,0.263993,0.552842,-1.26611,-1.1488713046759242,-0.14737322690852986,-1.14938,-0.150144,0.44553852948735234
-0.0180662575411611,-0.02837172231692681,-1.5321519811938946,0.0,0.0,-1.13265,-1.1494468391405828,-0.14928437988550755,-1.14986,-0.151386,0.4132721340466252
-0.01910763354889894,-0.04698539236605247,-1.5921996391885462,0.0,0.0,-1.00261,-1.1498047426488696,-0.15096884177443523,-1.14988,-0.152314,0.38164748992475184
-0.010576742476808431,-0.054756951227618214,-1.61648737254725,1.59002,-0.586392,-0.887006,-1.149546503798914,-0.15223437103051113,-1.14893,-0.152796,0.3533409064227504
0.01100031092599557,-0.05115455848442631,-1.6015273324421961,1.60243,-0.547386,-0.789749,-1.1482893137082386,-0.15287233491608213,-1.14673,-0.152612,0.32915517179622383
0.03942524046694854,-0.04049653184172341,-1.5089456912295167,1.60943,-0.521953,-0.727515,-1.1462341906933022,-0.15298622597740705,-1.14418,-0.152216,0.3135213403266758
0.06134668452510842,-0.027523333432504092,-1.3971537574118147,1.67618,-0.272878,-0.67671,-1.144154201864182,-0.15277653700941235,-1.14257,-0.151839,0.30076109339352686
0.07177235080215656,-0.015693837108675966,-1.286707066979425,1.67836,-0.254116,-0.632442,-1.1424834339392795,-0.15243488483691225,-1.14173,-0.15158,0.2896107780057924
0.07910802542456995,-0.004875533483421221,-1.2094087049599036,1.68049,-0.23275,-0.582206,-1.1408501288264143,-0.15197080874968566,-1.14032,-0.151189,0.27690808292833047
0.08911270266991567,0.0048936745026703365,-1.1557622133214402,1.68229,-0.209539,-0.527755,-1.1389230102314687,-0.15140299352223724,-1.1382,-0.150697,0.26315053980075886
0.10354596275232987,0.011850801880620515,-1.1403242556512614,1.68415,-0.180965,-0.459941,-1.1365430516104742,-0.15086477226866343,-1.1355,-0.150362,0.24629074323796887
0.12209201705208853,0.016383108917928258,-1.1731321033110624,1.68613,-0.143999,-0.371944,-1.133660271823195,-0.15037553723881045,-1.13232,-0.150048,0.22449137093718144
0.14454399433179785,0.018228867940059963,-1.2315283150348122,1.68754,-0.101077,-0.269214,-1.1302225420262788,-0.14999138787699998,-1.1286,-0.149858,0.19915841274546725
0.16925821437008837,0.021088669736579614,-1.3157833886266033,1.68797,-0.0513282,-0.151186,-1.1262760280259176,-0.14951066993128814,-1.12449,-0.149304,0.16972217903023679
0.19843897133929073,0.023829412914806728,-1.374752152481163,1.6869,-0.00394211,-0.0380552,-1.1216388122418486,-0.14899206589568972,-1.11953,-0.148794,0.1416436933371151
0.1907337584713555,0.022505443363168547,-1.187264603666613,1.6869,-0.00394211,-0.0380552,-1.1189731656711612,-0.14869832039849837,-1.11953,-0.148794,0.14118997836889632
0.16465559328140023,0.019211744068403966,-0.9847421228097464,1.6869,-0.00394211,-0.0380552,-1.1176454034470191,-0.14855597350188351,-1.11953,-0.148794,0.14190187245495137
0.2550684928913934,0.041221345110917545,-1.5484507887799688,1.68372,0.0754162,0.243346,-1.1090338890872442,-0.14679357272454052,-1.1025,-0.145203,0.07386967853341371
0.3291625811228719,0.061319085041192434,-1.5969984694580783,1.67862,0.127546,0.36179,-1.1000545739226735,-0.14480540783312051,-1.0947,-0.143353,0.039864182033443704
0.38342061356239593,0.08231489891492542,-1.6149155235316848,1.67377,0.0716726,0.468244,-1.0912010772752692,-0.1424363091421595,-1.08728,-0.140919,0.01218354172453951
0.42444199975063657,0.10499430988050754,-1.608865885840732,1.66828,0.113692,0.562115,-1.0823545016221707,-0.13961997802694476,-1.07939,-0.137981,-0.012983038686963553
0.455541690163601,0.12683396350855888,-1.6172714022338863,1.66057,0.173322,0.661634,-1.0735074882310212,-0.13649629109701228,-1.07126,-0.134918,-0.03963666796035955
0.4791645528117331,0.14052822398065792,-1.6170820577334981,1.65153,0.21976,0.760501,-1.0646571586591282,-0.13356164616158198,-1.06295,-0.132572,-0.06549217533530713
0.49904183877282765,0.1471131740646866,-1.616436699622148,1.6416,0.261956,0.859948,-1.0556764762371904,-0.13087787604954246,-1.05424,-0.130402,-0.09129499361970106
0.5226862777281549,0.1511100230894243,-1.629370473098621,1.63079,0.310147,0.964823,-1.04612871791891,-0.12825984117574754,-1.04442,-0.127971,-0.11857131511856898
0.5517791641096024,0.15186941288516545,-1.6491043343382124,1.6193,0.355803,1.07466,-1.0358424620785769,-0.12579187899094885,-1.03374,-0.125737,-0.14682951181680307
0.5772461002791338,0.1474897907579567,-1.6662689814922158,1.60594,0.393231,1.18619,-1.0253304247296726,-0.1236514968754828,-1.02349,-0.123968,-0.17513474692412132
0.5959957379829417,0.1402750665315276,-1.6840504841742472,1.58954,0.434226,1.29928,-1.01485498423025,-0.12176861192270255,-1.0135,-0.12229,-0.2037802102804489
0.61188767894245,0.13188636587163582,-1.676525692598207,1.57356,0.470632,1.40252,-1.0042684664252377,-0.12007877190716969,-1.00312,-0.120685,-0.22988423341578093
0.6329916124552237,0.12240194377454201,-1.6534592614199226,1.56045,0.500495,1.49997,-0.993083122648116,-0.11859558716282373,-0.991558,-0.119281,-0.2542025486295062
0.6589229478818601,0.11485114689599538,-1.6198524086578778,1.5457,0.535196,1.59111,-0.9812409855738797,-0.11713632488574584,-0.979367,-0.117682,-0.27706394856655875
0.6861403620571112,0.11298453178148006,-1.5701551595485446,1.52961,0.569547,1.67134,-0.9688989269123077,-0.11542210491114181,-0.966932,-0.115557,-0.2977169236989528
0.7106438725737503,0.113904872216773,-1.4771114543754447,0.0,0.0,1.73057,-0.9563008006341402,-0.11355351044654745,-0.95453,-0.113487,-0.31311127501166813
0.7325083109979121,0.11665126145655054,-1.3740093460339642,0.0,0.0,1.78096,-0.9434850822253749,-0.11154947392087317,-0.941905,-0.111351,-0.3263090760339451
0.7566885567167041,0.12184766306440324,-1.2809538485684664,1.48584,0.641576,1.82802,-0.9301664391852315,-0.10933952950856511,-0.928419,-0.108964,-0.33887846512670117
0.7852805214216558,0.12579321417741252,-1.1798497398351233,1.47636,0.655542,1.86677,-0.9161692618605797,-0.10712913401817284,-0.914103,-0.106844,-0.3490174950610346
0.8180014828168738,0.1279427491552572,-1.027023875941459,1.47178,0.659393,1.87852,-0.9014416529810081,-0.10497434092142795,-0.899077,-0.104819,-0.35220744684612854
0.8474476965151198,0.13047395872251244,-0.8439986995655941,1.46677,0.658284,1.86832,-0.8864069960622164,-0.10275992348371038,-0.884279,-0.102577,-0.35010079150340373
0.85913932557838,0.1344655675038669,-0.6399218878454104,1.4585,0.647067,1.83498,-0.872074921552987,-0.10040846247791567,-0.87123,-0.10012,-0.3427195664900926
0.8540639432480209,0.13803494242072206,-0.43528844927102883,1.45042,0.629762,1.78628,-0.858664216218427,-0.09802104880949648,-0.859031,-0.0977631,-0.3315985677825584
0.8423508222340459,0.1422596100055871,-0.20394294763686954,1.44918,0.599928,1.70974,-0.8457735252834395,-0.09553320499020665,-0.84662,-0.0952279,-0.31366673214938207
0.8374360161097094,0.14514922376673614,0.00070978070004446,0.0,0.0,1.62752,-0.8326208206147547,-0.09306602435915412,-0.832976,-0.0928572,-0.2941666679896404
0.8459118364608875,0.14850919270803545,0.19829562108071588,0.0,0.0,1.53219,-0.8186615239909005,-0.0905215156213741,-0.818049,-0.0902787,-0.2715977119512868
0.8604587556750557,0.15926594133504998,0.3962306636813723,0.0,0.0,1.4166,-0.8041652654401803,-0.087434260340963,-0.803114,-0.0866569,-0.24520178885430935
0.8714717408276568,0.1752717238165178,0.5891562057559553,0.0,0.0,1.28529,-0.7896698778428405,-0.08382789343577723,-0.788874,-0.0826712,-0.2155272425589019
0.8786285805482246,0.19005576079911937,0.7841311418423976,0.0,0.0,1.13898,-0.7752532049248623,-0.0800462012825904,-0.774736,-0.0789778,-0.1818482730313414
0.8858491429504473,0.19930097234284874,0.987401152163603,0.0,0.0,0.974726,-0.7607178099860435,-0.07639412575501295,-0.760196,-0.075726,-0.1430969671955787
0.8852581683394429,0.2066484544976845,1.1399793522873178,0.0,0.0,0.816668,-0.7465832919065937,-0.07271958212398108,-0.746626,-0.0721886,-0.10682898266135817
0.866166333331347,0.21161976621628895,1.2573466224468637,0.0,0.0,0.669506,-0.7336812861211955,-0.06908456288757017,-0.735061,-0.0687253,-0.07357864019792919
0.828729200784756,0.2114372671130383,1.3657927316723637,0.0,0.0,0.524235,-0.7222975224314335,-0.06571071129679167,-0.725003,-0.0657239,-0.04026922682394342
0.7809595207537149,0.2057094756647124,1.4507699988344283,0.0,0.0,0.385745,-0.7121958179286104,-0.06270636842386802,-0.715648,-0.0631203,-0.008209333189582035
0.7218410711772867,0.19835423931471605,1.4971065571961042,0.0,0.0,0.259631,-0.7036086738805143,-0.05990125750187587,-0.707881,-0.0604328,0.020413187512652652
0.657322461712863,0.19179880497611934,1.534080470513119,0.0,0.0,0.134482,-0.696324419327085,-0.057160956971385,-0.700987,-0.0576347,0.04848066740968873
0.5900941436036177,0.1840645941001551,1.5573072419939369,0.0,0.0,0.0143781,-0.6902515962109104,-0.054603470065677645,-0.69511,-0.0551624,0.07558710909034112
0.5187742719957551,0.17541085847587048,1.5808346736038428,0.0,0.0,-0.107152,-0.6855249110059252,-0.05223051856656172,-0.690679,-0.0528559,0.10306798426778499
0.4445523853608476,0.1655105730434867,1.5909129892329192,0.0,0.0,-0.223553,-0.6821311904417354,-0.05007843387485314,-0.687495,-0.0507939,0.12946485799309684
0.3726345918328504,0.15589516409837784,1.5929616126577915,0.0,0.0,-0.337287,-0.6797727008497876,-0.04806592110719993,-0.68497,-0.0487608,0.1551411377283541
0.3075763676381137,0.1473004124137536,1.5785848685545825,0.0,0.0,-0.444062,-0.6781114228695782,-0.04613978117202325,-0.682813,-0.0467609,0.17908205213018458
0.24569539792445694,0.13745165164944836,1.5580764769768745,0.0,0.0,-0.545688,-0.6772810342244941,-0.04443405741947934,-0.681753,-0.0451458,0.20216691669353076
0.18764969933202516,0.12397837475930987,1.4950181835916678,0.0,0.0,-0.624833,-0.6771871986140191,-0.043125523707992615,-0.681382,-0.0440992,0.22043566429299433
0.1333105545196382,0.10764793172121516,1.4343246738670035,0.0,0.0,-0.700323,-0.6777770609588746,-0.042221444247704285,-0.681704,-0.0434016,0.2381892716306299
0.0858966956533111,0.08837843589237912,1.3175342239945904,0.0,0.0,-0.74578,-0.6787785321357109,-0.041772947067223454,-0.682205,-0.0431655,0.2491442836112258
0.04653407681473932,0.06550002161140528,1.1386584383967597,0.0,0.0,-0.757697,-0.6800063728861244,-0.04187134055628427,-0.682851,-0.0435247,0.2524505113483983
0.014756933829597571,0.04210163106428702,0.8904680193117097,1.27457,-0.293268,-0.731417,-0.6813625541535551,-0.04237016331602716,-0.683659,-0.0440611,0.24624654465194826
-0.009304848122397544,0.022350545592447427,0.61570297191995,1.27457,-0.293268,-0.731417,-0.6827171218621019,-0.043002243921582466,-0.684456,-0.0444296,0.23311765003986631
-0.026453864005936314,0.00815824018858368,0.34702871211916836,1.29362,-0.207688,-0.60598,-0.6839996882621643,-0.04358286151477116,-0.685239,-0.0446085,0.21507031435147977
-0.037366575239780854,-0.002797256236197296,0.09831335972405081,0.0647515,0.328785,-0.517461,-0.6851443686747064,-0.044176576707814975,-0.685933,-0.0449683,0.19354901630520524
-0.03874518900460972,-0.008195380627786478,0.09224136029750298,0.0647515,0.328785,-0.517461,-0.685833371413013,-0.04457819254624135,-0.685933,-0.0449683,0.194457699450569
-0.03636546958597255,-0.01290851416697925,-0.08331094366282389,0.0,0.0,-0.444395,-0.6862959757115102,-0.0450208949322354,-0.686124,-0.0453615,0.17698502882083758
-0.0253387690143175,-0.015436196415566848,-0.19054395578139655,1.29147,-0.21325,-0.390099,-0.686148869018074,-0.04539453142581082,-0.685352,-0.0455772,0.16359927645958805
-0.0030350134550325807,-0.013957532678244254,-0.2593239232222492,1.2921,-0.199077,-0.346961,-0.6850798304543045,-0.045543758920559695,-0.683468,-0.0454369,0.15289837267633563
0.024949678161639673,-0.008095364186837978,-0.2791100941062244,1.30321,-0.100369,-0.323583,-0.683278375921498,-0.04537954263173517,-0.681256,-0.0449559,0.1465716238416068
0.051653725237630635,0.003222900181839995,-0.24710934841724588,1.30039,-0.115177,-0.324934,-0.681113827298181,-0.04476083952371897,-0.679184,-0.0439429,0.14557734899231087
0.07007007062685383,0.017453567288472298,-0.19851599357126465,1.29274,-0.164114,-0.336566,-0.6790698981205626,-0.04376851077891889,-0.677739,-0.0427401,0.14684046710386367
0.07979562707979121,0.0312700028809287,-0.14817973978843557,1.29238,-0.159238,-0.351949,-0.6773058389472003,-0.042575875418127,-0.676603,-0.0415774,0.14907036853712521
0.08815773175517626,0.04373722150542178,-0.10730377606711358,0.0,0.0,-0.366715,-0.6754763060749138,-0.041251371255985006,-0.674872,-0.0403504,0.1511018016147549
0.10166290277141637,0.057662216988097564,-0.04621387269548666,1.29067,-0.150629,-0.395688,-0.6731729811918987,-0.03963102073981313,-0.672197,-0.0386247,0.15599058220885237
0.12072970412993847,0.07213174278059514,0.02036205547587147,0.0,0.0,-0.432011,-0.6702859047664933,-0.03775187243259553,-0.668908,-0.0367062,0.1624723439360089
0.11672775856720496,0.07134810989318992,0.017720712596674796,0.0,0.0,-0.432011,-0.6686187905116097,-0.03664956902816403,-0.668908,-0.0367062,0.16251144716115729
0.13992659463540214,0.0825003823148917,0.0440121875332789,0.0,0.0,-0.459448,-0.6652175154361448,-0.03477074374683761,-0.663541,-0.0339648,0.16564584043551056
0.17570385539695066,0.09688616746514013,0.05522025466852269,0.0,0.0,-0.480612,-0.6606135232457949,-0.03249972072901218,-0.658028,-0.0314601,0.16756703924257546
0.21509138160116345,0.1111830958727901,0.012318129148444913,0.0,0.0,-0.478891,-0.6551984270999976,-0.03000439929906915,-0.652352,-0.0289712,0.163797071730594
0.2500829175148004,0.12266686162067934,-0.014710949430657094,1.26499,-0.205491,-0.480948,-0.6494437410937848,-0.02746629984863076,-0.646915,-0.0266364,0.16106083575549007
0.27324755701549136,0.1312690463094157,-0.05461457637023233,1.26193,-0.199067,-0.475862,-0.6439110441452093,-0.02493495599053501,-0.642237,-0.0243133,0.15649159073075405
0.28001959721782665,0.13474402470940017,-0.0777844203973331,1.25781,-0.194062,-0.473729,-0.639091396532655,-0.022604927035456322,-0.638602,-0.0223538,0.1530972532151174
0.27122527595410245,0.13233624448631337,-0.06426442479904067,1.25288,-0.193628,-0.484049,-0.6351924588329471,-0.020608196412105224,-0.635828,-0.0207822,0.15332124486874368
0.24750612161267121,0.12398949958925605,-0.046218072957684285,1.24979,-0.194344,-0.494618,-0.6324208826076959,-0.019042603933596382,-0.634135,-0.0196458,0.15424897221770323
0.21661032802152386,0.11051435059563058,-0.028873275859656718,1.24664,-0.195309,-0.503491,-0.6305032468258651,-0.017949588416274326,-0.632736,-0.0189234,0.15538970659823534
0.18785868061703775,0.09767361289950605,-0.0017867927991415365,1.2439,-0.198046,-0.519262,-0.6289381983143244,-0.01703023555834638,-0.631016,-0.0179582,0.15786551295344584
0.16840043786691572,0.08880684211816214,0.0318385982914694,1.24063,-0.202141,-0.54143,-0.6272188068515622,-0.016053623107573974,-0.628625,-0.0166944,0.16148726990603873
0.16123441901883825,0.08336232813997027,0.0437487952428105,1.23776,-0.203944,-0.556452,-0.6249981317250922,-0.01499264009968812,-0.625516,-0.0153861,0.16329057849792641
0.16414231487440784,0.07867321776583563,0.02402463281505469,1.23547,-0.201702,-0.556954,-0.6222261455553302,-0.013968831019637655,-0.622016,-0.0143077,0.16185047818081164
0.17705551725609017,0.07629533373569364,0.0029953844060132857,1.23321,-0.198934,-0.556957,-0.6187462012631715,-0.012867256926917543,-0.617813,-0.0130391,0.15995428365350783
0.19563768190140488,0.0766077564062405,-0.0179536521849824,1.23083,-0.195741,-0.556799,-0.6146848814175536,-0.011625877918488394,-0.613342,-0.0116033,0.15772916799165224
0.2179948370467219,0.07908402034495689,-0.04946311912885229,1.22802,-0.190616,-0.551466,-0.6100766894940428,-0.01023645271577516,-0.608461,-0.0100575,0.1540206354482548
0.24252068523088452,0.08202571825027424,-0.09623170058335831,1.22537,-0.182822,-0.537196,-0.6049674149153181,-0.008776638335563098,-0.603195,-0.00856405,0.14814060033621276
0.26705601379294064,0.08521766636780655,-0.13754372116578295,1.22314,-0.174938,-0.522764,-0.5994651000358918,-0.007253213223203302,-0.597692,-0.00702254,0.14208942671517194
0.2925678160727166,0.09011897795438135,-0.17860423293063313,1.22097,-0.166301,-0.507725,-0.5935056670788217,-0.005565714172489172,-0.591662,-0.00521151,0.13540032818189102
0.3193108943193654,0.09808911686205508,-0.21311827336807265,1.21711,-0.15756,-0.495741,-0.5870566479724557,-0.003596919797764534,-0.585124,-0.00302094,0.1287645514383533
0.3445514766175553,0.10628198625849561,-0.28964351502163854,1.21315,-0.142492,-0.462846,-0.5802790667642033,-0.0014858789114410944,-0.578455,-0.000893803,0.11696914296559877
0.3684014169687142,0.11094415527318363,-0.37840396124666553,1.21111,-0.124439,-0.416785,-0.5731895689339028,0.0005228399968416069,-0.571466,0.000859762,0.10240326531260872
0.39302391649985624,0.1132969123817224,-0.4735761284347654,1.20924,-0.103691,-0.361821,-0.5656673996396662,0.002453482779739072,-0.563888,0.00262351,0.08553345133190901
0.41874394348599087,0.11409204421456406,-0.5821993770299307,1.20726,-0.0791298,-0.294154,-0.5576787148999007,0.004318798031321469,-0.55582,0.00437626,0.06541617546100703
0.44422400592179623,0.1133087344565967,-0.699256789711009,1.20458,-0.0510162,-0.214028,-0.5492943733284714,0.00609248762016916,-0.547453,0.00603588,0.04224660166837207
0.46834528147408555,0.1104433581001534,-0.7926927582757131,1.20078,-0.0237787,-0.135331,-0.5405921775751178,0.007716002789247683,-0.538849,0.00750893,0.01975224551015489
0.49457577590228,0.1089250489233607,-0.8719530769834061,1.19706,0.00284511,-0.0607175,-0.5313646049638568,0.009382723986334931,-0.529469,0.009273,-0.002376744838896495
0.5185424235611287,0.10803598309336578,-0.926484199584909,1.19152,0.0271235,0.00645793,-0.521867003046816,0.011066750317703598,-0.520135,0.0110025,-0.02273594272110993
0.5357443658037567,0.10306308731209289,-1.0092828004677372,1.18339,0.0557521,0.0938624,-0.5124331365787774,0.012466577363378686,-0.51119,0.0121072,-0.04703981496238702
0.5462753385335144,0.097276746526139,-1.0819409861903135,1.17362,0.0844868,0.182002,-0.503165044144075,0.013733062774111944,-0.502404,0.0133149,-0.07184776097233572
0.5584353011794029,0.09227230847765285,-1.1451066197933664,1.16496,0.112978,0.269032,-0.4936207667199702,0.014958656835405584,-0.492742,0.014597,-0.09665317206909821
0.5756190149638754,0.08691503979169299,-1.1856907475117267,1.15697,0.139226,0.349951,-0.4835498192587453,0.01608085492541021,-0.482308,0.0156937,-0.1197344226508226
0.593013121166108,0.08064155432202116,-1.2266701234559327,1.14686,0.165586,0.434159,-0.4731900237343054,0.017056767367113427,-0.471933,0.0166034,-0.14335968423983872
0.6075374871397922,0.07549806317016484,-1.2522161101217721,1.13495,0.19005,0.512426,-0.46274163558014353,0.0180070058168958,-0.461692,0.0176353,-0.16589069072846643
0.6185874039974949,0.07241171203260621,-1.2743958658428534,1.12169,0.213881,0.589023,-0.45229054679457176,0.01901094202280964,-0.451492,0.0187879,-0.18839660582572992
0.6292695713523457,0.07038079051814451,-1.289680017526381,1.10859,0.236864,0.663611,-0.4416869705596109,0.020035269055938162,-0.440915,0.0198885,-0.21048331841417978
0.6441469166157906,0.06959118653465142,-1.2878133301886328,1.09319,0.257014,0.729888,-0.430635144412836,0.021109162486362507,-0.42956,0.0210521,-0.2309127357682415
0.6615907334719082,0.07044956596758913,-1.3134469716024513,1.08023,0.280781,0.805906,-0.41917561618516513,0.022279367302964738,-0.417915,0.0223414,-0.2542757097649912
0.6811402054529881,0.07151218060939928,-1.3108128353859447,1.06758,0.30121,0.870645,-0.4072977860315238,0.023476807791786146,-0.405885,0.0235536,-0.27499550881768964
0.699377147824203,0.07088488174377103,-1.2978671987104569,1.05344,0.319599,0.932119,-0.39519393316283385,0.024579533146378993,-0.393876,0.0245342,-0.2945727677527214
0.7170818858514595,0.07224862742569307,-1.2659493178366772,1.03973,0.33525,0.979369,-0.38283347223336284,0.025803845888061068,-0.381554,0.0259024,-0.31194061437391635
0.7354027977876764,0.07463905421639917,-1.2172976266912614,1.02687,0.348398,1.01589,-0.37014900141002866,0.02711785049645544,-0.368825,0.0272906,-0.3271287375690828
0.7543697395607797,0.07658249785394199,-1.159578366616031,0.99196,0.351621,1.04498,-0.3571286881916657,0.028440552727212704,-0.355758,0.028581,-0.34068694483257006
0.7753544957273765,0.07727646052608601,-1.108561748390496,0.980936,0.36253,1.07208,-0.3436715100323831,0.02971174924551656,-0.342155,0.0297619,-0.3540371676899891
0.7962168727161286,0.08010664285086587,-1.0385505463280933,0.88613,0.338113,1.08059,-0.3298866660291704,0.031135270585651405,-0.328379,0.0313398,-0.3645496634940303
0.8149933139026271,0.08348963865734967,-0.9274943729547378,0.878577,0.340589,1.06572,-0.31590592124348355,0.032640620291047785,-0.314549,0.0328851,-0.369839142692116
0.8303141689109999,0.08382962334745558,-0.7542693422195845,0.871995,0.335652,1.02214,-0.30185319563002927,0.03399893025092553,-0.300746,0.0340235,-0.3672844645507736
0.8431500483289258,0.08502995137559906,-0.5773175899722592,0.866021,0.328017,0.958337,-0.28771961334738455,0.03541955562792443,-0.286792,0.0355063,-0.36172929073655863
0.8505300679086463,0.08880999790731772,-0.3907562501546547,0.858174,0.315391,0.868499,-0.27374133351328833,0.037029926538144325,-0.273208,0.0373031,-0.3517850829315465
0.8516057830454763,0.09367946085234202,-0.1613592052554922,0.850068,0.295231,0.741764,-0.26006173894459567,0.03877279744035997,-0.259984,0.0391247,-0.33350280042089725
0.8487804701000918,0.09891689180283021,0.08374595152109451,0.843114,0.269691,0.581684,-0.24662282248217313,0.040617905414822394,-0.246827,0.0409964,-0.308310931979379
0.8504739437617527,0.10330802393856929,0.3259982145742587,0.842191,0.241252,0.389691,-0.23293038263704835,0.04249086507914119,-0.232808,0.0428082,-0.27743148234604825
0.8535077183940826,0.10867029905769597,0.5601457049858607,0.0,0.0,0.164114,-0.21912224246483458,0.04449828327357272,-0.218903,0.0448858,-0.24149540645438852
0.8532628696062677,0.11999595985209772,0.7568265944656831,0.0,0.0,-0.0889624,-0.205482305458296,0.04698572595714129,-0.2055,0.0478042,-0.20513719056561813
0.8499320700534803,0.13406016349174155,0.9689856199343446,0.0,0.0,-0.37759,-0.1920502923693009,0.04983541907340387,-0.192291,0.0508518,-0.16321941668835277
0.8458228058451751,0.14459324342392557,1.1407873968266498,0.0,0.0,-0.67062,-0.1787230348912261,0.052676703574259444,-0.17902,0.0534379,-0.12201540118262008
0.8426999223645473,0.15494916907965056,1.286521259337941,0.0,0.0,-0.983148,-0.16539631788624382,0.0556748060216835,-0.165622,0.0564232,-0.08284756513561342
0.8332048703024575,0.16723826273999906,1.4295312369442226,0.0,0.0,-1.32088,-0.15254081896478358,0.05896640134034152,-0.153227,0.0598545,-0.04291279690887404
0.8108276215962661,0.1783788798025697,1.5612784169245095,0.0,0.0,-1.66606,-0.14068885840013284,0.06237869855358814,-0.142306,0.0631838,-0.0024025366163562723
0.7771555510931127,0.182648711790931,1.6801466411752277,0.0,0.0,-2.0043,-0.1299416130059482,0.06551503110381965,-0.132375,0.0658236,0.03824888310511606
0.7347066823692776,0.18281340523087874,1.780055490123924,0.0,0.0,-2.34509,-0.12031333818053694,0.06844829806261432,-0.123381,0.0684602,0.0780099308511746
0.6275852051337799,0.16176115012309716,1.5508152235423593,0.0,0.0,-2.34509,-0.11563962842428821,0.06998158799335011,-0.123381,0.0684602,0.0787069259115796
0.4990743203703474,0.13206245542409828,1.2306800441766315,0.0,0.0,-2.34509,-0.11409387536214503,0.07060644216274704,-0.123381,0.0684602,0.07688598667589594
0.515599566556716,0.1491504631925616,2.131992471212667,0.0,0.0,-3.20904,-0.10501623363465717,0.07384909714915985,-0.103822,0.075084,0.16386137557189917
0.5090495587414833,0.15730578623900018,2.1573778902612517,0.0,0.0,-3.5192,-0.0971996491311536,0.07677463745896956,-0.097673,0.077364,0.20757902579513338
0.476796380972146,0.15643113577085552,2.050286688377337,0.0,0.0,-3.73721,-0.09118705244212869,0.07923370855954864,-0.0935179,0.0791705,0.22926972003645466
0.42527570783994295,0.14827789913603956,1.8370487484762523,0.488503,-0.120339,-3.88393,-0.08696424407747051,0.08119761176185854,-0.0906875,0.0806084,0.24147169980346514
0.36309650405384664,0.1326547508656621,1.5064164893201195,0.455713,-0.111721,-3.94192,-0.08427038167657487,0.08253724152430184,-0.0887639,0.0814082,0.2398196857062702
0.2964056927182309,0.11381528202066908,1.0631846359483532,0.431492,-0.0983726,-3.91681,-0.08286964033224356,0.08341427607727171,-0.0876892,0.0820528,0.22225749422219213
0.2319935509897333,0.0932471591735963,0.5569343653973821,0.467306,-0.0911337,-3.81331,-0.08238531345459234,0.08387560109979098,-0.0870402,0.0823892,0.18896613141621077
0.17342108780720078,0.07389359498128886,0.09108655599207471,0.472256,-0.0719169,-3.66024,-0.08254553080044769,0.08408812831986222,-0.0867784,0.0826895,0.14701074876633768
0.12516315724756,0.055941507630396244,-0.3028540756421462,0.468073,-0.0491137,-3.48336,-0.0829610334192714,0.08408364748184412,-0.0864485,0.0827863,0.10131015945265068
0.09058562505591317,0.03886395654259265,-0.6197634656670284,0.468221,-0.0273301,-3.31014,-0.08324427780509872,0.0838497471755776,-0.0857431,0.0826156,0.056350047969352654
0.07076061444509152,0.02213936668746911,-0.8769594454107574,0.465432,-0.00673396,-3.1515,-0.0831055015571527,0.0833659396478202,-0.0845382,0.0821573,0.013486877054198815
0.06487034245556804,0.006326073478652994,-1.0788307764500478,0.460918,0.0118274,-3.01716,-0.08236272640652757,0.08267478277077903,-0.0827884,0.081532,-0.026039447968442094
0.07065172691598964,-0.007234147669235197,-1.2457704888610899,0.316131,-0.413011,-2.90479,-0.08094260459423443,0.0818795595119833,-0.0805248,0.0808996,-0.0637522074500172
0.0858103329236505,-0.01832653859926829,-1.3979460762348597,0.329986,-0.399082,-2.80582,-0.07881007034547646,0.08103051627778586,-0.0777146,0.0802289,-0.10192837848720393
0.10863235789811848,-0.02742419890666796,-1.5175092247530955,0.343436,-0.384983,-2.7305,-0.07592838434518438,0.08013586263706161,-0.0742791,0.0794784,-0.13854216825884919
0.1352647559830435,-0.03203756097565744,-1.647738774918227,0.0,0.0,-2.6656,-0.07242964942463806,0.07939209486077874,-0.070505,0.0790587,-0.17802780241503477
0.16297716392543973,-0.03445051932784929,-1.7705016017854147,0.0,0.0,-2.60664,-0.06843339873676373,0.07871997779690032,-0.0664307,0.0785456,-0.21897791359160265
0.18563990540431824,-0.039510449707632095,-1.8943899026541449,0.0,0.0,-2.52065,-0.06432757336944862,0.07783426711203037,-0.0626898,0.0774686,-0.2620993058970904
0.1979913484049295,-0.046810161199328175,-2.0057984152387616,0.0,0.0,3.92742,-0.06054080447327243,0.07671952987086315,-0.0596482,0.076192,-0.3058683374024331
0.1992541667908299,-0.055849831624581736,-2.095333264249064,0.0,0.0,3.92742,-0.05728946037663207,0.07537297186937514,-0.0571982,0.0747197,-0.34872662541317834
0.1923077959420693,-0.06593020259716316,-2.160363697308476,0.0,0.0,3.92742,-0.0545606050758194,0.07381298040685824,-0.0550626,0.0730845,-0.38991299448292893
0.17696676798520014,-0.07382609878667348,-2.176257612076804,0.0,0.0,3.92742,-0.05249784652702351,0.07223611448276956,-0.0536065,0.0716655,-0.4263017168493567
0.15323911372906227,-0.07803275139188465,-2.086501847911698,0.0,0.0,3.92742,-0.05123496834247284,0.07077680309767279,-0.0529497,0.0704728,-0.451364023826001
0.12407164756054996,-0.07600767261535812,-1.862042457561454,0.0,0.0,3.92742,-0.05071134824739522,0.06966215318250125,-0.0528192,0.0698085,-0.4623905165851534
0.0937432761389729,-0.06869806295228324,-1.4448750679567297,0.0,0.0,3.92742,-0.0507311528497579,0.06892925481578847,-0.0529229,0.0694575,-0.4526137087816169
0.06463953454720658,-0.05538778344776041,-0.9174011724729727,0.0,0.0,3.92742,-0.0511552534455294,0.06871000307624335,-0.0532585,0.0696719,-0.42567526012451457
0.03794850976218643,-0.03991102464229221,-0.3770810003457411,0.0,0.0,3.92742,-0.05188551378661138,0.06884693763565636,-0.0538144,0.0699654,-0.38476342666899294
0.01962109153683266,-0.027213393640150053,-0.3629710030914194,0.0,0.0,3.92742,-0.05248992839852996,0.06904777748156925,-0.0538144,0.0699654,-0.3893221510712018
0.0036709274526261562,-0.015462477280042968,0.14840986189751626,0.0,0.0,3.92742,-0.0532304259512846,0.06938919391877024,-0.0543831,0.0702384,-0.3402520569629822
-0.008993244760416118,-0.003671316019183435,0.6485820956534168,0.0,0.0,3.92742,-0.05400889545530878,0.06992128553159344,-0.0549241,0.0707734,-0.2738515377181357
-0.01786702821190836,0.00792797437254655,1.0230546374000404,0.0,0.0,3.92742,-0.05473941632138359,0.07062935150628702,-0.0553807,0.0714676,-0.2090368706886268
-0.022479203455613158,0.01533826184698615,1.3961304865560022,0.0,0.0,3.92742,-0.05533019090778757,0.0712460791100447,-0.0556635,0.0717816,-0.13773186769081847
-0.024769654064423115,0.019641837792133056,1.7466872202484212,0.0,0.0,3.92742,-0.05584127549738665,0.07177599252180367,-0.0560068,0.072087,-0.06069366688900755
-0.02412221229417701,0.01982350366610627,2.059981641647832,0.0,0.0,3.92742,-0.05619478881813862,0.07210227151195682,-0.056148,0.0721154,0.018103057747153463
-0.021046199797703637,0.01769994890430407,2.327528991445029,0.0,0.0,3.92742,-0.05637739487793921,0.07227906340338774,-0.0561551,0.0721256,0.09386144654125456
-0.015477041422430816,0.012925523928775554,2.5634459150046585,0.0,0.0,3.92742,-0.05634596760462605,0.07224663442960061,-0.0559435,0.0719016,0.16619713210738205
-0.010009301474041799,0.0071077031644894125,2.753953704508714,0.0,0.0,3.92742,-0.056232138376656145,0.07206883774469446,-0.055837,0.0716484,0.23358146619963055
-0.005418980033281473,0.0015202834358483165,2.906642038871845,0.0,0.0,3.92742,-0.05608882977858362,0.07181318730190382,-0.0557571,0.0714094,0.2971196271584126
-0.0033164847457363136,-0.0028570277421579287,3.0300088208499063,0.0,0.0,3.92742,-0.05603654149368654,0.07154813611863815,-0.0558846,0.0712318,0.3584752524787874
-0.002788173415426295,-0.006782031659596434,3.1281197449410487,0.0,0.0,3.92742,-0.0560546795921895,0.07124294912942918,-0.0560165,0.0709593,0.4183911711210494
-0.0032977269466823787,-0.00928274220394005,3.2150334367694695,0.0,0.0,3.92742,-0.05613297598183885,0.07096911940405103,-0.0561698,0.0707884,0.478376467880596
-0.006773494052554156,-0.00939183339694404,3.287980159373148,0.0,0.0,3.92742,-0.056415515966960234,0.07081338371746242,-0.0566667,0.0708055,0.5381550956475762
-0.00989477411071401,-0.007273062390827301,3.348842665492843,0.0,0.0,3.92742,-0.05673023376113126,0.07080318230534634,-0.0569558,0.0709563,0.5976992506901663
-0.01168230278511276,-0.0046036073770310115,3.4235926951144178,0.0,0.0,3.92742,-0.05700672026846644,0.07086328590191476,-0.0571359,0.0710562,0.6597840166629027
-0.011398747069350857,-0.0016950553688568396,3.480300836463564,0.0,0.0,3.92742,-0.05717489178385866,0.07098190702634394,-0.0571544,0.0711921,0.7212182460001255
-0.007306458536904762,0.002167727805900718,3.5237147618715015,0.0,0.0,3.92742,-0.05708673832383812,0.07121014739079479,-0.056791,0.0714893,0.7819397333707988
-0.0033365189644255716,0.006361170411913279,3.545811867717342,0.0,0.0,3.92742,-0.05694119650438745,0.07152205155227184,-0.0566543,0.0718251,0.840854654991525
0.0003814909106041658,0.008597622115702669,3.561906723857544,0.0,0.0,3.92742,-0.05674879024501497,0.07177167784824322,-0.0564801,0.0719333,0.8993926571257055
0.002802344494934892,0.009889472406277248,3.5714917115215874,0.0,0.0,3.92742,-0.056582648363393995,0.07199464156826793,-0.0564077,0.072088,0.9574562956944903
0.004184894872277239,0.010103577588759328,3.59440502224625,0.0,0.0,3.92742,-0.0564464130750374,0.07216702721324748,-0.0563465,0.0721825,1.017160028929813
0.006060624997236256,0.009130250450297547,3.590332889849412,0.0,0.0,3.92742,-0.0562554538053414,0.07226433964838808,-0.0561199,0.072194,1.0742039523354632
0.007161137754226905,0.008201445695275698,3.595359210122345,0.0,0.0,3.92742,-0.05608573099971676,0.07234902213942032,-0.0560062,0.0722819,1.1322054141833615
0.007239567893470154,0.0066704987757903594,3.599046225556326,0.0,0.0,3.92742,-0.05596596792828372,0.0723790372808916,-0.0559603,0.0722684,1.19014657429115
0.0061146190403918495,0.00569152896467444,3.6100142737136958,0.0,0.0,3.92742,-0.0559245030715026,0.07242104742866542,-0.0560058,0.0723503,1.2489700376069675
0.0042246083626828095,0.005484036096646809,3.649025226188505,0.0,0.0,3.92742,-0.05595161417878281,0.07249839493315595,-0.0560882,0.0724834,1.3112083484273696
0.0017907960761120965,0.005115187731607642,3.685027727586485,0.0,0.0,3.92742,-0.05604491514719447,0.07256175564667844,-0.0562208,0.0725351,1.37395166304038
1.5641451281455613e-05,0.003096773974611656,3.7169736208772934,0.0,0.0,3.92742,-0.05613361450665354,0.07251016515505275,-0.0562619,0.0723643,1.4367840240597896
-0.0010505584759075348,0.0007400420253470632,3.7392628477199543,0.0,0.0,3.92742,-0.05620384869317176,0.07240391447095805,-0.0562809,0.0722336,1.498940536034707
9.24027710480428e-05,-0.0009463507695447919,3.7357502778144265,0.0,0.0,3.92742,-0.05614509863416437,0.07230427092247767,-0.0560625,0.0721824,1.558353520184408
0.004200217575467069,-0.0034824194057369658,3.713062709322283,0.0,0.0,3.92742,-0.055872060364381526,0.07212147463512393,-0.0555752,0.0719382,1.6155728285820483
0.008774421134369267,-0.0065809193644038606,3.7083149696470317,0.0,0.0,3.92742,-0.05550246498403731,0.07186091998436164,-0.0551719,0.071637,1.6744643620267259
0.010148757578879484,-0.007438191269269189,3.1868334433077776,0.0,0.0,3.92742,-0.05527121947692998,0.0716989526590582,-0.0551719,0.071637,1.6758394950513147
0.009250037749751989,-0.00802168837337075,3.731801206699612,0.0,0.0,3.92742,-0.05516825201459796,0.07154136771475501,-0.0552332,0.0714992,1.7605080800511852
0.006989890575915354,-0.00910729164651604,3.836410711764814,0.0,0.0,3.92742,-0.05516966544244905,0.07134125353273789,-0.055333,0.0712628,1.8439207108817952
0.00449975862395002,-0.009583799062642276,3.8872691556952432,0.0,0.0,3.92742,-0.05522244508143276,0.07116403586722302,-0.0554024,0.0711296,1.914248641460136
0.0007899131474872556,-0.009127757352435036,3.919803067237729,0.0,0.0,3.92742,-0.05539569977338872,0.0710408431324899,-0.0556638,0.0710738,1.9807150945403735
-0.0006101836065391523,-0.007947626497873048,3.9194596751238593,0.0,0.0,3.92742,-0.05547561889706358,0.0709728152215513,-0.0555768,0.0710581,2.0433903466844345
-0.00041519338223897534,-0.006285864836179993,3.9044933799214365,0.0,0.0,3.92742,-0.055472491401826175,0.07095550910109318,-0.0554584,0.0710756,2.1044048616604334
-0.0004228934840684706,-0.004134001806263134,3.879286624204377,0.0,0.0,3.92742,-0.05547964353503171,0.07099719083671614,-0.0554802,0.0711527,2.1640847967766277
0.00033237003006266326,-0.0007652421839815706,3.8553808199719755,0.0,0.0,3.92742,-0.055436480796039744,0.07115374910053186,-0.0553819,0.0713972,2.2235428667622337
0.0017535979986625062,0.0022771700980954153,3.8487038333313452,0.0,0.0,3.92742,-0.055337208197111,0.07134263331621361,-0.0552345,0.0715625,2.284496207728093
0.0031393265269641507,0.004146954113144462,3.8250935001879385,0.0,0.0,3.92742,-0.05521754275117831,0.07150267590350347,-0.0551174,0.0716378,2.3434040890414867
0.00433761482166803,0.004548563522348512,3.807639754213815,0.0,0.0,3.92742,-0.05508809696620628,0.07159557680367014,-0.0550015,0.0716246,2.4026866727437812
0.004393948053890202,0.0030999394511980263,3.7836125048457427,0.0,0.0,3.92742,-0.055014971046198645,0.07157258803733581,-0.0550109,0.0714679,2.460933845806451
0.003495434342937615,0.0003336436452253547,3.7662218252465927,0.0,0.0,3.92742,-0.05500406691018586,0.07143931251311152,-0.055069,0.0712394,2.519556655879567
0.002804125813323825,-0.004982700404785631,3.7539905321811955,0.0,0.0,3.92742,-0.054993841053024,0.07109319741565906,-0.0550438,0.070709,2.578451790525678
0.002303856258216831,-0.009535349007339355,3.736512521842851,0.0,0.0,3.92742,-0.054982046909004205,0.07071250726722181,-0.0550182,0.0703835,2.6365473627304223
-2.831388689996609e-05,-0.010647842786044076,3.7085807211721082,0.0,0.0,3.92742,-0.05509936054239487,0.07048639683487269,-0.0552679,0.070406,2.6932180827389085
-0.002763530211886501,-0.01001211779237616,3.696656566639824,0.0,0.0,3.92742,-0.05528063351464036,0.0703580579207554,-0.0554783,0.070404,2.7512511683991963
-0.0027212539012526856,-0.009180062165946358,3.6714510079600213,0.0,0.0,3.92742,-0.055322055191525665,0.07025286965133337,-0.055319,0.070313,2.807555712580051
-0.001955978318751271,-0.00612307670056147,3.6608070666607078,0.0,0.0,3.92742,-0.05531500434040728,0.07030808015274034,-0.0552597,0.070529,2.865129999187417
-0.002347666708880136,-0.002191096107643461,3.658501235521415,0.0,0.0,3.92742,-0.05537219376815805,0.07047004668561517,-0.0554005,0.0707542,2.9234421930632153
-0.004461797780745375,0.0021088820261679605,3.678705554705648,0.0,0.0,3.92742,-0.05554951762050493,0.07071925252563414,-0.0557023,0.07103,2.9843021974192525
-0.006655061825667242,0.004927342433239805,3.7011907851474533,0.0,0.0,3.92742,-0.05576589890037399,0.0709393176960806,-0.0559244,0.071143,3.045880445939568
-0.00888537362878956,0.0070046263310824496,3.7183926503744207,1.59867,0.0,0.0,-0.05601982156180774,0.07115548046340987,-0.056181,0.0713056,3.1071944553854833
-0.01011978782635838,0.006211461159964349,3.7399368791689214,1.59867,0.0,0.0,-0.05624359231515165,0.07121511984349915,-0.0563328,0.0711578,-3.1139089133601416
-0.009615298151779354,0.001314610912723036,3.75803011881991,1.59867,0.0,0.0,-0.05637215806730653,0.07099078176388916,-0.0563357,0.0706369,-3.051876264871072
-0.008537773364325076,-0.002237435340656526,3.7791627234785974,1.59867,0.0,0.0,-0.056454769723019084,0.07077699651512623,-0.0563769,0.0705203,-2.9892086222019394
-0.0084815921260512,-0.004750148941577986,3.7612948026333917,1.59867,0.0,0.0,-0.056587660062018236,0.07057508683160534,-0.0565836,0.0703935,-2.930900126092135
-0.013972704714662155,-0.00655527176090956,3.714085840897112,1.59867,0.0,0.0,-0.057086372547564344,0.07037975121151122,-0.0574832,0.0702493,-2.875882548417838
-0.026387954570383915,-0.00891600243399564,3.6337500053343463,1.59867,0.0,0.0,-0.05813068438256455,0.07011880344762016,-0.0590279,0.0699482,-2.8247504551800544
-0.045102334679976944,-0.014397813831579682,3.533276951626532,1.59867,0.0,0.0,-0.059790063738138395,0.0696137552811989,-0.0611425,0.0692176,-2.77643400975396
-0.0693573744989133,-0.024767367126467696,3.4288624938833565,1.59867,0.0,0.0,-0.062115155652929605,0.06869787880994115,-0.063868,0.0679485,-2.7298720453861094
-0.0953116150667661,-0.041860739908345074,3.3223451215651094,1.59867,0.0,0.0,-0.06494065913519514,0.06717159056545555,-0.0668163,0.0659363,-2.685182736614103
-0.125476351168355,-0.06638764771518003,3.2502965948566445,1.59867,0.0,0.0,-0.06845977831975356,0.06488039149130494,-0.0706397,0.0631079,-2.6388961457924376
-0.15771114598364044,-0.09868523599885488,3.2134967619168275,1.59867,0.0,0.0,-0.07259838092715007,0.06168305698236982,-0.0749279,0.059349,-2.590600366497351
-0.1870064041591711,-0.13496550036099864,3.170220375778172,1.59867,0.0,0.0,-0.07705841307405495,0.057705673918663054,-0.0791755,0.0550838,-2.5437995857386078
-0.21281653018674657,-0.17018945429837085,3.1043547616896077,1.59867,0.0,0.0,-0.08175677389266996,0.05321763729870142,-0.083622,0.0506721,-2.499990771069244
-0.23345721680247766,-0.2014183325152847,2.9977810064332813,1.59867,0.0,0.0,-0.08652635491823067,0.04843012427472789,-0.088018,0.0461733,-2.461083303034653
-0.2504171024644654,-0.23037530939554562,2.897284071025469,1.59867,0.0,0.0,-0.09138285617787087,0.043293140276483344,-0.0926085,0.0412005,-2.4226830944521898
-0.2647843333877485,-0.25999717631100605,2.8068489026863115,1.59867,0.0,0.0,-0.09633932013342685,0.03764889003225875,-0.0973776,0.0355082,-2.3850996971292426
-0.27722246561410024,-0.29158543350677774,2.7381190861209577,1.59867,0.0,0.0,-0.10139813073720648,0.031400695595173014,-0.102297,0.0291179,-2.3469453391517523
-0.2887513264544094,-0.3229308254855894,2.653732034368256,1.59867,0.0,0.0,-0.10659584125431448,0.024663144400624323,-0.107429,0.0223979,-2.31169846456812
-0.29910098648025124,-0.3523396187604024,2.5899994344666464,1.59867,0.0,0.0,-0.1119000588213492,0.017552091792169,-0.112648,0.0154268,-2.2755377833941655
-0.30745742888179733,-0.3830017908791379,2.5295086007536223,1.59867,0.0,0.0,-0.1172381031218867,0.009887639999325437,-0.117842,0.00767177,-2.2402830252576704
-0.3135320526903919,-0.4133861566186438,2.4299445990776847,1.59867,0.0,0.0,-0.12255900381269375,0.0017509587040462778,-0.122998,-0.000444835,-2.2100175813895753
-0.31681647756361686,-0.43991740645962585,2.2962472048401414,1.59867,0.0,0.0,-0.12779264373856378,-0.006617150277961277,-0.12803,-0.00853449,-2.184129635479108
-0.3220073787892654,-0.46172672339064996,2.120298785482752,1.59867,0.0,0.0,-0.1332048679887767,-0.01509760125180637,-0.13358,-0.0166737,-2.1640085653336874
-0.3292847888611445,-0.4801842862422543,1.9268955942507264,1.59867,0.0,0.0,-0.13883808179079352,-0.023705423207933375,-0.139364,-0.0250393,-2.1478343456288687
-0.3394048130322103,-0.500826176742088,1.7636282062561262,1.59867,0.0,0.0,-0.1447756539666441,-0.03275296791687097,-0.145507,-0.0342447,-2.132001005485915
-0.3500921886440425,-0.5208883760319154,1.5933230184143663,1.59867,0.0,0.0,-0.15091265305412557,-0.04209246059023251,-0.151685,-0.0435423,-2.120032628005322
-0.35934869423760957,-0.536097919082803,1.4269799403471712,1.59867,0.0,0.0,-0.1571260580553802,-0.051432148575912946,-0.157795,-0.0525313,-2.110460910210762
-0.36740188488863806,-0.5484461088716716,1.2705029951963676,1.59867,0.0,0.0,-0.16340801828346144,-0.06082603062730277,-0.16399,-0.0617184,-2.1028449649382277
-0.3778918447587375,-0.5658938128643497,1.1671946603689525,1.59867,0.0,0.0,-0.1699799197413585,-0.07075460290227407,-0.170738,-0.0720155,-2.0927021249617814
-0.38495821135839436,-0.5888248968325125,1.093726693769784,1.59867,0.0,0.0,-0.17649333331625103,-0.08132483426430782,-0.177004,-0.082982,-2.081545652986858
-0.3902289149762759,-0.6114450242992507,1.0396092911038042,1.59867,0.0,0.0,-0.18300110089158153,-0.09224140622682678,-0.183382,-0.0938761,-2.069693135409708
-0.395484450909558,-0.6325866077499654,0.9733993212632688,1.59867,0.0,0.0,-0.1895921970180116,-0.10342215649546077,-0.189972,-0.10495,-2.0600613994669
-0.39802140451042545,-0.6556865201520635,0.9398999104648647,1.59867,0.0,0.0,-0.19608766141093742,-0.1150706335023937,-0.196271,-0.11674,-2.0480043937062513
-0.3984332996136762,-0.6812357450007805,0.9102499588303737,1.59867,0.0,0.0,-0.2024832334851351,-0.12725062849608101,-0.202513,-0.129097,-2.036144050344454
-0.4005928878994917,-0.7086293551628655,0.8471770625781962,1.59867,0.0,0.0,-0.20900093255393315,-0.13996133989319726,-0.209157,-0.141941,-2.0283558749670267
-0.4019990724638392,-0.734700408967782,0.7725785051706808,1.59867,0.0,0.0,-0.21550337894792362,-0.15302291736706042,-0.215605,-0.154907,-2.022675008822888
-0.4005727768879223,-0.7553896191576023,0.6983274811544868,1.59867,0.0,0.0,-0.22184107441901396,-0.16614584825433001,-0.221738,-0.167641,-2.018131033378474
-0.40181404700925477,-0.7728271060711239,0.6091007468328313,1.59867,0.0,0.0,-0.22833229685658704,-0.1793848412622016,-0.228422,-0.180645,-2.0163900969041637
-0.35600153081022,-0.6925738143363713,0.5167238389396532,1.59867,0.0,0.0,-0.23173274327826315,-0.18644468244955126,-0.228422,-0.180645,-2.016402786656034
-0.290912122212981,-0.5705805034879843,0.4387682213569408,1.59867,0.0,0.0,-0.23312583074056023,-0.18946111767687354,-0.228422,-0.180645,-2.016402305643184
-0.2962062404253678,-0.5921710173024413,0.40589890340251716,1.59867,0.0,0.0,-0.23813040878388253,-0.20001771354520434,-0.238513,-0.201578,-2.012886783901506
-0.3928079417099306,-0.7905196107706537,0.3541441309174014,1.59867,0.0,0.0,-0.24925586340826242,-0.22260489816361861,-0.256237,-0.236939,-2.011977323608825
-0.3978392545351977,-0.8027023327966281,0.30144804706860934,1.59867,0.0,0.0,-0.25587340099913475,-0.23605858852285672,-0.256237,-0.236939,-2.0119824055365347
-0.4069027994246106,-0.8306493260927352,0.2179309550758377,1.59867,0.0,0.0,-0.26283800278942343,-0.2507493484314031,-0.263493,-0.252769,-2.016171225689955
-0.41765292751943867,-0.8630413909290963,0.13793246345295715,1.59867,0.0,0.0,-0.27005911810650624,-0.266181115459624,-0.270836,-0.268522,-2.0213332185368396
-0.4330778967014699,-0.8942841173927714,0.05526670479358774,1.59867,0.0,0.0,-0.2777612803278703,-0.2820551749509492,-0.278876,-0.284313,-2.0281123173957623
-0.445793121637836,-0.9212345819639405,-0.03705441224851165,1.59867,0.0,0.0,-0.2855311060168189,-0.2981453647939917,-0.28645,-0.300093,-2.03732892062938
-0.4546039705174567,-0.9425959192703686,-0.1146880822686178,1.59867,0.0,0.0,-0.2932462644280601,-0.31429727549478587,-0.293883,-0.315841,-2.0464811647549688
-0.4603208284167099,-0.95657377161341,-0.19672035553609268,1.59867,0.0,0.0,-0.30089785856108603,-0.33030285944172494,-0.301311,-0.331313,-2.0573832904743568
-0.46566143526734927,-0.9720169894200505,-0.2546791764751191,1.59867,0.0,0.0,-0.3086160491791417,-0.3466289615504646,-0.309002,-0.347745,-2.0669729902931233
-0.47207419625554253,-0.9920766836646142,-0.3165957856272361,1.59867,0.0,0.0,-0.31649056757807126,-0.36350734162289466,-0.316954,-0.364957,-2.0778930721625053
-0.47386819594471463,-1.01301561576228,-0.37419254070597374,1.59867,0.0,0.0,-0.3241623526262053,-0.38076480154577896,-0.324292,-0.382278,-2.0893560624799026
-0.4716911909673448,-1.0296800657152254,-0.4655656117366193,1.59867,0.0,0.0,-0.3316003261019818,-0.3980747064958412,-0.331443,-0.399279,-2.1055216324674717
-0.47381306386800903,-1.0461671997332687,-0.5237664786379884,1.59867,0.0,0.0,-0.33928765814004447,-0.4156395206258719,-0.339441,-0.416831,-2.119619190476816
-0.4785778791256696,-1.0679688054605492,-0.5637288050422036,0.0,0.0,12.154,-0.3471836600380139,-0.4338194585190791,-0.347528,-0.435395,-2.132482255027996
-0.47814495435383525,-1.0943249546801157,-0.5816252590764006,0.0,0.0,12.2418,-0.3548122862705929,-0.4526493143134404,-0.354781,-0.454554,-2.1434845542047065
-0.4767602743425501,-1.117887584212256,-0.642583642870888,0.0,0.0,12.3444,-0.36237106697776633,-0.47171619422083644,-0.362271,-0.473419,-2.159448654331283
-0.48142706485654696,-1.1318756597285828,-0.6945323080801074,0.0,0.0,12.4376,-0.37030774401392513,-0.4905271206413916,-0.370645,-0.491538,-2.1756091478356376
-0.4891265805292925,-1.1446009693971153,-0.7227045180094217,0.0,0.0,12.524,-0.3785195773916308,-0.5094783772212408,-0.379076,-0.510398,-2.189898141688938
-0.4930680154485156,-1.1647274432492138,-0.7147930662903808,0.0,0.0,12.6019,-0.38660616344771725,-0.5291225156461723,-0.386891,-0.530577,-2.200587545839193
-0.489828624974106,-1.1766865502395412,-0.6922010549516172,0.0,0.0,-12.5364,-0.39428110175053965,-0.548548748560279,-0.394047,-0.549413,-2.2095997666635094
-0.48178991007414684,-1.166585519508262,-0.6406484513606262,0.0,0.0,-12.491,-0.4015869355942225,-0.5667079734302264,-0.401006,-0.565978,-2.215188902936429
-0.4724343822864735,-1.1347132049317825,-0.5728326195229564,0.0,0.0,-12.4617,-0.4086770980035036,-0.5832663236329637,-0.408001,-0.580963,-2.2183238081342287
-0.45588484069932605,-1.089808268902917,-0.5187605314921352,0.0,0.0,-12.4292,-0.4151419893957787,-0.5984531549806281,-0.413946,-0.595208,-2.221836482989481
-0.4306625190011482,-1.0407960081759955,-0.43779546268886305,0.0,0.0,-12.4095,-0.42076874712136836,-0.6126499799263843,-0.418946,-0.609108,-2.2215648685699
-0.40272872695368017,-0.9846825622733248,-0.4003203943422167,0.0,0.0,-12.3809,-0.4258126975510309,-0.6255931628519013,-0.423794,-0.621538,-2.2246309644945996
-0.3764425570572497,-0.9262828142317202,-0.38468581722497547,0.0,0.0,-12.3481,-0.43051862847527955,-0.6374873875561212,-0.428619,-0.633267,-2.229363157798617
-0.3486940439823005,-0.8651453761571116,-0.38415161408180726,0.0,0.0,-12.3104,-0.43470730795439305,-0.6482662328094873,-0.432702,-0.643848,-2.2354604853706905
-0.31261526459733113,-0.7979689548188909,-0.39340552310900617,0.0,0.0,-12.2671,-0.43790131315908914,-0.6576676533536172,-0.435294,-0.652813,-2.242611584500803
-0.2754615483372408,-0.7292922818312159,-0.4561134218741121,0.0,0.0,-12.2019,-0.4404469958608731,-0.6658950723726152,-0.437762,-0.660932,-2.255749420715433
-0.24319870970096086,-0.6651352569055107,-0.550813213650371,0.0,0.0,-12.1193,-0.4427215457218873,-0.6733224499627859,-0.44039,-0.668686,-2.273752403802799
-0.21043473804024873,-0.6100631960090577,-0.6544095026208206,0.0,0.0,-12.0216,-0.44444676121341253,-0.6803239048504756,-0.442079,-0.676344,-2.2947168369757938
-0.17829232270026663,-0.557980816259277,-0.7881655221074795,0.0,0.0,-11.9029,-0.4456888430648005,-0.6866418488993575,-0.443366,-0.682878,-2.3213509946990096
-0.1493744476371633,-0.504506382115062,-0.9281297915069332,0.0,0.0,-11.7713,-0.4466298144967824,-0.6920344488033079,-0.44454,-0.68817,-2.351992500296305
-0.1233813323344767,-0.4513354055688249,-1.0688425354590527,0.0,0.0,-11.6272,-0.44730145023389706,-0.696591518765709,-0.445423,-0.692749,-2.3858711502113095
-0.10106122827505076,-0.4000987744066302,-1.261183563346122,0.0,0.0,-11.4437,-0.4478000119149936,-0.7004257289984273,-0.446187,-0.696723,-2.4303215755545065
-0.08313179143841691,-0.3513233904149507,-1.4438044502428358,0.0,0.0,-11.2331,-0.44823171059210193,-0.7036028615027733,-0.446936,-0.700078,-2.4822662946205765
-0.06861461273286663,-0.30483362815508463,-1.619956777641676,0.0,0.0,-10.9962,-0.44860211617624174,-0.7061506859696859,-0.447553,-0.702791,-2.54072410102245
-0.056546348140733275,-0.25817773604862837,-1.7842529846135233,0.0,0.0,-10.7411,-0.448902139956363,-0.7079436917121892,-0.44803,-0.704572,-2.603870849107296
-0.04658155440199247,-0.2128839981949291,-1.9492222110894153,0.0,0.0,-10.4666,-0.4491481279612428,-0.709080252608415,-0.448428,-0.705807,-2.672074253473051
-0.03865793891716876,-0.1704458194698824,-2.1004707337981454,0.0,0.0,-10.1837,-0.4493696176792375,-0.7096808892829475,-0.448797,-0.706614,-2.742193138275079
-0.033807762600844955,-0.13267158069499363,-2.2718376470129895,0.0,0.0,-9.88298,-0.44966750876856226,-0.7099108392992023,-0.449317,-0.707181,-2.817296091740468
-0.029822709713789915,-0.09837655918694269,-2.4306419585982266,0.0,0.0,-9.57067,-0.44994498870164695,-0.7097664059326142,-0.449657,-0.707288,-2.8954152130303537
-0.026677986682861546,-0.06612058416377445,-2.608718633939164,0.0,0.0,-9.23434,-0.45021426039738605,-0.7092080497076348,-0.449987,-0.706877,-2.98008948547548
-0.024747670037651392,-0.03557338079595393,-2.761440621742051,0.0,0.0,-8.88617,-0.4505134986215183,-0.7082465615270807,-0.450374,-0.706039,-3.0679693391874734
-0.019252027174755833,-0.008605164149907876,-2.9214435513912633,0.0,0.0,-8.52564,-0.4505461548427731,-0.7070329180991444,-0.450149,-0.705084,3.125261068261806
-0.01029676496672203,0.012703554170564572,-3.073201163424929,0.0,0.0,-8.17457,-0.4502621719220032,-0.7057619218772749,-0.449615,-0.704222,3.0385513023830772
-0.0006713479679821659,0.029033525465502523,-3.26519902013711,-0.548746,-1.33591,-7.82366,-0.4497906021470336,-0.7044791216607282,-0.449095,-0.703299,2.9516493443555145
0.008718648098410418,0.040600510447428205,-3.4386607215538216,-0.43367,-1.37669,-7.48432,-0.4491805889302536,-0.703249913871491,-0.448502,-0.702414,2.8675207262539124
0.014630761314396095,0.04485203234096435,-3.5803160900688673,-0.326135,-1.40563,-7.17463,-0.4486502519982338,-0.7023192456764928,-0.448223,-0.702012,2.790854683320369
0.0182380506464328,0.04333162508691706,-3.7265051360160455,-0.220201,-1.42576,-6.87432,-0.4481776887789552,-0.7017021243914503,-0.447917,-0.701812,2.7163755371933798
0.020708722205136247,0.0383872346579336,-3.8256682218412403,-0.118752,-1.43749,-6.58956,-0.44772254857000726,-0.7013356826392433,-0.447544,-0.701693,2.6457063812002057
0.02452594201777739,0.0343799224178502,-3.9232103294948057,-0.0160535,-1.44172,-6.30258,-0.44713885987160035,-0.7009864026767463,-0.446863,-0.701276,2.57459988243692
0.032543591378011716,0.034151008173309,-4.004957059657223,0.086984,-1.43821,-6.01369,-0.44621641324618677,-0.7004514570034721,-0.445637,-0.700468,2.5032944120163356
0.042948017396084615,0.03772853103765831,-4.037860006879372,0.184011,-1.42788,-5.73986,-0.44500789896476906,-0.6996685376390268,-0.444256,-0.69941,2.435727430411776
0.052275769501178126,0.04591554833890679,-4.008409391873034,0.27156,-1.41249,-5.4913,-0.44370409073208456,-0.6985236529967788,-0.44303,-0.697932,2.374006461362803
0.06067812345023971,0.0597475251495962,-3.945012524911722,0.353344,-1.39263,-5.25653,-0.4423122147781097,-0.6968745985387951,-0.441705,-0.695875,2.3154933504676283
0.0701260856941247,0.0800158658312362,-3.880007590765175,0.432256,-1.36825,-5.02622,-0.4407167779848705,-0.6945787366754917,-0.440034,-0.693114,2.258005979647721
0.08243869034409437,0.10302201181380563,-3.8553785543170194,0.512772,-1.33805,-4.7849,-0.4387807977335647,-0.6917775902589507,-0.437891,-0.690115,2.198113497778074
0.09576316671988756,0.12269487010584149,-3.8230606516816894,0.589388,-1.30383,-4.54781,-0.43658092289220435,-0.6888287028174487,-0.435618,-0.687407,2.1395747725901733
0.10601580584859886,0.13818596265831165,-3.7575882322822216,0.658988,-1.26751,-4.32688,-0.43437092974793984,-0.6858414982244203,-0.43363,-0.684722,2.084781258603432
0.0991119508644101,0.1302981603050967,-3.1135394615272443,0.658988,-1.26751,-4.32688,-0.4331310775792427,-0.6841519704362948,-0.43363,-0.684722,2.085200865297403
0.0840463045619246,0.11111265728084674,-2.2324590081183255,0.658988,-1.26751,-4.32688,-0.43254124759417395,-0.6833355169938784,-0.43363,-0.684722,2.0922391015440525
0.10412580076510383,0.14222163295667842,-3.9554984154049295,0.831604,-1.15556,-3.74654,-0.4298690894096445,-0.6795011592511738,-0.428418,-0.677253,1.9664205756147601
0.11783544632553292,0.1630101168780373,-3.963707226398719,0.902125,-1.09743,-3.48824,-0.4272967579991757,-0.6758513259824652,-0.426306,-0.674349,1.8746224611901403
0.1279629087488523,0.17595436233202127,-3.9358660435350963,0.965178,-1.03825,-3.24229,-0.4247418835751828,-0.672387444659769,-0.42401,-0.671452,1.8157138441737908
0.1357856695694901,0.1836954454899842,-3.8785076111972687,1.02055,-0.979449,-3.01175,-0.42217732919283163,-0.6690604265750512,-0.421612,-0.668501,1.7588166105848309
0.1397441679347951,0.1837915569003867,-3.806597891476614,1.07006,-0.920034,-2.79021,-0.41974306968012876,-0.6661149457046317,-0.419457,-0.666108,1.7042750815888186
0.14439212821538921,0.17943587263600652,-3.7429780880707986,1.11606,-0.858595,-2.56739,-0.4171998951774174,-0.6634622267983299,-0.416864,-0.663777,1.6499545499172774
0.14897113207245902,0.1752678811035938,-3.665185828438532,1.22327,-0.672032,-2.35571,-0.41458691188825064,-0.6608667908306577,-0.414256,-0.661168,1.5982284998890055
0.1517850281767787,0.1763410835542836,-3.543907707029704,1.25047,-0.613374,-2.16925,-0.41201735245443916,-0.6579915573597486,-0.411814,-0.657914,1.5521533777148533
0.15725415374960702,0.18460917658797413,-3.447352427592531,1.2755,-0.552804,-1.9778,-0.4092272385118851,-0.6546235121147335,-0.408832,-0.654026,1.5050716005343456
0.16485790887460755,0.19563545847543148,-3.3736923555805283,1.29761,-0.490662,-1.78356,-0.40620850225960703,-0.6509408387609302,-0.405659,-0.650144,1.4574787205118738
0.17204687663651594,0.20768002986393472,-3.3592429965207473,1.31856,-0.420847,-1.57028,-0.4030955267291581,-0.6470144277143566,-0.402576,-0.646144,1.405017228339579
0.17966222812911634,0.21854574805605162,-3.388750016745175,1.33718,-0.344197,-1.33749,-0.39983934029687873,-0.6429732352687149,-0.399289,-0.642188,1.3479550429622646
0.18930805689878036,0.23064691822582958,-3.4563266955127565,1.35286,-0.260071,-1.08331,-0.3963270772490142,-0.6386765179510475,-0.39563,-0.637802,1.2856606958181453
0.19999022431160332,0.2475225232989147,-3.503274084694162,1.36327,-0.176562,-0.834646,-0.39259197056380046,-0.633870553098101,-0.39182,-0.632651,1.2243691900549873
0.20995679183630017,0.26823570189475493,-3.5573400922943916,1.36848,-0.0904004,-0.581276,-0.3887332561478263,-0.6285408838757888,-0.388013,-0.627044,1.1616038805121673
0.220803722298928,0.28745959700271934,-3.609196981716793,1.36787,-0.00396295,-0.323249,-0.38465687753169714,-0.6229782574953582,-0.383873,-0.621589,1.0981726269640248
0.23129705283218094,0.3056702427702473,-3.634469530146332,1.36179,0.0787835,-0.0758096,-0.3804303238471039,-0.6171750327803376,-0.379672,-0.615859,1.0372613178945231
0.23996601922057612,0.32871849216983867,-3.6369107291974494,1.35145,0.158248,0.158417,-0.3761564821184494,-0.6107606329559353,-0.37553,-0.609095,0.9788193888853838
0.2483419767780399,0.35476458962438645,-3.612666106301268,1.33723,0.232475,0.380341,-0.37176330718421824,-0.6037792791068274,-0.371158,-0.601897,0.9233929014816162
0.25860996063062874,0.37700154389687207,-3.5816546443047,1.31872,0.303033,0.601313,-0.3671110386685067,-0.5966330029108821,-0.366369,-0.595026,0.8689779647226117
0.2675369809589659,0.3938251956962093,-3.5425531237505203,1.29583,0.370715,0.816514,-0.3623831309598136,-0.5894887985793339,-0.361738,-0.588273,0.8159092422308764
0.2722671543918969,0.4085214250662928,-3.4822572602523247,1.27,0.434166,1.01745,-0.3577898364935481,-0.5822160556703637,-0.357448,-0.581154,0.7656917854203168
0.27811763423731617,0.4276412569921453,-3.413884188030507,1.30375,0.257721,1.21154,-0.3530467979257608,-0.5744157371382752,-0.352624,-0.573034,0.7170940232498454
0.28717933522611505,0.44850825131911815,-3.295170747815225,1.28754,0.313007,1.38205,-0.34799786395700155,-0.5661939997113766,-0.347343,-0.564686,0.6747351144651867
0.2973689744551667,0.4691179068661725,-3.1311929686145272,1.27036,0.360169,1.53027,-0.3427293769202055,-0.5576554025526406,-0.341993,-0.556166,0.6379580463944647
0.3059505143224989,0.489233604044953,-2.9565654025681596,1.252,0.402946,1.66469,-0.33740416404664353,-0.5488197055535847,-0.336784,-0.547366,0.6042297632006309
0.3153160269981595,0.5125323243575965,-2.7840545353608945,1.23441,0.44253,1.78774,-0.33188981958362035,-0.5394517337930119,-0.331213,-0.537768,0.5731126824972136
0.33288970374989,0.5376828829433442,-2.6075967615940687,1.21886,0.476274,1.90303,-0.3256830007990696,-0.5295885610005914,-0.324413,-0.527771,0.5452616430894429
0.3538744106329737,0.5608057553136527,-2.433722167970585,1.20242,0.505425,2.00894,-0.3189695064708005,-0.5194570257507259,-0.317453,-0.517786,0.5200248133449491
0.36795579374826703,0.5771752470602487,-2.270029922493928,1.18234,0.530981,2.10365,-0.31237662243957665,-0.5094019776939815,-0.311359,-0.508219,0.496739203395228
0.37509095149560184,0.5907699670954045,-2.112889420098394,1.16251,0.554294,2.18688,-0.3060176380288894,-0.499268452650728,-0.305502,-0.498286,0.4756517657988526
0.38489170787866067,0.6055062160946366,-1.963285223787146,1.14609,0.574843,2.26612,-0.2993682734372444,-0.4888419477777876,-0.29866,-0.487777,0.4564893422194654
0.40096398221398705,0.6230371480031539,-1.7734830728981388,1.13491,0.587688,2.32234,-0.29214749861734085,-0.47799491174799597,-0.290986,-0.476728,0.44389003148501205
0.417643798345568,0.6425804984470516,-1.5339019662071882,1.12663,0.592522,2.34664,-0.2846294039752015,-0.4667343436450373,-0.283424,-0.465322,0.4389419014657687
0.427935396567342,0.6574824019330215,-1.235691119639151,1.11969,0.584963,2.33113,-0.27726674521336686,-0.45546791916735496,-0.276523,-0.454391,0.44355529786774767
0.429082847339606,0.6670881664024256,-0.9251924325939054,1.1138,0.57004,2.28643,-0.27034392307968647,-0.4443131819133333,-0.270261,-0.443619,0.4545416230790944
0.42619647658717147,0.6754116972699051,-0.6132714261466483,1.11251,0.548697,2.21498,-0.26366941000407657,-0.4330895184529747,-0.263878,-0.432488,0.47182629377890234
0.4268849402408484,0.6867210210119996,-0.35346975831556676,1.11448,0.527024,2.14167,-0.25680475335569514,-0.4215352934094729,-0.256755,-0.420718,0.489747251574237
0.43400755653384454,0.7029071231747603,-0.11593281204615055,1.11941,0.50322,2.05982,-0.2495037316928246,-0.40947772463821513,-0.248989,-0.408308,0.5102580281741248
0.4419107778950424,0.7180703087840321,0.15897595309531873,1.12479,0.468455,1.94342,-0.24203714385257805,-0.39722880130056276,-0.241466,-0.396133,0.5396420713387649
0.44738553599427955,0.7313434586081046,0.45853664043110454,1.13107,0.423919,1.78933,-0.23460464555892147,-0.384862213664897,-0.234209,-0.383903,0.5782035420759505
0.39851466078340997,0.6537119731707477,0.3892465062137376,1.13107,0.423919,1.78933,-0.23067723761209097,-0.37829278820816814,-0.234209,-0.383903,0.577138324847758
0.37667552826282796,0.6278504008076305,0.7347882785892244,1.13627,0.375398,1.61218,-0.2257447465619769,-0.3695430560089186,-0.227323,-0.371412,0.618676561412508
0.4219938559118303,0.7284857565397601,1.4372597257193744,1.1455,0.262409,1.19338,-0.21672202964461104,-0.35284463759314727,-0.213447,-0.345572,0.731413218990531
0.3968674674837504,0.6968100610625909,1.312128669137974,1.1455,0.262409,1.19338,-0.21163118570955838,-0.34328288548313446,-0.213447,-0.345572,0.7232521041977816
0.386000690333667,0.6930877535566913,1.6412613457046294,1.14493,0.200494,0.961834,-0.2059996882033347,-0.3323799991771409,-0.206785,-0.332649,0.7736985214338535
0.383165482142022,0.704589769344555,1.9027711819519217,0.0,0.0,0.712805,-0.20001110738021496,-0.320530218728321,-0.200216,-0.319699,0.8342532916271684
0.3792952809212109,0.7254951042686133,2.0953426417441494,0.0,0.0,0.457742,-0.19413631130921388,-0.3078747704798176,-0.194416,-0.306364,0.8916883286162679
0.3752814641235296,0.7526592604190427,2.2684399167908254,0.0,0.0,0.200601,-0.1883329326104384,-0.294471078102805,-0.188623,-0.292508,0.9482428951172468
0.3748798692772415,0.7853640080723454,2.393751552610546,0.0,0.0,-0.042892,-0.18235497785609162,-0.2802664812589217,-0.182384,-0.277903,1.0007407065960063
0.3796704630449519,0.8208664164100933,2.486634091105672,0.0,0.0,-0.276508,-0.17604020290329458,-0.2653536604246686,-0.175694,-0.262788,1.0503633047440826
0.3828102967466986,0.8493526938030908,2.5445342702122455,0.0,0.0,-0.502574,-0.16975790705914862,-0.25033662413214475,-0.169531,-0.248278,1.0969285487691016
0.3795072678006476,0.8594193807453071,2.5651882755245037,0.0,0.0,-0.714248,-0.16385129927390288,-0.23608149149999808,-0.16409,-0.235354,1.1399716697871
0.367620632193958,0.849705086406172,2.558501314987941,0.0,0.0,-0.917534,-0.1585649858658486,-0.22297297493447787,-0.159424,-0.223675,1.1802861688410904
0.3503202621437232,0.8239974209281613,2.524069115017841,0.0,0.0,-1.10792,-0.15382675031699988,-0.21107717843195098,-0.155077,-0.212935,1.2175512369940573
0.3321495806270292,0.7830307204696283,2.453868901233375,0.0,0.0,-1.27221,-0.14942285532504931,-0.20060145036359808,-0.150736,-0.203562,1.2505990966914868
0.3161529566762523,0.7283313626621215,2.3955353865784845,0.0,0.0,-1.42507,-0.14516596842579335,-0.19168902936639115,-0.146322,-0.195642,1.283914217722008
0.3000700390424226,0.6628697441591266,2.2884346119674945,0.0,0.0,-1.54647,-0.14117073222104345,-0.18436327068355213,-0.142333,-0.189094,1.3111416388475954
0.2822316817691093,0.5885960572684741,2.1647946715188326,0.0,0.0,-1.64807,-0.1375488714749197,-0.17866744698115422,-0.138838,-0.184035,1.3353613624399432
0.2678589205916886,0.5101132042466174,2.0476547266495735,0.750951,-0.374093,-1.72795,-0.1339833204773234,-0.1744382622379405,-0.135022,-0.18011,1.3582936063105882
0.25378544097050043,0.4323207988048587,1.8930265548617724,0.715939,-0.383131,-1.78099,-0.13062794872398642,-0.17141915896648674,-0.131645,-0.177041,1.3754288639097403
0.21709090385382623,0.3417051183826,1.5881626172019163,0.715939,-0.383131,-1.78099,-0.1289931877402192,-0.17049245650677977,-0.131645,-0.177041,1.3752103680783316
0.1978008547818394,0.2825845659464139,1.4499547258874679,0.692243,-0.386996,-1.82117,-0.12679496174143798,-0.16893352191268132,-0.128189,-0.173206,1.3875591624840826
0.18217775141082485,0.23533024977100667,1.2401546943888264,0.67182,-0.381915,-1.81605,-0.12466296172045037,-0.16753606184277325,-0.125792,-0.170951,1.3891249420167278
0.16707475258392332,0.19432422256947962,0.9468445958918893,0.659171,-0.369725,-1.76412,-0.12274654823099994,-0.16648160832913186,-0.123838,-0.169445,1.3790452998248972
0.1523636913627419,0.16144567733576434,0.6292922270706207,0.653623,-0.353294,-1.68533,-0.12104587247296034,-0.16554595887275259,-0.122109,-0.167922,1.361342542166212
0.139088588670019,0.13670736450665555,0.28070412675351436,0.653965,-0.331313,-1.56802,-0.11948564520671075,-0.16459823085501973,-0.120445,-0.166386,1.333823558758094
0.1291607185285593,0.11846648911610536,-0.08021584191361059,0.658274,-0.304085,-1.4107,-0.1179165404045587,-0.1636167826087847,-0.118634,-0.164935,1.2971367980053612
0.12263476368998238,0.10771543023904145,-0.422480649287429,0.664706,-0.272669,-1.22862,-0.1162813873729572,-0.16243205084145976,-0.116753,-0.163209,1.2541697278555666
0.1207213527922861,0.10139641294860817,-0.7589572217751179,0.672042,-0.236497,-1.01099,-0.11444572310989029,-0.16112634217468783,-0.114584,-0.161583,1.2039555544778318
0.12298462823938934,0.09741448589124983,-1.0646063144107252,0.700977,-0.0627885,-0.771645,-0.11236456062916957,-0.15976723719338165,-0.112201,-0.160055,1.1498729992883867
0.12645928380546909,0.09382718015395024,-1.348267710259228,0.69877,-0.0212564,-0.518114,-0.11016710370514686,-0.15844575537992195,-0.109916,-0.158705,1.0926805621047284
0.13192814315053902,0.09450302680903512,-1.600347348958487,0.694358,0.0200345,-0.262677,-0.10778221927234458,-0.15689984156025696,-0.107387,-0.156851,1.0348169791179633
0.1411087468737353,0.10071651291798922,-1.804474980362884,0.687948,0.0578157,-0.0170244,-0.10506445672730393,-0.15497703137999294,-0.104401,-0.154528,0.9803208111554751
0.15398471906148195,0.10960225330497693,-1.9918898377197205,0.679712,0.0938491,0.232159,-0.10195551074048152,-0.15277814777312823,-0.101025,-0.152136,0.9264979259584571
0.16742465350731983,0.11825633783774926,-2.150982018401371,0.669318,0.128501,0.478005,-0.09860326672618329,-0.1504524066480854,-0.097632,-0.149827,0.8740297013196328
0.18096660784026267,0.12822419365479518,-2.288786654418073,0.0,0.0,0.721283,-0.09502923942001251,-0.14790134924913548,-0.0940506,-0.147181,0.822376087369492
0.19515102807121407,0.14134620229780617,-2.40491133917609,0.0,0.0,0.962381,-0.09119606864568752,-0.14498229111161273,-0.090171,-0.144034,0.7715839602832663
0.20886194263788435,0.1579875503914982,-2.4989277071529403,0.0,0.0,1.19753,-0.08716724970673147,-0.14162062399696765,-0.0861764,-0.140418,0.7218887348827057
0.22092015229075554,0.17616870569354265,-2.542026654725464,0.0,0.0,1.41368,-0.08302831331383524,-0.13789090158632175,-0.0821569,-0.136577,0.6768839245026436
0.23041383131605517,0.19399126456867732,-2.52196331076617,0.0,0.0,1.60327,-0.0788659818096619,-0.13389398681873196,-0.0781799,-0.132606,0.6384128812694377
0.2348023343144149,0.2110255635918878,-2.386132446313918,0.0,0.0,1.73546,-0.07488924492040416,-0.12966402146902392,-0.0745721,-0.128433,0.6120395019530247
0.23327321461323322,0.2259531709509051,-2.111937181810642,0.0,0.0,1.80433,-0.07123349476709918,-0.12530077671485462,-0.071344,-0.124222,0.5998270675129551
0.22432236512023251,0.23413039486717774,-1.7151570727347667,0.555792,0.287987,1.81114,-0.06809284697265369,-0.12114494525605259,-0.0687397,-0.120554,0.6020194421944411
0.20533190597543244,0.23252504312430666,-1.306544482344345,0.577101,0.183607,1.7724,-0.06575911227321317,-0.11750498568921935,-0.0671315,-0.117621,0.6117792116382759
0.17925067840403452,0.22005594823505323,-0.9203102309678393,0.56774,0.172745,1.70347,-0.0641979821372196,-0.11460889315157304,-0.0660828,-0.11551,0.6279316767941702
0.1474167595840894,0.19911289270183186,-0.5785512483227371,0.560826,0.159398,1.60899,-0.06343445112169742,-0.1124725035565463,-0.065735,-0.113986,0.6477708115370139
0.11315835991480569,0.17105656940208833,-0.28780249437579064,0.556611,0.144696,1.50648,-0.06334054062593786,-0.11114144745575968,-0.0658163,-0.113169,0.6692969799661606
0.0818580303528049,0.14124303298633883,-0.012953775432702819,0.555157,0.128239,1.3922,-0.06359921213505493,-0.11037545854541436,-0.0658612,-0.11253,0.6948551019855079
0.05596384387893365,0.11726166136558475,0.22041359825091503,0.554876,0.111794,1.26911,-0.06400129907773658,-0.10970093289336037,-0.0658726,-0.111434,0.720990289513661
0.039160107366492336,0.10391207212704248,0.4163162323814134,0.554192,0.0958384,1.14796,-0.06421674064312534,-0.10870726227096845,-0.0654311,-0.109672,0.746935329057601
0.030375874231830767,0.10026018621635562,0.5742754527521282,0.552767,0.0807211,1.03031,-0.06417088787400962,-0.10728608835019533,-0.0648057,-0.10755,0.7717350582470225
0.02679339932113092,0.102564971272991,0.676397822695743,0.55055,0.0678015,0.927042,-0.06392170449034022,-0.10552956041333651,-0.0641806,-0.105363,0.7925729770974738
0.027647670883682706,0.11019292739761243,0.7354197613472104,0.547544,0.0570396,0.836231,-0.06343653583265416,-0.10338425119861913,-0.0633748,-0.102833,0.8099928713196954
0.03287239662429778,0.1222229942844479,0.7558471906984666,0.54371,0.0485368,0.76072,-0.06264877641495523,-0.10082587951431461,-0.0622712,-0.0999565,0.8240039290815313
0.04171297647023496,0.13855041162119933,0.752463668921574,0.539288,0.0416644,0.692514,-0.06153838414628276,-0.09779093709326506,-0.0608995,-0.096611,0.8357310889402203
0.05246906012833551,0.15559774708535265,0.7308310385327579,0.534155,0.0358779,0.63446,-0.06015991228550688,-0.09444716357639557,-0.0593826,-0.0932152,0.8454452331473243
0.06466203874774122,0.171703217454696,0.7086222284822689,0.528374,0.0304006,0.582123,-0.0585143526926577,-0.09089289760250047,-0.0576332,-0.089729,0.8547622861712866
0.07542450757577021,0.18837704423290721,0.6593270148587247,0.522387,0.0268678,0.529731,-0.05676827372399956,-0.08704337114127186,-0.0559905,-0.0858384,0.860815285061881
0.08650655311701695,0.20569399371568473,0.5862748629439097,0.515916,0.0252925,0.491906,-0.05482886864527781,-0.0828845478325322,-0.054028,-0.0816331,0.8635758073091321
0.09706236459314614,0.2202438710119269,0.48435537889401536,0.0,1.12292,0.0,-0.05274693917127311,-0.0786315792125542,-0.0519841,-0.0775801,0.8621078335193801
0.10753418379676118,0.2336326550133614,0.4184451445797368,0.0,1.12292,0.0,-0.050501669283069546,-0.07422257022566249,-0.0497449,-0.073255,0.8628543063308621
0.11751733930477358,0.2454580855913473,0.33372654850112043,0.0,1.12292,0.0,-0.04812115491529899,-0.06970269101675491,-0.0473997,-0.0688481,0.8604561127284938
0.12767722534555218,0.2568066529689416,0.25978225585214865,0.0,1.12292,0.0,-0.04556922673994353,-0.06502512943799141,-0.044835,-0.064205,0.8578509795758413
0.13853675672548088,0.2687684896992747,0.19291434939490293,0.0,1.12292,0.0,-0.04280848816498501,-0.060125448710447955,-0.0420237,-0.059261,0.8547946921416273
0.14183792384082053,0.282115182371954,0.13254071918925345,0.0,1.12292,0.0,-0.040373666176763814,-0.05494282840226331,-0.0401351,-0.0539783,0.8513513811509436
0.1344519203142156,0.2963105278874073,0.09713782281607519,0.0,1.12292,0.0,-0.03859253404349376,-0.04949055818564797,-0.0391263,-0.0484647,0.8496373453756184
0.11933725481578733,0.3118262262993885,0.09063552057323719,0.0,1.12292,0.0,-0.03744050511305878,-0.04372387642153188,-0.0385328,-0.0426026,0.8504868668241381
0.09801704428379945,0.3265518059360836,0.1104078015437942,0.0,1.12292,0.0,-0.03694054761252425,-0.03776117673259659,-0.0384813,-0.036697,0.8540809814633994
0.07140229040587875,0.33848997404647113,0.1468728888552165,0.0,1.12292,0.0,-0.03713172567318643,-0.031747138245036055,-0.0390551,-0.0308844,0.8598080230798367
0.04267960372328462,0.3477806384243366,0.220017750772581,0.0,1.12292,0.0,-0.03788809122524248,-0.02571711050506772,-0.0399638,-0.0250457,0.870128251930387
0.014296779227325376,0.35350434903847283,0.30226068236639003,0.0,1.12292,0.0,-0.03908155212133142,-0.01977423666558167,-0.0411327,-0.0193606,0.8826907681886105
-0.012133485468337469,0.3545686073217326,0.3796508878333903,0.0,1.12292,0.0,-0.040600058193876166,-0.014047810989615378,-0.0425101,-0.0139709,0.8960930724286237
-0.03372625236745408,0.3541313420106611,0.44579166926187225,0.0,1.12292,0.0,-0.04222165072103506,-0.008403620050694482,-0.0437821,-0.00843522,0.9095090384355322
-0.05031468182117883,0.3535610710892929,0.5406882669095373,0.0,1.12292,0.0,-0.04385790028613449,-0.002775218104728717,-0.0450567,-0.00281643,0.9271866528217954
-0.06257456168601175,0.3491816844268601,0.6163286898560747,0.0,1.12292,0.0,-0.04547341254018734,0.002592246108131958,-0.0463594,0.00227576,0.9443801227364556
-0.06756312807698797,0.33989561336324187,0.701457290943502,0.0,1.12292,0.0,-0.046804390165191105,0.007565268559007327,-0.0471649,0.00689419,0.963824161343351
-0.07069085189531706,0.32879537982413437,0.7788541258233375,0.0,1.12292,0.0,-0.048092168088484634,0.012269783041356844,-0.0483182,0.0114676,0.9838437110549232
-0.07468201361024603,0.3173236151076166,0.8517806448676093,0.0,1.12292,0.0,-0.04948706983033294,0.016772132567432478,-0.0497755,0.0159431,1.0045944926173664
-0.07821528782695351,0.30479240358977583,0.9326863824063724,0.0,1.12292,0.0,-0.050915560087815226,0.0210208958446146,-0.0511709,0.0201153,1.0274326243161194
-0.0823395442708126,0.2916081573211137,1.0191433336733202,0.0,1.12292,0.0,-0.05243965144401111,0.02502598885192206,-0.0527377,0.0240732,1.0523090055719067
-0.08635338030697057,0.27891211178637826,1.0979998893731895,0.0,1.12292,0.0,-0.05402243122012712,0.02885240794110571,-0.0543125,0.0279349,1.0777918703263023
-0.09156901191468694,0.26727924456201774,1.180384541958112,0.0,1.12292,0.0,-0.05574888079276581,0.03254597499813055,-0.0561258,0.0317053,1.1049390329396969
-0.08370500133808166,0.2302990742886616,1.0201287962601995,0.0,1.12292,0.0,-0.05669411019810335,0.03437775417452361,-0.0561258,0.0317053,1.1053251686861598
-0.0699193767513554,0.18435707145608973,0.8489250405874728,0.0,1.12292,0.0,-0.05712204879233604,0.03502540091755425,-0.0561258,0.0317053,1.1048022489201903
-0.09069071929072972,0.21789546489745462,1.396257149857113,0.0,1.12292,0.0,-0.059613912777591906,0.040192273475847994,-0.061115,0.042616,1.1699933281817565
-0.10760512069184115,0.2458520331191436,1.442550778903983,0.0,1.12292,0.0,-0.06218314319904886,0.04552675647813048,-0.0634055,0.0475471,1.2007683688820239
-0.11916335856919083,0.26764357067510397,1.4385564047689368,0.0,1.12292,0.0,-0.06466891825745716,0.05090098611785102,-0.0655042,0.0524758,1.2233840016217699
-0.1283902062575679,0.28583696486944776,1.4201736242398006,0.0,1.12292,0.0,-0.06718550134979848,0.056386013942931495,-0.0678523,0.0577008,1.2444167458664228
-0.13368779362938918,0.299853153689345,1.4241722967867974,0.0,1.12292,0.0,-0.06958995807736755,0.0618859889710415,-0.0699728,0.0628989,1.2675663954303298
-0.13805228017718207,0.30856612769500197,1.4457134763518424,0.0,1.12292,0.0,-0.07201749068176047,0.06725963757330451,-0.0723329,0.0678893,1.2927006859030812
-0.14506923112182296,0.31134627940399645,1.468322868225019,0.0,1.12292,0.0,-0.07469020444836204,0.07238048615926887,-0.0751973,0.0725814,1.3183401493967364
-0.15257192633123173,0.3064203531071985,1.4753383509114149,0.0,1.12292,0.0,-0.07750730105974771,0.07703638300921718,-0.0780495,0.0766804,1.3426135703805098
-0.16014804695517423,0.29811245069106,1.4945197484154955,0.0,1.12292,0.0,-0.0804492948090156,0.08138988902821226,-0.0809968,0.0807895,1.3683228534263696
-0.16873726962877167,0.2885797664293548,1.5005449791543173,0.0,1.12292,0.0,-0.08357948073829052,0.08552950060974016,-0.0842002,0.0848406,1.392904465125255
-0.17799269858583922,0.2780679434533194,1.4993414378032068,0.0,1.12292,0.0,-0.08689113586090913,0.08945186024457165,-0.08756,0.0886922,1.4167811135199913
-0.18655044542999927,0.2678837044181507,1.4947877211595701,0.0,1.12292,0.0,-0.09030475540904392,0.09322768666319534,-0.0909232,0.0924917,1.440274199239057
-0.19658068391302838,0.25893322155719567,1.5027160838338878,0.0,1.12292,0.0,-0.09395264252889333,0.09692212653186687,-0.0946775,0.0962753,1.4650527998966993
-0.20742413868399548,0.2521469097071816,1.5251601687670104,0.0,0.0,1.23121,-0.09781477364688372,0.10061642790498605,-0.0985984,0.100126,1.4915701691097014
-0.21429993222302682,0.24486397473603913,1.557972200115795,0.0,0.0,1.23121,-0.10158810550192934,0.10416931747832803,-0.102085,0.103643,1.5196526438860374
-0.21633855863145074,0.23838781214200544,1.5989125888930098,0.0,0.0,1.23121,-0.10515167413277943,0.1076590142798528,-0.105299,0.107191,1.5492382987352176
-0.21731350798440152,0.2297141608695294,1.6364986166506947,0.0,0.0,1.23121,-0.10867754311867732,0.11089982068200728,-0.108748,0.110273,1.5791512601969315
-0.1926952506546426,0.19862301511783073,1.4105218176538812,0.0,0.0,1.23121,-0.11052709306755715,0.11251987073208838,-0.108748,0.110273,1.579658813178761
-0.18029262659782921,0.17563597549187213,1.465195521255476,0.0,0.0,1.23121,-0.11279030318602287,0.11417820949563594,-0.111894,0.112517,1.6070752933946155
-0.17133159794230715,0.1558392003516377,1.469617107158884,0.0,0.0,1.23121,-0.11508258864714395,0.11567965794382626,-0.114435,0.114249,1.6310258598616765
-0.1611137772367823,0.13585669811883538,1.4486831678898708,0.0,0.0,1.23121,-0.1171484135172219,0.11685207992485518,-0.11641,0.115408,1.652230390274568
-0.14696939117912633,0.11389622796188291,1.3969944980520992,0.0,0.0,1.23121,-0.11879117548719863,0.11757402217192692,-0.117769,0.115987,1.669856533337678
-0.12837730598593958,0.08879520699564732,1.3310858063060018,0.0,0.0,1.23121,-0.11991359834798893,0.11773698105444508,-0.11857,0.115923,1.6853173147304397
-0.10328876250158242,0.06165377487674738,1.2836614997762892,0.0,0.0,1.23121,-0.12030907934149224,0.11736343590017388,-0.118496,0.115402,1.7017035830990017
-0.07429732436754143,0.035370935661586334,1.2365177544716608,0.0,0.0,1.23121,-0.12004513069556046,0.11661238777619683,-0.11795,0.114713,1.7172771457777085
-0.04480588129252769,0.011325298502819159,1.2351856516966586,0.0,0.0,1.23121,-0.11928426466362786,0.1155887113985418,-0.117153,0.113851,1.7369211761319563
-0.017509404199811226,-0.010086873591053844,1.249904500431374,0.0,0.0,1.23121,-0.11819664056971572,0.11435439819408343,-0.116224,0.112807,1.7582967855099234
0.004805203833779723,-0.027604507581697163,1.2708013660225532,0.0,0.0,1.23121,-0.11700161473247446,0.1130349507444129,-0.115389,0.111769,1.7806218332233053
0.02070205208896077,-0.04299221267602096,1.2792569853407574,0.0,0.0,1.23121,-0.1158738210618634,0.11157602670003099,-0.114725,0.110464,1.8019023067634492
0.03267375501470679,-0.05437539352302885,1.2822123086213923,0.0,0.0,1.23121,-0.1147511617129821,0.1101356308572695,-0.113886,0.109313,1.8226972711148204
0.03911552244822286,-0.06056598125385073,1.2815566203309372,0.0,0.0,1.23121,-0.11380252863715215,0.10885637657781716,-0.113337,0.108409,1.8431406073179544
0.041353495787824116,-0.060134696816285506,1.2479840790286978,0.0,0.0,1.23121,-0.1130287321161498,0.10791583227180788,-0.112867,0.107947,1.8599725500490916
0.03997374240505023,-0.05388124876958775,1.2178997743745552,0.0,0.0,1.23121,-0.11245828905599,0.10736708068178083,-0.112558,0.107819,1.8767552683672208
0.03494906878311103,-0.04434906272343442,1.2171379885557732,0.0,0.0,1.23121,-0.11215088079591551,0.10713513539491375,-0.112514,0.107824,1.8961606809596714
0.028399459345535758,-0.03319498117285454,1.2247985111048165,0.0,0.0,1.23121,-0.1120246779208002,0.10716292551244413,-0.112498,0.107969,1.9164730289750416
0.019483755122436337,-0.022331814376543288,1.2171645931873938,0.0,0.0,1.23121,-0.11215968682367569,0.10734994911357222,-0.112804,0.108135,1.9352272275819622
0.010160898602381445,-0.012891114167899023,1.19705565438587,0.0,0.0,1.23121,-0.11246426305824621,0.10761674682224233,-0.113138,0.108299,1.9525186590201293
0.0023248819194623682,-0.00550171119294387,1.1528145342075304,0.0,0.0,1.23121,-0.11281971284282614,0.10789898837480519,-0.113386,0.108433,1.9669287875011896
-0.004594598121570355,0.0007424586604548051,1.1167125806927414,0.0,0.0,1.23121,-0.11323994839979105,0.10822375119103567,-0.11374,0.108675,1.9815881168610325
-0.009743912522800541,0.004466890653070503,1.0895541156747455,0.0,0.0,1.23121,-0.11365387335304897,0.10848184564638778,-0.114026,0.108751,1.996582651038076
-0.011761787138873759,0.006806065746994795,1.0907118132781752,0.0,0.0,1.23121,-0.11394317380716401,0.10870795431420434,-0.114089,0.108877,2.0141389589456007
-0.012337305940685113,0.00801400248979417,1.109269668565201,0.0,0.0,1.23121,-0.11416940885498772,0.1088967057672533,-0.114211,0.108984,2.0336234469104233
-0.010835551513715827,0.008693821641199351,1.1234769383604113,0.0,0.0,1.23121,-0.11426752762055438,0.10906987135846957,-0.114159,0.109119,2.0529574048932253
-0.007974517887601933,0.007610012011975179,1.1363933455183604,0.0,0.0,1.23121,-0.1142517589521909,0.10913732391107447,-0.114045,0.109059,2.0723684433870586
-0.0045031529295973625,0.005636509060596671,1.1497974272347107,0.0,0.0,1.23121,-0.1141498659020426,0.10912861957589325,-0.113899,0.108986,2.0920380055653007
-0.0003050318548858356,0.0038095667989444886,1.161460265377318,0.0,0.0,1.23121,-0.11394438654766423,0.10909802804199319,-0.113641,0.108966,2.1117295021802676
0.0038522633589987585,0.0027835087538008244,1.1756703024144919,0.0,0.0,1.23121,-0.11367443617611674,0.10909115036452721,-0.113374,0.109017,2.1318872902031325
0.005353975960114086,0.0026773734650628396,1.1967513513077472,0.0,0.0,1.23121,-0.11351352459791612,0.10912867010247262,-0.113405,0.109121,2.1530416036522264
0.005923882373406309,0.0004117376787105302,1.1953394876356724,0.0,0.0,1.23121,-0.11339018555328524,0.10902173120433006,-0.113349,0.108858,2.1720313391122175
0.0060930124989088275,-8.921152938625061e-05,1.1965517637264893,0.0,0.0,1.23121,-0.11328422256432558,0.10899520220762929,-0.113272,0.108959,2.191288888978278
0.007066700320729834,-0.00033329279369128447,1.1866309120811003,0.0,0.0,1.23121,-0.11312236571397247,0.10897763907491213,-0.113052,0.10896,2.2093492600793434
0.006700294729026462,-0.0006823896562173433,1.1963281615806136,0.0,0.0,1.23121,-0.11303352088576449,0.10894922826046162,-0.11306,0.108924,2.229381191656026
0.0058642798273759525,6.6948981018088e-05,1.200254050120786,0.0,0.0,1.23121,-0.11298158352551206,0.10898784737835417,-0.113042,0.109042,2.2489563851176877
0.003564411969888359,0.0008697036745902994,1.20368306961374,0.0,0.0,1.23121,-0.11303979493898589,0.10904198714835282,-0.113206,0.1091,2.268536851485981
0.0016114939806614044,0.0013979596715896767,1.1972120889522597,0.0,0.0,1.23121,-0.1131118680421363,0.10909082440659515,-0.113253,0.109129,2.2870860444687158
-0.0004691939675947167,0.0010352377556822122,1.1887741479462715,0.0,0.0,1.23121,-0.11322363446214297,0.109089212905219,-0.113374,0.109063,2.305327722403379
-0.0017978877968447152,0.0009862643600733027,1.1913616209469289,0.0,0.0,1.23121,-0.11331897898807942,0.10910253917125227,-0.113415,0.109099,2.3246276473005265
-0.0025007212708270665,0.0015693206358309932,1.1930858356208658,0.0,0.0,1.23121,-0.11339420817731084,0.10915686414268479,-0.113445,0.109199,2.343878413761503
-0.0013211777139474753,0.001649007729654277,1.2068714522238613,0.0,0.0,1.23121,-0.1133562423360767,0.10918724123510061,-0.113271,0.109193,2.3644775728565577
0.00014137484868660243,0.00012687677363613535,1.2060920137029327,0.0,0.0,1.23121,-0.11328069461072189,0.10911300017570263,-0.113175,0.109003,2.383700732148962
0.0025509997160931565,-0.001687248774916626,1.1949304652785386,0.0,0.0,1.23121,-0.11311913689521534,0.1089951018137424,-0.112945,0.108864,2.4017803961684607
0.0035144728220182536,-0.002439592711829691,1.0186013995625622,0.0,0.0,1.23121,-0.11301462752483123,0.1089183698063048,-0.112945,0.108864,2.4019249789168495
0.002982556869863929,-0.0021168207251360325,1.1409817675821858,0.0,0.0,1.23121,-0.11299355991180346,0.10890067416518415,-0.113032,0.108924,2.4292211834772726
0.0011674861091652744,-0.0016601282584319836,1.2031823975694618,0.0,0.0,1.23121,-0.11306582987840162,0.10889699610412568,-0.113197,0.10893,2.455339820534855
-0.0005224821497607987,-0.0006659773680710145,1.2276341913584419,0.0,0.0,1.23121,-0.11315887068866924,0.10893615547691066,-0.113281,0.109008,2.47756312838927
-0.002537072584448152,0.0008046617628553973,1.2394644106429866,0.0,0.0,1.23121,-0.1133004111458293,0.10902272099545215,-0.113446,0.109129,2.4985494200383043
-0.0035271023989703306,0.0023902365290835144,1.2468662959943928,0.0,0.0,1.23121,-0.11340645329561316,0.10914041491638078,-0.113478,0.109255,2.5192032336930748
-0.004069923660522111,0.0032454562227857493,1.2376691793097185,0.0,0.0,1.23121,-0.11349877181538832,0.10923519564854152,-0.113538,0.109297,2.5381387197858394
-0.003810552308425479,0.004646551817663235,1.2177676529535921,0.0,0.0,1.23121,-0.11354674404708087,0.10937974671361005,-0.113528,0.109481,2.5557980106267983
-0.002959873996352948,0.004841011763437997,1.218680015247898,0.0,0.0,1.23121,-0.11355147615842409,0.10946694691992974,-0.11349,0.109481,2.5753791831681614
-0.0006846551105867561,0.004845325335059063,1.2134367094212957,0.0,0.0,1.23121,-0.11344842374830279,0.10954468827016207,-0.113284,0.109545,2.5943048625877263
0.0012259329137160324,0.004171697442212865,1.2079500093291677,0.0,0.0,1.23121,-0.11333307288889152,0.10957768121647372,-0.113195,0.109529,2.6131250244202637
0.002797441197105603,0.0035326501375743183,1.1908216111635666,0.0,0.0,1.23121,-0.11320956853798125,0.10960218217342904,-0.113096,0.109556,2.6305957836435714
0.0037716718504393963,0.0025519508683059947,1.1900878388379084,0.0,0.0,1.23121,-0.11310040494289791,0.10959387241180164,-0.11303,0.109523,2.649570658446172
0.0042562827845467974,0.00232283757269759,1.1764431774945279,0.0,0.0,1.23121,-0.1130080214859559,0.10961955738139553,-0.112973,0.109603,2.6671227661282844
0.004674861482130045,0.0015588083929974112,1.1755564901564097,0.0,0.0,1.23121,-0.11291224951966024,0.10960621426633935,-0.112882,0.109551,2.6858507999443493
0.004894927718302621,-0.001679884744156159,1.1895481045100553,0.0,0.0,1.23121,-0.1128229035755429,0.1094170513559134,-0.112807,0.109183,2.706187375460952
0.0057229997451220425,-0.00558356640017137,1.1915011404496343,0.0,0.0,1.23121,-0.11268984246498924,0.10913210822882949,-0.11263,0.10885,2.7254381788887336
0.004257958650343758,-0.008848391117640146,1.177460941021757,0.0,0.0,1.23121,-0.1126951255499732,0.10882693981262907,-0.112801,0.108591,2.7429632758923814
0.0009264267919131754,-0.010173523042735826,1.1677082332590696,0.0,0.0,1.23121,-0.11284723944760643,0.10859776360300234,-0.113088,0.108502,2.760758721338737
-0.0031175268504434,-0.010057803233511907,1.1583935693180898,0.0,0.0,1.23121,-0.11309975470439404,0.1084426372508577,-0.113392,0.108451,2.7784384431707707
-0.007701905510082083,-0.009369186212915,1.1716122798272324,0.0,0.0,1.23121,-0.11345269968969895,0.10832723556090362,-0.113784,0.108377,2.798397992573114
-0.011062835918014132,-0.00820805850600877,1.1886512021968199,0.0,0.0,1.23121,-0.11379811489610331,0.10825408852624153,-0.114041,0.108338,2.8190449966049855
-0.012326643139311422,-0.006833243912887881,1.1991249721263,0.0,0.0,1.23121,-0.11405866816298078,0.10821364596859824,-0.11415,0.108313,2.8392405534954457
-0.011171130344738135,-0.006286282693409605,1.1963008158386599,0.0,0.0,1.23121,-0.11417950569964243,0.10814047263212981,-0.114096,0.10818,2.8581126654526727
-0.008647242529529682,-0.004970239555087242,1.1896106039811054,0.0,0.0,1.23121,-0.11419139436102983,0.10812689321836906,-0.114009,0.108222,2.876526159035237
-0.006690605748769724,-0.0044525850030336074,1.2041107738086978,0.0,0.0,1.23121,-0.11420040070459696,0.1080815905435705,-0.114059,0.108119,2.897126845644151
-0.005494941694923772,-0.004801991120915054,1.2149046363096678,0.0,0.0,1.23121,-0.11422840731960962,0.10798725060948704,-0.114142,0.107962,2.91760026219995
-0.004769910768767244,-0.004002851157920441,1.2173222722868744,0.0,0.0,1.23121,-0.11426839597089312,0.10796324837488994,-0.114216,0.108021,2.937307754008217
-0.003059240524548666,-0.0022915832605717706,1.2009988315288762,0.0,0.0,1.23121,-0.11423162538629762,0.10801233142297095,-0.114108,0.108136,2.9549954933082323
-0.001270097533432185,0.0005437049106114785,1.1925889063448059,0.0,0.0,1.23121,-0.11416229639371817,0.1081631016003159,-0.114033,0.108368,2.973317434102322
-0.00013826308660556106,0.0036092741161377695,1.1900223306642645,0.0,0.0,1.23121,-0.11410779453122938,0.108374459829686,-0.114026,0.108596,2.9921223279691094
0.0009602474002570298,0.006498458280005469,1.1834346842746244,0.0,0.0,1.23121,-0.11403738630121693,0.10862320668664799,-0.113958,0.108832,3.0104460713360037
0.002557514471627672,0.00792080715161534,1.1670933085075834,0.0,0.0,1.23121,-0.11391643005403058,0.10882121079834234,-0.113801,0.108924,3.0276149332437083
0.0038331019241903425,0.006736031483100136,1.158534878745069,0.0,0.0,1.23121,-0.1137911831616072,0.10886962044624979,-0.113699,0.108784,3.0453775762975837
0.004757063873641144,0.005222777896195711,1.1386261720034452,0.0,0.0,1.23121,-0.11366877216331504,0.10887735863289817,-0.113602,0.108768,3.0617680585051805
0.004653426471981137,0.0034672402867228736,1.151772977788278,0.0,0.0,1.23121,-0.11359951041288735,0.10884486782614274,-0.113607,0.108718,3.0813779725581836
0.0036204069261517027,0.0023807483439156714,1.1695588017407281,0.0,0.0,1.23121,-0.11359334654715732,0.10882851775442563,-0.113668,0.10875,3.1017944300661355
0.0018528954732314302,0.0008731837920838072,1.1856620648627072,0.0,0.0,1.23121,-0.11365226685745473,0.10876694750213765,-0.11378,0.108658,3.1223259227926867
0.00017355359785043182,0.0006858784060474885,1.1856927619505886,0.0,0.0,1.23121,-0.11373363862788788,0.10876853603991338,-0.113855,0.108755,3.1412999709394893
-0.0014823647332947983,0.0012025160938073398,1.176560996729763,0.0,0.0,1.23121,-0.11384033138235906,0.10881366402952815,-0.11396,0.108851,-3.1239115010336045
-0.002385349322744336,0.0027352728911337718,1.1636092879037305,0.0,0.0,1.23121,-0.11392374381221701,0.10893423192426467,-0.113989,0.109045,-3.106478337565657
-0.0026100324419777512,0.0034796520850339796,1.155816118498229,0.0,0.0,1.23121,-0.11397676277514403,0.10902720578354663,-0.113993,0.109081,-3.0886930467760285
-0.003408416904186781,0.0032564893359882923,1.184980682895891,0.0,0.0,1.23121,-0.11407130297283291,0.10906812735192609,-0.114129,0.109052,-3.0670565292663925
-0.003857646987318963,0.0021997172118281482,1.2114474216894193,0.0,0.0,1.23121,-0.11415553538985586,0.10905036998569384,-0.114188,0.108974,-3.0450407539425064
-0.0026344683082937517,0.0016102662835140802,1.2090172420971557,0.0,0.0,1.23121,-0.11413639572513554,0.10904659798109109,-0.114048,0.109004,-3.0259376072543187
-0.000296282444923226,0.0015931950195055523,1.194072960460456,0.0,0.0,1.23121,-0.11402397419685162,0.10907123369282583,-0.113855,0.10907,-3.0082161844298367
0.002924773987582878,0.002151641327865191,1.1696091646596838,0.0,0.0,1.23121,-0.11381577680026339,0.10913364263666199,-0.113583,0.109174,-2.9917089805512016
0.005294997344200456,0.0033435525847274866,1.1615038023556492,0.0,0.0,1.23121,-0.11361228945748825,0.10924686388460308,-0.113441,0.109333,-2.973843050864106
0.006036238626695643,0.0048296504915118325,1.1787195198080116,0.0,0.0,1.23121,-0.11347856744831325,0.10939860383266548,-0.113425,0.109506,-2.9534056540452585
0.005566412291248151,0.004714902858188576,1.1974937993189299,0.0,0.0,1.23121,-0.11341304695591756,0.10946829249269067,-0.113447,0.10946,-2.932426195484487
0.0031742542119435366,0.0033293166291831753,1.2043668800550664,0.0,0.0,1.23121,-0.11348212538103795,0.10945213246760348,-0.113655,0.109352,-2.9124863161515253
-0.0006534708817230372,0.0018521635282141495,1.1981540266518895,0.0,0.0,1.23121,-0.11368438094092369,0.10940774975106697,-0.113961,0.109301,-2.8939041130904046
-0.005048499728485054,0.0019361064773291059,1.1830117893238723,0.0,0.0,1.23121,-0.11398538347466065,0.10944293367626147,-0.114303,0.109449,-2.876366252707193
-0.008183744715352529,0.0012646617456373356,1.1837414649074725,0.0,0.0,1.23121,-0.11427342455452821,0.10942952344548193,-0.1145,0.109381,-2.8573606525255624
-0.009481920787994948,-0.00032346851292044563,1.1751324972273598,0.0,0.0,1.23121,-0.11449018442157095,0.1093447697619507,-0.114584,0.10923,-2.839361974826213
-0.008694965759882479,-0.002503006488386741,1.1821463677323962,0.0,0.0,1.23121,-0.11458987105371596,0.10919550915471755,-0.114533,0.109038,-2.819806361895764
-0.004807057828011365,-0.004855023089992832,1.1767914580081371,0.0,0.0,1.23121,-0.11447196830560509,0.10899997370588203,-0.114191,0.10883,-2.801484933400974
-0.0022207495922524673,-0.005522001393316741,1.0040154717248335,0.0,0.0,1.23121,-0.11437790531141871,0.10887820066911154,-0.114191,0.10883,-2.801323535859123
0.0008393141790881166,-0.005000583607562415,1.0014782528859425,0.0,0.0,1.23121,-0.11421114230787952,0.10882431858512523,-0.11399,0.108862,-2.7854783692491707
0.002932991578456209,-0.006086826782554968,1.1679553777552802,0.0,0.0,1.23121,-0.11405930424940412,0.10867249977666674,-0.113908,0.108594,-2.7512938436462626
0.0036872907108785047,-0.005950317961505961,1.0501610579831095,0.0,0.0,1.23121,-0.1139625111028527,0.1085841348867251,-0.113908,0.108594,-2.7502016220650085
0.0031128707328470662,-0.005039243643719642,1.0537185026077727,0.0,0.0,1.23121,-0.11394148826392976,0.10854915919002343,-0.113983,0.108615,-2.733082770009226
0.002713105314967637,-0.004956362475022377,1.0792660302933033,0.0,0.0,1.23121,-0.11391811006380055,0.10847401040818262,-0.113947,0.10848,-2.7134020590988297
0.0021906160371514276,-0.0043399852832454264,0.930123459137956,0.0,0.0,1.23121,-0.11390924115137054,0.10843545613264977,-0.113947,0.10848,-2.7130776447768383
0.0029363508578956173,-0.004939921513636821,1.0899160061076478,0.0,0.0,1.23121,-0.11382489218383944,0.10832635572474399,-0.113771,0.108283,-2.6839315004547504
0.0031814131277266033,-0.0054697629643961285,1.150076329897673,0.0,0.0,1.23121,-0.11376170996945625,0.1082122901697437,-0.113744,0.108174,-2.658132263591505
0.0031005270235237724,-0.005562076841420504,1.1837693588913751,0.0,0.0,1.23121,-0.11371615458595134,0.10811867126744405,-0.113722,0.108112,-2.6354839278681887
0.002620283536327901,-0.0059210862213231845,1.1987823610970587,0.0,0.0,1.23121,-0.11369829413729961,0.10800594461055539,-0.113733,0.10798,-2.614782775864451
0.0019653228178980096,-0.005142097824757908,1.2132707257608482,0.0,0.0,1.23121,-0.11369966780836382,0.10796270467261461,-0.113747,0.108019,-2.593972855566715
0.0022993610201865427,-0.004682703097547318,1.2170788274396354,0.0,0.0,1.23121,-0.1136461400129193,0.10791080081926575,-0.113622,0.107944,-2.5741335381392743
0.0020706369723910325,-0.004009733163271626,1.1965116358944456,0.0,0.0,1.23121,-0.11362447074846259,0.10788036633236435,-0.113641,0.107929,-2.5569202120930394
0.0017045352503618231,-0.0035848785138629952,1.1931808504721109,0.0,0.0,1.23121,-0.1136155428455817,0.10784429693473596,-0.113642,0.107875,-2.5381270684362103
0.000904322336092238,-0.0033965420286796765,1.186752141630516,0.0,0.0,1.23121,-0.11364117083568194,0.10779938944541567,-0.113699,0.107813,-2.519734096639266
0.001126194836254187,-0.0037798818669691403,1.177443955569574,1.5269,0.0,0.0,-0.11361203410922359,0.10771970290519284,-0.113596,0.107692,-2.5017515193024984
0.0009528618453567668,-0.0048293811192223635,1.163170267153875,1.5269,0.0,0.0,-0.11360547370626792,0.10758984439544521,-0.113618,0.107514,-2.484447134120761
0.0005570392153698992,-0.005072013240567179,1.1537473129867475,1.5269,0.0,0.0,-0.11361639499812845,0.10749653434937613,-0.113645,0.107479,-2.4668416293179303
-0.0018604267625120618,-0.004446050010968608,1.1429766139310094,1.5269,0.0,0.0,-0.11376729644951326,0.10745676337632647,-0.113942,0.107502,-2.449540273015197
-0.003392034578330072,-0.003532784383423631,1.1312681731002128,1.5269,0.0,0.0,-0.1138983149579664,0.10744600083015464,-0.114009,0.107512,-2.4325094810919445
-0.0068349352870741426,-0.005335680154469001,1.1258951184695833,1.5269,0.0,0.0,-0.1141801911301776,0.10727029026891832,-0.114429,0.10714,-2.414985167831934
-0.014043228659991754,-0.012113763005759694,1.0982587345955996,1.5269,0.0,0.0,-0.11476607666262088,0.1067368332181085,-0.115287,0.106247,-2.3999644494414967
-0.024856079348772667,-0.0261987385921804,1.0384113299964444,1.5269,0.0,0.0,-0.11570558531888499,0.1056118820574851,-0.116487,0.104594,-2.3886584976332035
-0.038772704116497164,-0.047855073195078826,0.9484965940367707,1.5269,0.0,0.0,-0.1170232841885025,0.10376104314032579,-0.118029,0.102196,-2.381113627828136
-0.05506428370331974,-0.07643214862242503,0.833424828724832,1.5269,0.0,0.0,-0.11872065280136483,0.10110618585384969,-0.119898,0.099041,-2.377316771712495
-0.07460764339335003,-0.10899916607824597,0.7196925064124093,1.5269,0.0,0.0,-0.12089365568677037,0.09773032788016497,-0.122306,0.0953768,-2.3751606692796514
-0.0967909489813875,-0.1426788801229091,0.6152448913004706,1.5269,0.0,0.0,-0.12355387413050671,0.0937598393715629,-0.125157,0.0913259,-2.374090678084022
-0.11997044859034542,-0.17572434860236522,0.514444120730036,1.5269,0.0,0.0,-0.1266348819560477,0.08929240420650332,-0.12831,0.0869043,-2.3745258478057134
-0.14007945977720074,-0.20584687779268573,0.40233430264677245,1.5269,0.0,0.0,-0.12988377762447803,0.08448947150402013,-0.131337,0.0823126,-2.3779162274331886
-0.15804473719347678,-0.22947046507099972,0.29164378559547266,1.5269,0.0,0.0,-0.1333126993087727,0.0796342110261385,-0.134611,0.077927,-2.3830868990727008
-0.17460538463418035,-0.24876786273345292,0.20732297236664365,1.5269,0.0,0.0,-0.13693620801503695,0.07468696932078059,-0.138133,0.0732924,-2.387383734413289
-0.18825742767877118,-0.2713194529111921,0.14872452469397768,1.5269,0.0,0.0,-0.14063240477462377,0.06921584077369425,-0.141619,0.0675861,-2.3903673462107236
-0.19951287682735283,-0.29883468839747795,0.12607532317382247,1.5269,0.0,0.0,-0.14438859995773634,0.06305574963110688,-0.145202,0.0610673,-2.390433479039418
-0.20989907870614471,-0.3254824649323038,0.08784717116296777,1.5269,0.0,0.0,-0.14826741804315,0.05651276078249097,-0.149018,0.054587,-2.3925581688736073
-0.22075503692821916,-0.3443430633068444,0.03741947127934762,1.5269,0.0,0.0,-0.15234347005720683,0.05005820304967416,-0.153128,0.0486952,-2.396626185692501
-0.23177180890176968,-0.3598011235311774,0.000782505838523892,1.5269,0.0,0.0,-0.15660384849412926,0.04352681106982978,-0.1574,0.0424097,-2.400015958927746
-0.24524821898451257,-0.3796991305224495,-0.020985757089496713,1.5269,0.0,0.0,-0.16120309728086712,0.03645457368847808,-0.162177,0.0350166,-2.402372371159671
-0.2613344055130599,-0.4052563439701608,-0.04501242644259893,1.5269,0.0,0.0,-0.16619049598710325,0.02868984881777591,-0.167353,0.0268429,-2.4053194047400313
-0.27937341360305246,-0.4276956583262885,-0.08770141558032213,1.5269,0.0,0.0,-0.17156437099780744,0.020722326911969288,-0.172868,0.0191007,-2.410686217552889
-0.29471324716550595,-0.4444522329202791,-0.1342492019842133,1.5269,0.0,0.0,-0.1770484328425899,0.012771451096044328,-0.178157,0.0115605,-2.4171909093523536
-0.304152467965179,-0.4587199893611539,-0.1685965415720474,1.5269,0.0,0.0,-0.18238785373501887,0.004717001122070206,-0.18307,0.00368591,-2.4231168121587077
-0.3137402092865202,-0.4741454372348243,-0.21663216649927336,1.5269,0.0,0.0,-0.1878881205695088,-0.0036422657341553073,-0.188581,-0.00475702,-2.4310874696414886
-0.33011622254429673,-0.4915286473521837,-0.25467692352643556,1.5269,0.0,0.0,-0.1939905510145222,-0.012377763695478999,-0.195174,-0.013634,-2.438765858332324
-0.34969044586935766,-0.506313638928225,-0.27869710820430954,1.5269,0.0,0.0,-0.20056642525760607,-0.021219629731593578,-0.201981,-0.0222881,-2.4454911918816307
-0.370471085072602,-0.5198648418431019,-0.30793960367755435,1.5269,0.0,0.0,-0.2075352409335202,-0.03021649221066373,-0.209037,-0.0311958,-2.4531559614840988
-0.38734708361096487,-0.5332008204996668,-0.3417330376480501,1.5269,0.0,0.0,-0.2145784184672563,-0.03941594586991767,-0.215798,-0.0403797,-2.46180383289954
-0.4045541129249589,-0.5504166144337943,-0.3647925732898075,1.5269,0.0,0.0,-0.2219134957927069,-0.049085262397958025,-0.223157,-0.0503294,-2.46982148977694
-0.4230808154650627,-0.5702067891744648,-0.37140138255810295,1.5269,0.0,0.0,-0.22961112667471598,-0.05920021904871428,-0.23095,-0.0606304,-2.4763840435790963
-0.4415059238581244,-0.5900728484974466,-0.39662644113133777,1.5269,0.0,0.0,-0.23759846860149358,-0.06963683508075845,-0.23893,-0.0710725,-2.485067267083499
-0.45927958905462035,-0.610650212542126,-0.42109252901859495,1.5269,0.0,0.0,-0.24583754659159635,-0.08043833106453008,-0.247122,-0.0819254,-2.494109789674903
-0.4770065939562988,-0.6281306817998192,-0.4478398508996146,1.5269,0.0,0.0,-0.2543579186014802,-0.09136433504759355,-0.255639,-0.0926276,-2.5037981617137466
-0.494075937592745,-0.6447273844233558,-0.47301383619829207,1.5269,0.0,0.0,-0.26311844595413164,-0.10251160240713511,-0.264352,-0.103711,-2.5137495550961972
-0.507541771229822,-0.6613326535924163,-0.5198612800365697,1.5269,0.0,0.0,-0.27191386161121395,-0.113924983326688,-0.272887,-0.115125,-2.5265062190427545
-0.5208495637132627,-0.67294378634964,-0.5759412896662878,1.5269,0.0,0.0,-0.280914282806348,-0.12527389569143094,-0.281876,-0.126113,-2.54119551517768
-0.535629107983788,-0.679267195207934,-0.6444383301210523,1.5269,0.0,0.0,-0.2902249233932306,-0.13645902480827832,-0.291293,-0.136916,-2.558338749334928
-0.5559435027060436,-0.6907410625382042,-0.6927037271774015,1.5269,0.0,0.0,-0.3001379351269313,-0.1480858154825127,-0.301606,-0.148915,-2.574367821848548
-0.5795818857617296,-0.7043874809241658,-0.7320212744067255,1.5269,0.0,0.0,-0.3105957197241336,-0.1600398112530776,-0.312304,-0.161026,-2.5899976392431876
-0.6020206421384837,-0.7147432947187443,-0.7929797732197635,1.5269,0.0,0.0,-0.32135241341164994,-0.17199461410557781,-0.322974,-0.172743,-2.6086801439372076
-0.6176177609558515,-0.7187143292732854,-0.8517973861952958,1.5269,0.0,0.0,-0.33201583955195724,-0.18369302436430082,-0.333143,-0.18398,-2.628367322608109
-0.6314950641251248,-0.7195348973267067,-0.9018393346304479,1.5269,0.0,0.0,-0.34281512585118695,-0.19524669982632215,-0.343818,-0.195306,-2.6479834133329767
-0.6455868336455489,-0.7241942673245367,-0.9170769954524048,1.5269,0.0,0.0,-0.35385062696377806,-0.20706728027401425,-0.354869,-0.207404,-2.6642074929120656
-0.6578432366849478,-0.7323142951250396,-0.9407236935384312,1.5269,0.0,0.0,-0.36499026380070276,-0.21919118814834293,-0.365876,-0.219778,-2.68148930568397
-0.6683020700075609,-0.7390624863975607,-0.9812353049712629,1.5269,0.0,0.0,-0.3762071691704756,-0.23135432696325017,-0.376963,-0.231842,-2.7010783820906923
-0.6845621784027245,-0.7434539721950392,-1.0343336796409721,1.5269,0.0,0.0,-0.38797492713695886,-0.24346963952098977,-0.38915,-0.243787,-2.7229515669034567
-0.7100080310133049,-0.7499659493387308,-1.071982421238029,1.5269,0.0,0.0,-0.4006100989205625,-0.2557953975021364,-0.402449,-0.256266,-2.7440296513032854
-0.7382267377241352,-0.7569913878737571,-1.115796496770107,1.5269,0.0,0.0,-0.41383571245774253,-0.26825929107378343,-0.415875,-0.268767,-2.766303148304098
-0.7618701137865012,-0.7614274875939239,-1.146944144167444,1.5269,0.0,0.0,-0.4272103588934114,-0.2806644153967348,-0.428919,-0.280985,-2.78784864049991
-0.6861248097724403,-0.6757022646177736,-0.9891614402872608,1.5269,0.0,0.0,-0.43439290270019343,-0.2871801237193097,-0.428919,-0.280985,-2.7881878436890077
-0.567231501301995,-0.5528020256128982,-0.8010958178179008,1.5269,0.0,0.0,-0.4375110891168446,-0.28986665885529117,-0.428919,-0.280985,-2.7873195478772645
-0.7165226234339168,-0.661531737588809,-1.2797449848002476,1.5269,0.0,0.0,-0.4564561453351467,-0.3058994057672842,-0.467245,-0.313757,-2.839438794215641
-0.8328475044887069,-0.7465619756020041,-1.3105615565792728,1.5269,0.0,0.0,-0.4756105239973782,-0.3221051009132907,-0.484017,-0.32825,-2.868144911865921
-0.9157663074599821,-0.8018385050678178,-1.3230870324954143,1.5269,0.0,0.0,-0.4944176884581913,-0.33770431877403156,-0.50041,-0.341699,-2.890679318456707
-0.9709716041756377,-0.8314555287694078,-1.303545996748783,1.5269,0.0,0.0,-0.5127194665670005,-0.3524916599733532,-0.516709,-0.354632,-2.9096792393802544
-1.0029642149420661,-0.8407783730622315,-1.3148298700393626,1.5269,0.0,0.0,-0.5303699828955722,-0.36641126394187423,-0.532682,-0.367085,-2.9317197579995917
-1.0162006046368917,-0.8322239725579107,-1.3161122987022915,1.5269,0.0,0.0,-0.5472924428875239,-0.37929820276027204,-0.548249,-0.37868,-2.9528988104812646
-1.0162970628654573,-0.8136817475915668,-1.3232455876170601,1.5269,0.0,0.0,-0.5635580292317831,-0.391387995087907,-0.563565,-0.390048,-2.974733507266563
-1.0136897898596218,-0.7929851158477166,-1.3358071229045272,1.5269,0.0,0.0,-0.5796464203771119,-0.4030386880807626,-0.579458,-0.401543,-2.997288658283318
-1.0136792604179456,-0.7770252616810407,-1.3216246856162364,0.0,0.0,-10.6688,-0.595864760933499,-0.4146713743240564,-0.595864,-0.413518,-3.0170838553444295
-1.0175843707955439,-0.7614243690923309,-1.3125713293945567,0.0,0.0,-10.5887,-0.6123417885214306,-0.42607243316801413,-0.612624,-0.424945,-3.037268004020887
-1.0287775629126805,-0.7456685026074683,-1.3328146213035708,0.0,0.0,-10.5001,-0.6293630991004484,-0.4372136327009707,-0.630172,-0.436075,-3.060441592767875
-1.0474980969277297,-0.7348404970206577,-1.345562780587979,0.0,0.0,-10.4132,-0.6470611190124868,-0.4484285098834952,-0.648414,-0.447646,-3.083208593636072
-1.0696112268353324,-0.7287125413043339,-1.3579173543614642,0.0,0.0,-10.3256,-0.6652829455319832,-0.4597808503361215,-0.666881,-0.459338,-3.1061188816535346
-1.0837920419731557,-0.7204867175558817,-1.3675462630339927,0.0,0.0,-10.2384,-0.6833341918843779,-0.4708964574309136,-0.684359,-0.470302,-3.1289212470682286
-1.0841254500108632,-0.7092979816816003,-1.3720373354795459,0.0,0.0,-10.1513,-0.7006969055273244,-0.48168457885925986,-0.700721,-0.480876,3.13188414477423
-1.0650547608207512,-0.6912286716456779,-1.3688977116415535,0.0,0.0,-10.0662,-0.716782185729282,-0.4918388188396459,-0.715404,-0.490533,3.1102770735843848
-1.0289207024721605,-0.6661123606215541,-1.365101891028322,0.0,0.0,-9.98115,-0.7314343080162248,-0.5012380860244527,-0.728823,-0.499423,3.088786524059378
-0.979352331215807,-0.6401837211556832,-1.3637745863181976,0.0,0.0,-9.89223,-0.744620168489468,-0.5101817907442846,-0.741038,-0.508308,3.0670887877315143
-0.9219085199622274,-0.6111703806965125,-1.3753177360322715,0.0,0.0,-9.79832,-0.7564923046600487,-0.5185067135157528,-0.752341,-0.51641,3.044010449976686
-0.8614653646837565,-0.5775557188301433,-1.391156417626428,0.0,0.0,-9.70295,-0.767247058920532,-0.5260632382313529,-0.762879,-0.523634,3.020234077776358
-0.7975991728800101,-0.5402865749060803,-1.4265108409159335,0.0,0.0,-9.59714,-0.776808432260998,-0.5328403374974897,-0.772193,-0.530147,2.9939784156575797
-0.7357093864608687,-0.5029466599563641,-1.4932305315741652,0.0,0.0,-9.4734,-0.7854786029343185,-0.5390164519229113,-0.781006,-0.536318,2.9632391424070343
-0.680598741773594,-0.46526220534395424,-1.5838245078845183,0.0,0.0,-9.33171,-0.7936066931938522,-0.544572350847201,-0.789624,-0.541849,2.9275012334909065
-0.6336664344657593,-0.42666033532757724,-1.6872264461282576,0.0,0.0,-9.17287,-0.8013936674709098,-0.5494646499098602,-0.798002,-0.546675,2.8869593927136923
-0.5895449075677535,-0.38761279955081956,-1.7988339923475136,0.0,0.0,-8.99436,-0.8086155401790561,-0.5537098569363009,-0.805427,-0.550888,2.8415043738411545
-0.5426271574951491,-0.34749970921162543,-1.8931196107283328,0.0,0.0,-8.81083,-0.8149466154599598,-0.5572598616044112,-0.811556,-0.554361,2.7951265002035948
-0.499001965075477,-0.30775377088450245,-1.9889713337227455,0.0,0.0,-8.62421,-0.820744671465127,-0.5601923285484494,-0.817592,-0.55732,2.747734988824098
-0.46045677587722017,-0.26725963605468955,-2.0991655027357403,0.0,0.0,-8.42559,-0.8261805537445943,-0.5624393986312044,-0.823395,-0.559513,2.6967143752545817
-0.420501224977981,-0.22727018713494385,-2.2077663088192003,0.0,0.0,-8.21309,-0.8309064766667311,-0.5640719263825043,-0.828019,-0.561182,2.642397353244047
-0.3799051400046477,-0.19066503701907217,-2.326595199703245,0.0,0.0,-7.97897,-0.8349507662848585,-0.5652883525095505,-0.832017,-0.562643,2.5827606813231525
-0.3392819385011244,-0.15767510002974625,-2.4408759940075653,0.0,0.0,-7.72212,-0.8383437259211655,-0.5661580910999784,-0.835408,-0.563774,2.517341502836969
-0.2989912499602191,-0.1298819018748307,-2.5381695119060272,0.0,0.0,-7.45017,-0.84110869613308,-0.5668435372209868,-0.838197,-0.564835,2.448628848192194
-0.25910295112700965,-0.10735875510773042,-2.644032468567658,0.0,0.0,-7.15836,-0.8432556165467459,-0.5674326852474233,-0.840373,-0.565805,2.3752475105266884
-0.20831164135479205,-0.08318229561512142,-2.5147594317762603,0.0,0.0,-7.15836,-0.8440435468586791,-0.5675521655651833,-0.840373,-0.565805,2.37313164756142
-0.17166830709108205,-0.06520884278190708,-3.160982415543766,0.0,0.0,-6.8452,-0.8449541119718389,-0.5676948915058981,-0.842306,-0.566396,2.3020648741075056
-0.14320365838737428,-0.05032733801636767,-3.259740354703546,0.0,0.0,-6.5183,-0.8458190610868545,-0.5677544450084973,-0.843762,-0.566679,2.213687917435677
-0.11771992609970566,-0.03488612776208913,-3.316954958352682,0.0,0.0,-6.17989,-0.8464256385384707,-0.5675388933693033,-0.844584,-0.566423,2.1293492912616037
-0.09117503829270371,-0.02095971799832674,-3.432246203923912,0.0,0.0,-5.83434,-0.8465543252999567,-0.5671764229459784,-0.844636,-0.56617,2.0435025041022943
-0.06314167294552948,-0.011190790781007182,-3.5403866770669516,0.0,0.0,-5.49562,-0.8461598934367855,-0.5668659732318581,-0.844134,-0.56616,1.9597746475560744
-0.033807249788949896,-0.005170744129863852,-3.6699138427983327,0.0,0.0,-5.1578,-0.845230917270325,-0.566647052047753,-0.843111,-0.566212,1.876526889083904
-0.008811222634643595,0.0007102464348074707,-3.800022390577038,0.0,0.0,-4.82455,-0.8441193934433303,-0.5663410028506822,-0.842313,-0.565916,1.7938658839623576
0.010522954855789583,0.006474561236377881,-3.9199827748804377,0.0,0.0,-4.49968,-0.8429822272967742,-0.5659485710174089,-0.841585,-0.565532,1.7131559350796595
0.02663030703505953,0.009740880954540945,-4.034645394896309,-0.0912671,-1.44678,-4.17889,-0.8417490335956762,-0.5656290478521762,-0.840585,-0.565393,1.6337581442088402
0.03718095059332559,0.0072562887452603825,-4.118018059715875,0.0185231,-1.44895,-3.87188,-0.8406254657002057,-0.5656374454232471,-0.839863,-0.565817,1.5580364891085101
0.04144883946887334,0.0019688198931218284,-4.205673427547101,0.128642,-1.44297,-3.5641,-0.8397484284728153,-0.5658708893146757,-0.83944,-0.566253,1.481934154221143
0.04375594914942724,-0.0012876264313728663,-4.277183407940747,0.237317,-1.42859,-3.25879,-0.8389327284074493,-0.5660546656705558,-0.838766,-0.56629,1.4062272084919536
0.041672002546478785,-0.006387757757900559,-4.336856301887997,0.344086,-1.40643,-2.95447,-0.8383703989682209,-0.5664124276772269,-0.838521,-0.566781,1.3309034675082705
0.03983386355079092,-0.009627990172569276,-4.370310809674775,0.44586,-1.37708,-2.65904,-0.8378251628011426,-0.5667288374047768,-0.837958,-0.566963,1.2577077182768874
0.042940060400019874,-0.012165398948727525,-4.38869289801933,0.54326,-1.34065,-2.36713,-0.8369824762172605,-0.5670506285166836,-0.836758,-0.567234,1.185815762455524
0.0530678436384448,-0.016954729141990147,-4.4148104909426324,0.638932,-1.29629,-2.06812,-0.8356259067595992,-0.5675618884117205,-0.834894,-0.567908,1.1128719311138353
0.06652270867941977,-0.025148646370049495,-4.451410710241037,0.733072,-1.24376,-1.76077,-0.8338873457188165,-0.5683748483646787,-0.832915,-0.568967,1.0382401448613148
0.08060746291082957,-0.03427435816228695,-4.447872646789133,0.818326,-1.18755,-1.46872,-0.8318918660607734,-0.5693805101600563,-0.830874,-0.57004,0.9674265578028545
0.09691200802185775,-0.03916034583152841,-4.4002081814871055,0.894084,-1.12954,-1.1956,-0.8295242841810513,-0.5702519032444466,-0.828346,-0.570605,0.9011892077274806
0.1164219325106825,-0.04196815304051785,-4.346669159099729,0.964783,-1.06734,-0.92406,-0.8266839280441216,-0.5710640875731113,-0.825274,-0.571267,0.835787730249124
0.13428044309100637,-0.04244816622519608,-4.305728507810402,1.0314,-1.00039,-0.652117,-0.8236405849485919,-0.5717673107806228,-0.82235,-0.571802,0.770108099337849
0.15001372451990716,-0.0421989784356481,-4.236821136320849,1.08995,-0.93315,-0.394067,-0.8204520005417177,-0.5724300081093056,-0.819315,-0.572412,0.7079939867377311
0.1621963951302699,-0.04557969859782163,-4.145720513386348,1.14156,-0.865481,-0.145372,-0.8172464077614799,-0.5733286847455403,-0.816366,-0.573573,0.6486472263861459
0.17398509729427777,-0.04690247838489661,-4.001024390109493,1.1842,-0.802202,0.0783584,-0.8138719367563084,-0.5741454063794782,-0.81302,-0.574241,0.595357324848235
0.18557802582096722,-0.0446560804530176,-3.816811432856503,1.22004,-0.742333,0.283527,-0.8103217887393998,-0.5747473409380301,-0.809484,-0.574585,0.5466217003901291
0.19491162896821185,-0.04162202623023832,-3.632220710996572,1.25086,-0.683924,0.478615,-0.8067355135706467,-0.5752612626700597,-0.806061,-0.575042,0.5003983988545938
0.20339527694466694,-0.04016067395213366,-3.4696546364588885,1.2779,-0.62609,0.6691,-0.8030560896716341,-0.5758306078694934,-0.802443,-0.575725,0.45558349221873473
0.18430780707448022,-0.034753794673344655,-2.8157680691915554,1.2779,-0.62609,0.6691,-0.8010636015775858,-0.5761157401451354,-0.802443,-0.575725,0.45707976995129684
0.19590435954792967,-0.03325207558598406,-3.181335374445666,1.31376,-0.541259,0.94546,-0.7973480506319649,-0.576572525066659,-0.79651,-0.576464,0.3921815498866049
0.21814518160810487,-0.03475842601984608,-3.228932689591901,1.34026,-0.463687,1.19275,-0.7927432824251536,-0.5772041402387952,-0.791136,-0.577313,0.3330529807811162
0.23985396255324937,-0.03660647915600513,-3.2511545071550905,1.36037,-0.388845,1.42622,-0.7878178332917837,-0.5778824463337523,-0.786249,-0.578016,0.2784321422655577
0.259808170300383,-0.040392197578369496,-3.268394380756078,1.37584,-0.313937,1.6587,-0.7826610351609782,-0.5787184166463638,-0.781219,-0.578992,0.22435338651151204
0.2799064394681398,-0.0465010050576001,-3.2780163183034303,1.38712,-0.239423,1.89059,-0.7771754460796432,-0.5797685334537793,-0.775723,-0.58021,0.17092896284968645
0.2996060726085497,-0.053535861145201175,-3.318247190612452,1.39459,-0.159391,2.13832,-0.77139463776136,-0.5809776104934209,-0.769971,-0.581486,0.11383010419339297
0.32007894732945125,-0.06258238565815606,-3.3590885230851217,1.3975,-0.0778206,2.39262,-0.7652475177823125,-0.5824322328047473,-0.763768,-0.583086,0.05565751971805929
0.33855951609777596,-0.07699571470070363,-3.3915506253302556,1.39511,0.00305701,2.64813,-0.7589045393657575,-0.5843863887504084,-0.757569,-0.585428,-0.0021659484665216416
0.3524896526438481,-0.09448929525294543,-3.417669859762867,1.38744,0.0828747,2.90281,-0.7525666922701829,-0.5867747875307597,-0.75156,-0.588039,-0.05963900474113783
0.3669348428820592,-0.11145318547486305,-3.4437484491709704,1.37457,0.162241,3.16066,-0.7459719137696916,-0.5894080667794495,-0.744928,-0.590634,-0.11746483052228616
0.38670683889320717,-0.12387362466600607,-3.46111289094268,1.35982,0.239966,3.41755,-0.7387938672250038,-0.5920124093637097,-0.737365,-0.59291,-0.17465534267300903
0.4107758549024822,-0.1314661103662837,-3.4274934520408853,1.3404,0.30826,3.65234,-0.7310154009231215,-0.5944963121504112,-0.729276,-0.595045,-0.2260844114018233
0.4327883585427382,-0.13598447449210074,-3.3707274413844726,1.31952,0.37227,3.87722,-0.7229877824872158,-0.5968984703766694,-0.721397,-0.597225,-0.27502836738954556
0.4548888945417445,-0.13372813306088752,-3.2898772074904454,1.29716,0.431,4.08915,-0.7146021443412284,-0.598925059527104,-0.713005,-0.598762,-0.3208485957626621
0.4803697535389246,-0.12914126269912876,-3.221775676816334,1.27272,0.489044,4.30517,-0.7056394308937491,-0.6007614803786914,-0.703798,-0.60043,-0.36690055308439695
0.5062090059866986,-0.12594169950749617,-3.106039315715061,1.24845,0.537931,4.49875,-0.6962453309928045,-0.6026162235434538,-0.694378,-0.602385,-0.4069161461704723
0.529702985165359,-0.12179145989981047,-2.9359749801721566,1.22502,0.578012,4.66809,-0.6865928446088286,-0.6043569262870572,-0.684895,-0.604057,-0.4408839946216635
0.5530423843888075,-0.11331025355601156,-2.717373444235765,1.20437,0.609849,4.81273,-0.6765746735448895,-0.6057449132216249,-0.674888,-0.605132,-0.4686215095250147
0.5797161827453724,-0.10135814191222561,-2.4209706542201537,1.19162,0.631052,4.92104,-0.6659626413072594,-0.6067677459054596,-0.664035,-0.605904,-0.48662911838318196
0.6083859077441092,-0.08847668176081108,-2.082287904945048,1.18274,0.643036,5.00166,-0.654791881380993,-0.6075379073403702,-0.65272,-0.606607,-0.49717517887416307
0.6315454339308171,-0.07584051049043858,-1.6931744040582308,1.1767,0.640728,5.0398,-0.6435266746202126,-0.6081181809943512,-0.641853,-0.607205,-0.49730529102990007
0.6513101410247222,-0.059958855037913567,-1.2783380268563684,1.17772,0.627855,5.03928,-0.6321153404752032,-0.6082817231202211,-0.630687,-0.607134,-0.48787726680299764
0.6686425541411573,-0.042607026739554264,-0.8001655470125838,1.18692,0.597306,4.98039,-0.6205485653463785,-0.6080939684276407,-0.619296,-0.60684,-0.4631047278802442
0.6861910915001183,-0.026399795215114992,-0.361710937200103,1.19986,0.556838,4.89091,-0.6086901840449915,-0.6077042515984862,-0.607422,-0.606533,-0.4309523004820016
0.7029652284905932,-0.007085308255827129,0.03754891046477993,0.0,0.0,4.76861,-0.5966022202816498,-0.6068498043167887,-0.59539,-0.605454,-0.3916684441349055
0.7180024231242741,0.015224806288398816,0.4015060871705394,0.0,0.0,4.62144,-0.5843606962827604,-0.605488290000481,-0.583274,-0.603876,-0.3463328848132835
0.7333422792935648,0.03778441511294481,0.7459918003971142,0.0,0.0,4.44991,-0.5718585687911434,-0.6037533202590231,-0.57075,-0.602123,-0.29435098611604743
0.7487864518223725,0.05941232974339396,1.092464363691848,0.0,0.0,4.24391,-0.5591041074446543,-0.6017189893078677,-0.557988,-0.600156,-0.23305711673258864
0.760194007812804,0.08249008683226997,1.391832964608012,0.0,0.0,4.02207,-0.5463693923811704,-0.5992427653946673,-0.545545,-0.597575,-0.1689902403408635
0.7643948165578909,0.1048056557918255,1.6864481258887134,0.0,0.0,3.7789,-0.5339285807781359,-0.5964476841759244,-0.533625,-0.594835,-0.10004419572623846
0.7548574490367781,0.12335516068390752,1.9545162872077047,0.0,0.0,3.52359,-0.5223287609441126,-0.5935445211879163,-0.523018,-0.592204,-0.029032397567163123
0.7284585346268199,0.13539371359782354,2.2334912747244555,0.0,0.0,3.24191,-0.5119962237919328,-0.5907749927759175,-0.513904,-0.589905,0.04785875490228737
0.6858272854721649,0.14356492039135207,2.4621526717641053,0.0,0.0,2.96112,-0.5031591580534556,-0.5880685104153074,-0.50624,-0.587478,0.12274262803762898
0.6337798647924439,0.1469143015353759,2.6928937783303364,0.718134,1.09069,2.67531,-0.4956266774955192,-0.585550050470678,-0.499388,-0.585308,0.19841608255368057
0.5753098983560035,0.14550091110360933,2.894073230853837,0.752435,1.04518,2.39435,-0.4893515379555512,-0.5832928581999032,-0.493577,-0.583395,0.2722662983437859
0.5105482024819654,0.1402748608548468,3.0684107548756216,0.767044,1.00802,2.11997,-0.4844278521475576,-0.5813103278665205,-0.489108,-0.581688,0.3433999520831674
0.4406447033456174,0.12925360430114533,3.222478426653449,0.792727,0.969343,1.84972,-0.48088026830975034,-0.5797945244059799,-0.485932,-0.580591,0.4128876785499292
0.36793631204771665,0.1138857391628109,3.3583203036999363,1.03325,0.80752,1.57953,-0.478636566545242,-0.5787424070784728,-0.483891,-0.579853,0.48162242465531246
0.2969885851190215,0.10084320569277457,3.481909281319423,1.20839,0.616785,1.30437,-0.4774398048680684,-0.5777824523383557,-0.482567,-0.578725,0.5505791963726571
0.23354510064093495,0.09774266036867903,3.5503037447045527,1.23645,0.54241,1.0446,-0.476882115623144,-0.5763739322027609,-0.481467,-0.576598,0.6146349934240429
0.18072060878495216,0.1061766038872009,3.6115509921792186,1.33162,0.333513,0.783132,-0.4766375207203191,-0.5742524976685386,-0.480455,-0.573643,0.6783137302200865
0.13535840835249707,0.1192256938602921,3.659128171572119,1.34556,0.250379,0.521771,-0.47674479979120765,-0.5716910214819062,-0.480023,-0.570748,0.7414246493975166
0.0951855312442996,0.13681127467473161,3.6504494435780837,1.36677,0.039932,0.278682,-0.47723481777188087,-0.568620861072612,-0.480138,-0.56735,0.7990052403435391
0.0630616617983443,0.15992869668236462,3.6341898872518827,1.36475,-0.0375678,0.036644,-0.4778354971954402,-0.5649036318681565,-0.480157,-0.563233,0.8557320764962826
0.0403517639381376,0.18657920567331313,3.5997808062649566,1.3589,-0.112192,-0.197637,-0.47832781876987346,-0.5605829582495041,-0.479969,-0.558657,0.9103111365684601
0.02748234873023856,0.21643778844586978,3.5447166034182604,1.30324,-0.309707,-0.422461,-0.4785329631142367,-0.555623796829653,-0.479463,-0.553466,0.9622746227439939
0.022952968321213896,0.24593576685590685,3.4522907433492924,1.28601,-0.37078,-0.628926,-0.4783926742604853,-0.5502107369541348,-0.47872,-0.548079,1.0096917780660104
0.024986761388300097,0.2715238896038325,3.3104707902573214,1.26782,-0.42363,-0.810693,-0.4778909765750691,-0.5445841825470361,-0.477744,-0.542735,1.0511579920490974
0.034708064209341076,0.29302194506730506,3.1810783516763554,1.14591,-0.587969,-0.988463,-0.4768485315490399,-0.5388186047466199,-0.476146,-0.537265,1.092076972416719
0.05120813455858645,0.3141185800487199,3.043482135722561,1.12246,-0.629017,-1.15341,-0.4752024142468469,-0.53273559520353,-0.47401,-0.531211,1.1298092551956271
0.06676787517723524,0.33800071388939906,2.8640911930131288,1.10281,-0.661983,-1.29833,-0.47335445922945824,-0.5261308954679568,-0.47223,-0.524405,1.1613848415656478
0.0802830975508069,0.35996911140627724,2.6620070994394696,1.08398,-0.689962,-1.42527,-0.4713927075755703,-0.5192705950602065,-0.470416,-0.517683,1.1884582946625295
0.09535932652197139,0.37565897048637276,2.3956974447421557,1.0689,-0.708161,-1.51192,-0.4691115171858928,-0.5124738625291971,-0.468022,-0.51134,1.2063304500686838
0.1135039490872043,0.3843911562378665,2.075302979384828,1.0583,-0.717374,-1.56161,-0.4663862614669205,-0.5058860508061968,-0.465075,-0.505255,1.2155796630750122
0.13180344262160623,0.38745378550640003,1.7274752065055734,1.05259,-0.71834,-1.57931,-0.4633604535616299,-0.49953332770923464,-0.462038,-0.499312,1.2170584947301624
0.14995406711074044,0.3924551624787014,1.362451528082182,1.05479,-0.709823,-1.56655,-0.46005169520928746,-0.49300343561993343,-0.45874,-0.492642,1.2104809940927896
0.16623898069588663,0.3973415325205142,0.9308757095370389,1.06538,-0.68715,-1.49953,-0.4565758654652122,-0.4864011243885569,-0.455399,-0.486048,1.1899318354040749
0.1810757432609287,0.39780158470345395,0.4416754459233378,1.08319,-0.648941,-1.36975,-0.4529352116139614,-0.48001324669323336,-0.451863,-0.47998,1.153697664858899
0.195832707981549,0.391242765838911,-0.026919719780276963,1.10457,-0.598758,-1.19105,-0.4490624448454239,-0.4740820123810971,-0.447996,-0.474556,1.1068849828409455
0.20878387233768708,0.37622656305165064,-0.4305120339215562,1.12536,-0.541746,-0.98494,-0.4450729446696069,-0.46881482073966485,-0.444137,-0.4699,1.055471816722498
0.2222646195288072,0.35974382420719564,-0.8006365473455332,1.27314,-0.248941,-0.756469,-0.4408412161499068,-0.46388483825285726,-0.439867,-0.465076,0.9988388588306296
0.2036050944448908,0.30953933027806263,-0.6829416776581255,1.27314,-0.248941,-0.756469,-0.43851852795845647,-0.46144786069212274,-0.439867,-0.465076,1.00137467360306
0.1703177023119864,0.24752849940391305,-0.5703583300991353,1.27314,-0.248941,-0.756469,-0.4374614126431273,-0.4605946495191803,-0.439867,-0.465076,1.001812194105969
0.2381862310132622,0.27600318344786184,-2.0650271515780956,1.29049,-0.0436001,-0.0845858,-0.43024967003006687,-0.4547517863130154,-0.425345,-0.452694,0.8513622061291187
0.2954702200167649,0.2927383597109229,-2.2068673138820416,1.28402,0.0359976,0.186915,-0.4226517547500227,-0.44922940469811273,-0.418512,-0.44802,0.767026036616224
0.3391863336341855,0.3052954467502984,-2.328599485972732,1.27349,0.108946,0.430653,-0.41503424208750866,-0.44371546579667354,-0.411875,-0.442808,0.7141067641267668
0.36902735395874303,0.31732605049884605,-2.4640781500307987,1.25944,0.175258,0.649068,-0.40763452764032476,-0.43803541831181914,-0.405478,-0.437166,0.6612650166647857
0.38833057919203673,0.326910140347518,-2.543864863215232,1.25944,0.175258,0.850259,-0.40045399046313623,-0.4323246155487052,-0.399059,-0.431632,0.6127003880435165
0.399472025450484,0.3341300210317476,-2.563593968052097,1.22389,0.286225,1.02847,-0.39350416137009436,-0.426616760720178,-0.392699,-0.426095,0.5698105951069115
0.404282196518702,0.3443101628322868,-2.572336568500958,1.2037,0.336854,1.19936,-0.3867946177004164,-0.42059769056743085,-0.386447,-0.419862,0.5278568161278719
0.3600481710806925,0.3098150518322831,-2.1913471564051044,1.2037,0.336854,1.19936,-0.38325032986397944,-0.4173691341556522,-0.386447,-0.419862,0.5273997913937396
0.34301882750993806,0.3054507860673422,-2.1967498150160414,1.18469,0.379641,1.34534,-0.3786153366477588,-0.4127006066371238,-0.379846,-0.413016,0.491856094716204
0.3428962291134357,0.31828106573377674,-2.18226274067095,1.16487,0.418302,1.48151,-0.3731351401544638,-0.4069652086689004,-0.373144,-0.406038,0.4582746096646474
0.40075192522878805,0.3969779864226609,-2.3527675449069942,1.12765,0.4785,1.69409,-0.36382407043479037,-0.39667020783767437,-0.359643,-0.390983,0.4049665848359893
0.38462939440507354,0.39217626352131807,-2.0484783563593156,1.12765,0.4785,1.69409,-0.3584778694858562,-0.3906359928251346,-0.359643,-0.390983,0.40371588709456185
0.38401367171434864,0.40925425547431993,-1.9173722455127211,1.11218,0.503904,1.77478,-0.35236450343162257,-0.38323217903568074,-0.352409,-0.381998,0.3832807355797565
0.39500757351322596,0.4361601440137538,-1.7934472984309102,1.09834,0.523047,1.84226,-0.34549349874188057,-0.3749054138200273,-0.344699,-0.372961,0.36545643685162665
0.41387927373808275,0.4655646035891339,-1.6141507562118629,1.08829,0.532204,1.88078,-0.33792580534955546,-0.36598297860775003,-0.336562,-0.363858,0.355429557027175
0.4327680247207614,0.4949119246122145,-1.3968018344270108,1.07978,0.534615,1.89006,-0.3300550375604562,-0.35659384936330657,-0.32869,-0.354473,0.35197188312268557
0.45024042628351846,0.5215876248602567,-1.1447283690554955,1.07444,0.528643,1.87075,-0.32197568192250553,-0.3469117787516729,-0.320713,-0.344984,0.35561617898352726
0.4629654924044168,0.5472813449749894,-0.8832101999331807,1.07061,0.51831,1.82548,-0.31393060517824833,-0.3368678137753852,-0.313011,-0.335011,0.364502126567469
0.47004159019943265,0.571189598596448,-0.6052064437729225,1.06879,0.501175,1.75085,-0.3060553699302042,-0.32653078307195277,-0.305544,-0.324803,0.3798089853663591
0.4774396181413654,0.5911407682547033,-0.29307964529884756,1.07207,0.472704,1.64445,-0.2980456349275981,-0.3160728156067347,-0.297511,-0.314631,0.4039746156261202
0.4876480934167909,0.6098475962253267,0.010740225910571777,1.07827,0.438975,1.51695,-0.28973173814895026,-0.30537789048975816,-0.288994,-0.304026,0.43330232906813015
0.4936995240597762,0.6294416173392955,0.30171140418749937,1.08289,0.402573,1.36236,-0.28152932008165843,-0.2943250054735999,-0.281092,-0.292909,0.4670673433389967
0.4960419048809759,0.6489605574782066,0.5915346079105402,0.0,0.0,1.18194,-0.2734752773548003,-0.2829635795801079,-0.273306,-0.281553,0.5063481807053124
0.4952368977239965,0.6638491275935862,0.8473315814579893,0.0,0.0,0.9945,-0.26559182436907974,-0.2715959556017026,-0.26565,-0.27052,0.547175397959232
0.4926138433138827,0.6781028944797581,1.1095492903909365,0.0,0.0,0.780583,-0.25784143914464175,-0.2600320801358149,-0.258031,-0.259002,0.5932580410896405
0.4922425173561846,0.6950021061085091,1.3360833100775005,0.0,0.0,0.559694,-0.24998416530458284,-0.24806525907829993,-0.250011,-0.246844,0.6399613711331346
0.4934875733845919,0.7099269162130107,1.5157763650573377,0.0,0.0,0.347626,-0.2420259767404,-0.23595857456504155,-0.241936,-0.23488,0.6841390999695554
0.49392967220724704,0.722398388006345,1.6583971382736102,0.0,0.0,0.140561,-0.23410094925376013,-0.2237752786206818,-0.234069,-0.222874,0.7258946657805408
0.4880910190496854,0.7264952487096815,1.7617328125758132,0.0,0.0,-0.0575507,-0.22658405675611606,-0.21194606874192684,-0.227006,-0.21165,0.7647136267406975
0.47222547639467666,0.7163355234562058,1.808181707605491,0.0,0.0,-0.23415,-0.2198234413068939,-0.20099378487970818,-0.22097,-0.201728,0.7982380352227597
0.44535532134193206,0.6917532244954767,1.7874551619590457,0.0,0.0,-0.384283,-0.2140441685397879,-0.19115750554388009,-0.215986,-0.192934,0.8248966907998336
0.4077148187905627,0.6568514368569871,1.699963357150542,0.0,0.0,-0.510655,-0.20940682544615136,-0.18239674476473894,-0.212127,-0.184919,0.8443383657739524
0.3656436486106705,0.6122417607543319,1.6053941524893356,0.0,0.0,-0.624207,-0.2056646334050589,-0.17483618263400527,-0.208705,-0.17806,0.8619746730790747
0.3234853724484633,0.5608259048345954,1.5073290388028828,0.0,0.0,-0.724736,-0.20260133849769793,-0.16843931892623262,-0.205648,-0.172155,0.8776868098550062
0.27890063405496496,0.5061131458859086,1.4163879499740897,0.0,0.0,-0.823907,-0.20037298481296895,-0.1630830609031465,-0.203595,-0.167037,0.8925073903510384
0.2336799594977077,0.44903107802513476,1.3318284287563589,0.0,0.0,-0.915441,-0.1989000274730485,-0.15875883753002415,-0.202168,-0.162884,0.9064437966932053
0.19173713428227643,0.38970937461094385,1.2450695867919828,0.0,0.0,-0.990659,-0.19793390853909743,-0.15549598529029954,-0.200965,-0.159783,0.9187301950253652
0.15225115085366053,0.3299345196889349,1.1825403281653855,0.0,0.0,-1.06598,-0.19747645766990954,-0.15321223728968708,-0.20033,-0.157532,0.9321321159081568
0.11392379069089917,0.26968016942300016,1.1274374562392604,0.603288,-0.442311,-1.13431,-0.19757418815467057,-0.15191658549322246,-0.200344,-0.156271,0.9452301902163387
0.07760522983210252,0.21003588320264924,1.050846119589668,0.730357,-0.320261,-1.18335,-0.19815235849991175,-0.1515446731270353,-0.200777,-0.155855,0.9551332176327396
0.04438163791467369,0.15250466318825406,0.9513159594672167,0.719232,-0.330992,-1.21207,-0.19910702330746236,-0.1519873785516293,-0.201508,-0.156145,0.961436006986064
0.016868907412236706,0.09910138262903281,0.8009527748793344,0.714463,-0.334715,-1.20652,-0.200215731397117,-0.15307769326861448,-0.202204,-0.156937,0.9608167866164992
-0.0038152081698592175,0.04885449733289888,0.6242784958947679,0.759179,-0.258339,-1.17111,-0.2013132164274774,-0.15481379718579308,-0.202808,-0.158445,0.9550887243641342
-0.016395054318713635,0.007995515008784836,0.43586160669012836,0.781746,-0.17451,-1.11912,-0.20220588946570933,-0.15673323485393095,-0.203115,-0.159686,0.9451116480921526
-0.019089101667861208,-0.01974565570205782,0.2583353326212457,0.784418,-0.164095,-1.0587,-0.20264630868215658,-0.15843922265786378,-0.202841,-0.160444,0.933004176707544
-0.0106285300485411,-0.0318709887866878,0.10298513268073678,0.785597,-0.152906,-0.997067,-0.20239242200741023,-0.15955673586222083,-0.201781,-0.160433,0.9202094464358961
0.004746165970802718,-0.031714373555441856,-0.03846739827844731,0.786168,-0.141025,-0.932721,-0.20154608657032147,-0.1600563181476841,-0.200435,-0.160045,0.9062933672047492
0.022611692186826494,-0.0221118799861812,-0.1712309963477788,0.786245,-0.128404,-0.866972,-0.2002890919490945,-0.1599289455344665,-0.198998,-0.159235,0.8909592180350381
0.040825235369800095,-0.004639576350414076,-0.27668359619998395,0.785431,-0.116788,-0.809923,-0.19872324216850276,-0.159127674845594,-0.197407,-0.157865,0.8764646253700595
0.05866829000495971,0.01758193003996448,-0.365901741511303,0.784087,-0.105394,-0.755964,-0.19689046799037163,-0.15773288653535641,-0.195601,-0.156127,0.8621152809328868
0.07473889669541386,0.041911237059895204,-0.4493584471584413,0.782421,-0.0935087,-0.702196,-0.19488937810127865,-0.15584321143137153,-0.193728,-0.154085,0.846991616859494
0.08820629643377943,0.06639993654683325,-0.5248838506468316,0.7804,-0.0813645,-0.649805,-0.19280325156657552,-0.15355373028216893,-0.19183,-0.151784,0.8314021023273592
0.09920501223735052,0.08977355033413645,-0.6070901228004053,0.778098,-0.0678099,-0.592118,-0.1906648466366265,-0.150946146136371,-0.18987,-0.149257,0.8138568555134066
0.11007086921357413,0.11121356811917703,-0.6884985845760374,0.77537,-0.0533935,-0.528615,-0.1883592452982567,-0.1480924105248286,-0.187574,-0.146543,0.7950202322577227
0.12178619088946765,0.13268411232962246,-0.7407081329127349,0.772086,-0.0405963,-0.476755,-0.1858236337522839,-0.14489361658479002,-0.184977,-0.143342,0.7781363100945242
0.130863349259554,0.15707192062545952,-0.7745157705755115,0.739164,-0.17565,-0.443451,-0.1832749810190065,-0.14115843915606438,-0.182619,-0.139396,0.762537978460464
0.136479722384761,0.1821651844767944,-0.7974866698838049,0.739159,-0.161939,-0.419473,-0.18080987968344095,-0.13698642046930048,-0.180404,-0.135173,0.7476232487247872
0.14078832397233526,0.20325837875888683,-0.8112973839946335,0.737786,-0.149723,-0.394801,-0.1783413706674133,-0.13267734655374827,-0.17803,-0.131153,0.7333544700629664
0.14380011453268657,0.22056791405872997,-0.8061457919374833,0.73559,-0.139192,-0.380589,-0.1758896537370246,-0.12828091203012817,-0.175672,-0.12703,0.7209342572911079
0.14708720288839136,0.23647989459362673,-0.7730220457379933,0.0,0.0,-0.383809,-0.1733715487439159,-0.12369991462968091,-0.173134,-0.12255,0.7116073824097717
0.15357790870870802,0.2534282659426441,-0.747454286438551,0.0,0.0,-0.39014,-0.1705890652784151,-0.11879581171471759,-0.17012,-0.117571,0.7019615505079085
0.1392098750539395,0.2329763491443651,-0.6364085505930821,0.0,0.0,-0.39014,-0.1690816621222524,-0.11609299678853426,-0.17012,-0.117571,0.7019022327529485
0.11560959815146783,0.19535674485649,-0.5383209631683366,0.0,0.0,-0.39014,-0.16841447354996725,-0.11485233570559858,-0.17012,-0.117571,0.7019669711691218
0.15198689407324162,0.25349303507724574,-0.7913910518911454,0.0,0.0,-0.384676,-0.16415988611992327,-0.10788334819129577,-0.161531,-0.103682,0.6671508884040893
0.18014289618872723,0.29694413323106533,-0.8240086212158145,0.0,0.0,-0.38353,-0.15986675605534567,-0.10095499015616875,-0.157832,-0.0978149,0.6504180800945952
0.19307489671286948,0.32096636504341347,-0.8274058353456422,0.0,0.0,-0.391378,-0.1561295597527058,-0.09461581995917628,-0.155195,-0.0928798,0.6368571301089717
0.19067100999616995,0.3254964945241242,-0.8054607281147509,0.0,0.0,-0.404952,-0.15319927778499565,-0.08918087987284447,-0.153373,-0.0888535,0.626004570623212
0.1744220259435233,0.3091361780131273,-0.7543810877115199,0.0,0.0,-0.415997,-0.1512227310622891,-0.08505448537480634,-0.152397,-0.0862368,0.6185999039689862
0.14746619782892398,0.2765935724428702,-0.6875500451447581,0.0,0.0,-0.425965,-0.15021397718560792,-0.08225963629898836,-0.152162,-0.0846114,0.6136207378274008
0.11476179674353007,0.23235330733573434,-0.6097864693304212,0.0,0.0,-0.430488,-0.1500165437865783,-0.08075877894042553,-0.15238,-0.0839559,0.6108477182449878
0.0816009343363691,0.18124828401955922,-0.5057419697926021,0.631446,-0.168215,-0.436713,-0.15037255659490645,-0.0804195819349972,-0.152769,-0.0841128,0.6121170380547891
0.05119769233187518,0.1311440415304881,-0.4013096170108302,0.655462,-0.1044,-0.447315,-0.1510768421607214,-0.08083190558519693,-0.153274,-0.0844528,0.6150905180563111
0.026342675513075047,0.08224009638858132,-0.32413624209475633,0.653427,-0.108953,-0.438305,-0.1519007969818891,-0.08196654774004337,-0.153697,-0.0855007,0.6168945277894716
0.0057487876906685345,0.037276198326050246,-0.2700941547815464,0.654022,-0.110235,-0.420608,-0.1528407369370169,-0.08362318399699575,-0.154329,-0.0868726,0.6175113766112788
-0.009775972500396008,-0.0012135783167758,-0.25258372452193095,0.0,0.0,-0.388023,-0.15377506870886745,-0.08557125076685022,-0.154897,-0.0883528,0.6150771769529142
-0.01976702962555701,-0.03072268418478365,-0.24247241528155136,0.0,0.0,-0.355126,-0.15459197405678043,-0.08754145889538979,-0.155314,-0.089674,0.6121308253536808
-0.021203365733710944,-0.0480984571924718,-0.22274323889486988,0.0,0.0,-0.331106,-0.15500319997961393,-0.08918170115473462,-0.155107,-0.0904374,0.6103899604449591
-0.015086279039895734,-0.05144532228913411,-0.18473561129238697,0.508891,-0.356413,-0.326928,-0.154938064862059,-0.09017253135707526,-0.154496,-0.0904144,0.6109425669122477
-0.003990042211474415,-0.04214990378743459,-0.16064753202590512,0.507866,-0.355421,-0.329485,-0.15444589421017843,-0.09038115407239022,-0.153644,-0.0897094,0.6105925371536971
0.008336829952321836,-0.025938540908402804,-0.11035732264455025,0.653842,-0.103811,-0.349098,-0.15369482880715374,-0.08998385016000562,-0.152804,-0.0888123,0.6134716110226602
0.018096081267675035,-0.006774958802111854,-0.0680039098205654,0.651866,-0.106132,-0.374607,-0.1529162739813027,-0.08913199884227715,-0.152211,-0.0877471,0.6162972181399141
0.026029119309506285,0.011567894354273814,-0.055556210130611766,0.650117,-0.106574,-0.388558,-0.15210229862125652,-0.08802778704105738,-0.151529,-0.0867022,0.6165591302939055
0.031570806294748996,0.027005623602194887,-0.118742092056175,0.649296,-0.101823,-0.370192,-0.15131948232358425,-0.08682214180664406,-0.150919,-0.0857065,0.6088198487619807
0.03567810968601197,0.04093261450652412,-0.21175549489502646,0.648671,-0.0944065,-0.339238,-0.15054282340597344,-0.08546936494339273,-0.150246,-0.0844629,0.5967247300122255
0.038922717536623165,0.05308104607703399,-0.33128225618449036,0.648225,-0.0840773,-0.291294,-0.14975747879582385,-0.08401133340118595,-0.149523,-0.0831334,0.5800164237116738
0.04496942667983765,0.062190594369594177,-0.4394137188474222,0.647012,-0.0728897,-0.232103,-0.14873497887198633,-0.08255982174872427,-0.148298,-0.0819015,0.5624002873484679
0.05163584697967109,0.07025541572173123,-0.5519385672747334,0.645697,-0.0603041,-0.168522,-0.14757476367571393,-0.0810316222349975,-0.147093,-0.0804488,0.5424448938954214
0.0609625832794021,0.07799115631568454,-0.6613091036245986,0.643685,-0.0465628,-0.0972127,-0.14613201732265294,-0.07939614048279185,-0.145458,-0.0788371,0.5208641679017789
0.072724911887766,0.08885423491288207,-0.7458420418082518,0.641113,-0.0332527,-0.0396346,-0.14437903081270798,-0.07743014451252284,-0.143529,-0.0766451,0.5003537093056166
0.08658888861819372,0.1019423834952444,-0.8061662824954315,0.637913,-0.0209254,0.00852848,-0.14229891108409862,-0.07514324413909311,-0.141297,-0.0741974,0.48143904830797984
0.10227440869118413,0.11467273163607024,-0.8691514766018978,0.633996,-0.0082104,0.0638738,-0.13987654896120744,-0.07267058689515501,-0.138743,-0.0717506,0.46138398470627245
0.11791418040356098,0.12732110840977598,-0.922607239771108,0.629574,0.0043889,0.114111,-0.13720624285427513,-0.06999966305217019,-0.136076,-0.0690856,0.4413768966524691
0.13200351339851346,0.14187735522718567,-0.9685571350503855,0.0,0.0,0.15183,-0.13438819695529478,-0.06700023952015441,-0.13337,-0.0659483,0.42140328736672966
0.14874884583006306,0.1558617986272764,-1.0174858356660441,0.0,0.0,0.199623,-0.1311691386561955,-0.06380571687565804,-0.129959,-0.0627951,0.400385237144759
0.16855842686229547,0.169666486426292,-1.0408474942401442,0.0,0.0,0.236509,-0.1274795833900661,-0.060399326437730466,-0.126048,-0.0594017,0.38145742531670757
0.18718637693506696,0.18207233054342378,-1.0615369909414092,0.0,0.0,0.268679,-0.12355119020320367,-0.056864535890836745,-0.122205,-0.055968,0.3625172445095342
0.20169913951444562,0.1940410732137081,-1.060859275887577,0.0,0.0,0.280201,-0.11959679703507138,-0.053160147783543485,-0.118548,-0.0522952,0.34560736996404656
0.2117197905852706,0.203583169362236,-1.0119281256384174,0.0,0.0,0.268495,-0.11570716461546056,-0.049424680780654554,-0.114983,-0.0487351,0.3339183935453575
0.21238210497638885,0.2070104428773821,-0.9038239808470938,0.0,0.0,0.23123,-0.11227586362113282,-0.045940779535953505,-0.112228,-0.0456931,0.32896633711807616
0.20346252267908244,0.20276772424618944,-0.7806953258882184,0.0,0.0,0.188931,-0.10946740656602606,-0.042909090510821174,-0.110112,-0.0432157,0.32693318288646483
0.183993777902396,0.19051125342573902,-0.6255763666460921,0.0,0.0,0.131596,-0.10749904789927707,-0.04047505890235451,-0.108906,-0.0413608,0.3302607954746362
0.15589734759179968,0.17031602537655974,-0.4675251898332314,0.0,0.0,0.0756808,-0.10641254903350286,-0.03876194697134883,-0.108443,-0.0402214,0.3364837853324854
0.124838279293942,0.1453722028512987,-0.3202468560094337,0.0,0.0,0.0225128,-0.10597144741638935,-0.03768587924018596,-0.108216,-0.0394885,0.3444380034127426
0.09304095417376584,0.11581797314665546,-0.18609534448295242,0.0,0.0,-0.0178249,-0.1060760956467222,-0.03731369792107043,-0.108374,-0.0394495,0.3536572986220338
0.06230166044098566,0.0843767476754963,-0.06306601762709614,0.536016,-0.0471783,-0.0534261,-0.10661955663587185,-0.03753912997910973,-0.108841,-0.0398113,0.3640483662832777
0.033689116535849085,0.05295352877928209,0.010599510378496615,0.541221,0.002691,-0.0674023,-0.10751425093779206,-0.038266431264258625,-0.109582,-0.0405373,0.3711112088992422
0.009408956487461609,0.02325802250368417,0.08169339910357351,0.542858,-0.00143249,-0.0766833,-0.10858034028373133,-0.03938228825575468,-0.110335,-0.0415283,0.3790647832734298
-0.004359416472043997,0.005060123510688266,0.07015194812363125,0.542858,-0.00143249,-0.0766833,-0.10933999793483809,-0.040213188393647264,-0.110335,-0.0415283,0.37910942485843035
-0.021250083061651354,-0.019902229398745714,0.09125931410999193,0.0,0.0,-0.0426754,-0.1105263584479408,-0.0417824401007993,-0.111747,-0.0435864,0.38251175152776534
-0.02761422531142321,-0.030637700320923646,0.07811145158418814,0.0,0.0,-0.0426754,-0.11128708111923381,-0.042810577339655945,-0.111747,-0.0435864,0.38254423437882196
-0.029667274040785403,-0.037720028673736555,0.06721675577915535,0.0,0.0,-0.0246418,-0.11186463187171052,-0.043768979804692285,-0.112013,-0.0442808,0.3826156612600961
-0.025784296536600946,-0.03838705322870246,0.051529592286187226,0.0,0.0,-0.0138263,-0.11208261199729293,-0.04441659598841077,-0.111802,-0.0444648,0.381992847520865
-0.01537665493255099,-0.03376853572077438,0.021763979622239728,0.489348,-0.195207,0.00282585,-0.11180713134623473,-0.044725467430028996,-0.111055,-0.0443917,0.37959316132546767
-4.040986685143605e-05,-0.02531642158706191,-0.025485190109409375,0.488028,-0.191978,0.0268639,-0.11103930782671857,-0.04470701080842033,-0.109931,-0.0440962,0.3748169234363413
0.013718939550912806,-0.015192697577155224,-0.07146701539956726,0.542398,0.00929974,0.0464436,-0.11013034995886772,-0.04444281341043075,-0.109136,-0.0437112,0.36940732972126283
0.0251721880140848,-0.0048592322798443124,-0.12548854923026598,0.540375,0.0127799,0.0705198,-0.10915369444924145,-0.04400277083060892,-0.108326,-0.043256,0.362369916053016
0.03332349301206397,0.004754610296669759,-0.161748857367818,0.538486,0.0155618,0.0872232,-0.10821207216783044,-0.04344496569569311,-0.107623,-0.0427502,0.3563921175029454
0.038410355882200514,0.01249943016496681,-0.21248680195753283,0.536648,0.0195669,0.11357,-0.10734261344828962,-0.042856896616726405,-0.106975,-0.0422972,0.3482549743211777
0.04391746330430192,0.018062602352724708,-0.27422406171181196,0.534156,0.0249009,0.154108,-0.10636398335461827,-0.042289134999484,-0.105966,-0.0418871,0.3380567510694845
0.05127646300588756,0.022058498153530254,-0.3498158813066257,0.531002,0.0316659,0.208123,-0.10517481446508888,-0.04173597228890204,-0.104643,-0.0414472,0.3252717011008921
0.06090528303576405,0.024214491848930455,-0.43680586989982595,0.527233,0.0399652,0.279203,-0.10371784807464016,-0.041240507675003334,-0.103022,-0.0410847,0.3098810941577338
0.07012920780864863,0.023993179302123396,-0.5300136206398244,0.523284,0.0495858,0.364211,-0.10213358741921877,-0.04086770635704982,-0.101467,-0.0408837,0.29223114287520585
0.07971270933306623,0.021532592322258123,-0.6218901347919977,0.518792,0.0602365,0.463735,-0.10037797303214571,-0.04064648021449033,-0.0996854,-0.0408243,0.2730855083302241
0.08922791535916523,0.02023871085474107,-0.7192227015184077,0.474138,0.154543,0.564645,-0.09847353750620752,-0.04038749478075292,-0.0977859,-0.040481,0.2517233222592718
0.08388007488269288,0.017222821954705807,-0.6222412028863281,0.474138,0.154543,0.564645,-0.09739942642509783,-0.04026305008735166,-0.0977859,-0.040481,0.25152555528705023
0.09512518146775462,0.01889064057553791,-0.8717787070763086,0.464498,0.169954,0.730246,-0.09531395261392978,-0.039877228618517536,-0.0945013,-0.0397567,0.21705535617537391
0.11307744132688627,0.022129501146317315,-1.0161755539408857,0.454619,0.183905,0.888493,-0.09260515994853533,-0.0393608634558764,-0.0913078,-0.0391268,0.18270040239053656
0.1321048291524601,0.027160683262991824,-1.0940381634694125,0.0,0.0,3.69887,-0.08953805645995826,-0.03867418955491838,-0.088163,-0.0383106,0.15581907871499237
0.1489349921200031,0.03636043520399402,-1.1538098111719257,0.0,0.0,3.69887,-0.08631176912337203,-0.0376314405158109,-0.0850955,-0.0369666,0.13108529242569916
0.1611590595635222,0.049064821702158055,-1.159194164580057,0.0,0.0,3.69887,-0.08312069939561144,-0.03620981071936145,-0.0822373,-0.0352917,0.11200004012704798
0.16898093444145235,0.0650956685702084,-1.1115320356056795,0.0,0.0,3.69887,-0.08002506516821331,-0.03436500476936654,-0.0794598,-0.0332065,0.09858239283994073
0.17278052974151847,0.0828898392691158,-0.9969134128457403,0.0,0.0,3.69887,-0.07707018619703755,-0.032147135284098544,-0.0767956,-0.0308612,0.09252674636162124
0.1742554872739698,0.09928942446064246,-0.7666928407013702,0.0,0.0,3.69887,-0.0742081910834295,-0.02973675246364693,-0.0741016,-0.0285516,0.09945532160022225
0.17179914815295907,0.11280138357639892,-0.38755946314346923,0.0,0.0,3.69887,-0.07158248719544917,-0.027254871748993343,-0.07176,-0.0262784,0.12525066737708776
0.1631820105644437,0.12002557361741398,0.044632444378088,0.0,0.0,3.69887,-0.0694033634049372,-0.02497247214542148,-0.0700261,-0.0244504,0.1671050851129781
0.14686588745027968,0.12072846606413626,0.46158319615971893,0.0,0.0,3.69887,-0.06787107910882592,-0.023005596084485245,-0.0690502,-0.0229548,0.22308668347985283
0.12732790132687374,0.11666661911920918,0.7816282402812936,0.0,0.0,3.69887,-0.06681284401950252,-0.021342461605124968,-0.0682248,-0.021636,0.2805574325299039
0.1073178128723151,0.10849099721445911,1.0783462594048934,0.0,0.0,3.69887,-0.06609842649553317,-0.02001627051686974,-0.0675445,-0.0206071,0.34168168598642046
0.08889430713078446,0.09933195473039914,1.3289186211942638,0.0,0.0,3.69887,-0.06559928442066754,-0.018885901443551203,-0.0669307,-0.0195478,0.4014743343463943
0.07054186909820885,0.08765205525760587,1.5747828311782874,0.0,0.0,3.69887,-0.06539022028656721,-0.01806872611193108,-0.0667165,-0.0189128,0.46263768277614836
0.05049458313429163,0.07105511611370453,1.7936087655096915,0.0,0.0,3.69887,-0.06558683833486674,-0.0177634853144654,-0.0670356,-0.0189629,0.5228521860212066
0.030100953789712604,0.050380211553638664,1.9933951520049373,0.0,0.0,3.69887,-0.06612710906089027,-0.017993382082451246,-0.0676009,-0.0194875,0.5817856847386526
0.010156601059949779,0.028336531416650185,2.170569952496857,0.0,0.0,3.69887,-0.06696397703374994,-0.018644564473973703,-0.0684053,-0.0202376,0.6390008549056693
-0.006547451194675445,0.009024416941373264,2.3598834799329937,0.0,0.0,3.69887,-0.06790574454751425,-0.019467867136040023,-0.0691129,-0.0208635,0.6993103176825324
-0.016700968664462336,-0.0044123977250521505,2.5372539328034436,0.0,0.0,3.69887,-0.06868173349899012,-0.02021175873160809,-0.0694155,-0.0211828,0.7616988269133629
-0.02343158362879208,-0.012463998988419036,2.694521855707504,0.0,0.0,3.69887,-0.0693938971542161,-0.020814633144092428,-0.0698803,-0.0213965,0.8242337276313453
-0.02704131335640473,-0.01805779179546632,2.821712916055261,0.0,0.0,3.69887,-0.07000743486043598,-0.02138385213342421,-0.0702683,-0.0217881,0.8845623591716613
-0.028212794841384094,-0.01964205694598209,2.923357791291643,0.0,0.0,3.69887,-0.07051754028746304,-0.021777509558670187,-0.0706022,-0.021892,0.9425891569463695
-0.025170742229561185,-0.0170427316566978,3.0147968802679204,0.0,0.0,3.69887,-0.07076784069141628,-0.021919946017715543,-0.070548,-0.0217321,1.000322533199702
-0.01917348372629729,-0.014049931185222717,3.0712780136187767,0.0,0.0,3.69887,-0.07077410521161127,-0.021994781376056084,-0.0703407,-0.0217785,1.0552293777472126
-0.014193687118839386,-0.01248259768712445,3.1309783125052504,0.0,0.0,3.69887,-0.07075167606691654,-0.02211596683784583,-0.0703918,-0.0220027,1.1110531444813498
-0.009892522294292022,-0.011259920114892907,3.2036140682617837,0.0,0.0,3.69887,-0.0706944332332087,-0.022234859511539643,-0.0703836,-0.0221465,1.1694179819437585
-0.006277617639590392,-0.010078941939952537,3.270184294275969,0.0,0.0,3.69887,-0.07061373911716877,-0.022336946011938582,-0.0703525,-0.0222516,1.2285867210173138
-0.003486794838220737,-0.008517904304722858,3.3315981088208035,0.0,0.0,3.69887,-0.07052968501093274,-0.02239501185332626,-0.070328,-0.0222822,1.2882592687606331
-0.001873257629050547,-0.009681418703808892,3.391709091721479,0.0,0.0,3.69887,-0.07047880585169082,-0.022608216046627935,-0.0703622,-0.0226923,1.3487698388450675
-0.0005147930331109935,-0.012112352580358532,3.414281587730805,0.0,0.0,3.69887,-0.07041897246252588,-0.02292382316189045,-0.0703208,-0.0230995,1.405760313546914
0.0007456134506027574,-0.013358811820981325,3.431472822838517,0.0,0.0,3.69887,-0.07034388607516133,-0.02320002185335134,-0.0702528,-0.0232901,1.4623147181036527
0.001273570746201357,-0.012600274517067248,3.433358596980387,0.0,0.0,3.69887,-0.07029705400708441,-0.023363617383732754,-0.0702589,-0.0233088,1.5174282552564908
0.0012632862182205902,-0.010050529555971268,3.423865904644042,0.0,0.0,3.69887,-0.07027735676573331,-0.02339666298513182,-0.0702781,-0.0232124,1.5713287869085635
-9.357288913394387e-05,-0.007332042929461159,3.4191445248290013,0.0,0.0,3.69887,-0.07034684356167412,-0.02337775747652595,-0.0704449,-0.0231813,1.62560425861226
-0.001398424589126153,-0.004695227619735969,3.4329733735239216,0.0,0.0,3.69887,-0.07043460199252731,-0.023320755317345305,-0.0705289,-0.0231302,1.681817740405634
-0.003889643492728529,-0.0030440736527462386,3.4639593988137203,0.0,0.0,3.69887,-0.07062166653045751,-0.02328672431027886,-0.0708017,-0.0231674,1.7402738645071723
-0.006251330335757051,-0.0016830687557899723,3.4843998006332724,0.0,0.0,3.69887,-0.07084002745263435,-0.023245456043023374,-0.0710107,-0.0231471,1.7981319837768117
-0.008434893568385084,-0.002220121581779326,3.497621136435634,0.0,0.0,3.69887,-0.07108439995112956,-0.02330788868420168,-0.0712422,-0.0233467,1.8554279072128375
-0.007917039315176006,-0.0028646683854495793,3.4803034823424888,0.0,0.0,3.69887,-0.07118512388827723,-0.023386020393053587,-0.0711477,-0.0234326,1.9093977988545916
-0.006400175493880722,-0.002514496930956889,3.467015104541503,0.0,0.0,3.69887,-0.07121151953450834,-0.023408705918237814,-0.0711019,-0.0233834,1.9636521860761849
-0.004677886131368267,-0.0019975126239941835,3.4811514329126134,0.0,0.0,3.69887,-0.07120006506769874,-0.02341476101967873,-0.0710756,-0.0233774,2.020667462764994
-0.004186387751531393,-0.0009335857531808066,3.504726299360521,0.0,0.0,3.69887,-0.0712424192225254,-0.02337638703935854,-0.0712069,-0.0232995,2.0791095489832925
-0.004909049662192368,0.001494046648074899,3.5215953253948222,0.0,0.0,3.69887,-0.07135717523127559,-0.023230838249661573,-0.0714094,-0.0230554,2.1372047813520765
-0.004304028292697717,0.0032308701115794725,3.5226864181183073,0.0,0.0,3.69887,-0.07139572321362044,-0.023092115406801617,-0.071352,-0.0229666,2.193678933141195
-0.0035677144327756556,0.004114130830591742,3.5355450841052543,0.0,0.0,3.69887,-0.0714159113571723,-0.022982030798459514,-0.0713627,-0.0229182,2.2514983680945804
-0.0025025332455600956,0.004132954311267035,3.5369289941445587,0.0,0.0,3.69887,-0.07140257768532043,-0.022914960320656663,-0.0713256,-0.0229136,2.308228660704618
-0.0022089966732634306,0.003938794339386465,3.5396404619001305,0.0,0.0,3.69887,-0.07142321307263354,-0.02286166859820974,-0.071402,-0.0228757,2.3651274534515174
-0.0012589933128559062,0.004033087806885089,3.534582112641063,0.0,0.0,3.69887,-0.0713957541037417,-0.022792414326948316,-0.0713271,-0.0227856,2.421184905421283
-4.491846030537836e-05,0.0035560151774825595,3.5460280656598964,0.0,0.0,3.69887,-0.0713356378168867,-0.022759423286383664,-0.0712479,-0.0227939,2.4790196586137814
0.002637326546238111,0.00202197749072755,3.5500467182817066,0.0,0.0,3.69887,-0.0711590383953304,-0.022803939357943986,-0.0709652,-0.0229148,2.5362261532608272
0.005294889827381603,0.00022098956070029934,3.563029334651983,0.0,0.0,3.69887,-0.07094115471560171,-0.022890647605452057,-0.0707491,-0.0230208,2.594518192958312
0.005832098905797715,-0.0015769338460637752,3.569206667681858,0.0,0.0,3.69887,-0.07082092260772714,-0.023005969070035024,-0.0707821,-0.0231359,2.652254119360743
0.004906421014915214,-0.001682443906547204,3.570996002624219,0.0,0.0,3.69887,-0.07078880383036458,-0.023038175081036436,-0.0708557,-0.0230458,2.709568286830365
0.001592254121210788,-0.0020430993782296794,3.559059625857971,0.0,0.0,3.69887,-0.07092939436536722,-0.023088936430964543,-0.0711689,-0.023115,2.765341880085793
-0.0017528633400138577,-0.0022185206810197413,3.5495330305014696,0.0,0.0,3.69887,-0.0711250576538334,-0.02313322278976878,-0.0713668,-0.0231459,2.821238945610498
-0.006600523534353682,-0.0012644551709629268,3.5335155148994235,0.0,0.0,3.69887,-0.07147357306458377,-0.023105647664012175,-0.0718239,-0.0230367,2.876255459090888
-0.010985110012507727,-0.0008136598517264726,3.513229037234304,0.0,0.0,3.69887,-0.07186903811563099,-0.023096077725409156,-0.0721859,-0.0230635,2.93057923408136
-0.013775348351033397,-0.001345573467063538,3.499085925608516,0.0,0.0,3.69887,-0.07222925722657338,-0.023144260080678762,-0.0724309,-0.0231827,2.9852630606220156
-0.01577958724962269,-0.0007928068616152473,3.4978367699448123,1.28425,0.0,0.0,-0.07258215922258647,-0.023129246906986846,-0.072727,-0.0230893,3.041111150257316
-0.016189829345129712,-0.00118932397938526,3.519823380409761,1.28425,0.0,0.0,-0.07286175294341267,-0.02316814480942566,-0.0728914,-0.0231968,3.099580773177844
-0.014532090000987166,-0.0012588884571713354,3.06253912636543,1.28425,0.0,0.0,-0.07301120021719147,-0.023191772768440932,-0.0728914,-0.0231968,3.1014723007840064
-0.011986017073292683,-0.0011496566685205087,2.1835444313106134,1.28425,0.0,0.0,-0.07307539761747882,-0.02320469387791924,-0.0728914,-0.0231968,3.0914176617329403
-0.005236447224053749,-0.002362384594737743,4.1806661418177296,1.28425,0.0,0.0,-0.07282097266265952,-0.023303259521737636,-0.0723332,-0.0233909,-3.061061201766256
-0.003203166886414462,-0.0030752452727849672,4.1521975474739445,1.28425,0.0,0.0,-0.07277033952153639,-0.02338818353912871,-0.0726234,-0.0234397,-2.953624646103774
-0.009014245088680569,-0.0087259099583538,4.106348659294416,1.28425,0.0,0.0,-0.07320574952153186,-0.023810942160753874,-0.0736257,-0.0242193,-2.89691642112809
-0.023092062946656562,-0.01851481794935652,4.02026990168067,1.28425,0.0,0.0,-0.07428063521166539,-0.024597682813134555,-0.075298,-0.0253051,-2.840096952917602
-0.04416512548506077,-0.03258582492970929,3.896414028152625,1.28425,0.0,0.0,-0.07604320831144196,-0.025824127414870557,-0.0775661,-0.026841,-2.7886210964013207
-0.0694474494567898,-0.04694676284900226,3.7041962308347984,1.28425,0.0,0.0,-0.07842121668100874,-0.027294874911343213,-0.0802483,-0.0283327,-2.7455344872451715
-0.09621034414191812,-0.06252813152353513,3.4747012967251467,1.28425,0.0,0.0,-0.08130161994858556,-0.029076077771025884,-0.0832357,-0.0302021,-2.708123991331363
-0.12153360651457784,-0.07973836899363629,3.209243199803423,1.28425,0.0,0.0,-0.0845150581765006,-0.031214263948177317,-0.0863451,-0.032458,-2.6774842809108486
-0.14750647586804336,-0.09739124336702856,2.9342066480526636,1.28425,0.0,0.0,-0.08817661288460979,-0.033657075808824405,-0.0900536,-0.0349328,-2.6516825431364395
-0.17442156079745436,-0.11477414293201328,2.677114814714678,1.28425,0.0,0.0,-0.09231602158241667,-0.0363644861382364,-0.0942611,-0.0376207,-2.628781518309409
-0.19986998204690315,-0.13383843536984297,2.4534378205351954,1.28425,0.0,0.0,-0.09678911329216715,-0.039461176546235245,-0.0986282,-0.0408389,-2.607267705903591
-0.22269895895746325,-0.15447223393290777,2.263663657916612,1.28425,0.0,0.0,-0.10149621325770676,-0.04296665269866181,-0.103146,-0.0444578,-2.5865321748745624
-0.244253405152858,-0.1721097111277698,2.0849243714865553,1.28425,0.0,0.0,-0.10648432005183789,-0.04660418852014333,-0.108042,-0.0478788,-2.5681431649231303
-0.2631124434380918,-0.1894101668331461,1.9303011968135007,1.28425,0.0,0.0,-0.11163910969364611,-0.050501644126940776,-0.113002,-0.0517519,-2.550344518249609
-0.28077521165249314,-0.20941296209412497,1.8079905868421473,1.28425,0.0,0.0,-0.11701656080841982,-0.05485455355437265,-0.118293,-0.0563001,-2.5319507141947817
-0.29671039285599066,-0.23218175527441304,1.7105343717002854,1.28425,0.0,0.0,-0.12256240872245092,-0.05971036256870277,-0.123714,-0.0613558,-2.5131453788767826
-0.311967629372562,-0.25647748471854537,1.6011876578455595,1.28425,0.0,0.0,-0.12831840190164073,-0.06503141512675271,-0.129421,-0.0667872,-2.497280112656323
-0.32513555572488545,-0.2767357584413762,1.4868776047238996,1.28425,0.0,0.0,-0.1341803905430949,-0.07047429083565529,-0.135132,-0.0719383,-2.483627786818453
-0.3343455836500155,-0.2926080760082759,1.3644649452830089,1.28425,0.0,0.0,-0.13999141686736294,-0.07595135170283228,-0.140657,-0.0770984,-2.472650983519146
-0.3411607714400629,-0.3080502738973129,1.2245518909303337,1.28425,0.0,0.0,-0.14579148531104527,-0.0816539352570764,-0.146284,-0.0827699,-2.465458776441657
-0.3512054986471752,-0.32406295848358846,1.0869588792694327,1.28425,0.0,0.0,-0.1519140954690536,-0.0876413077682824,-0.15264,-0.0887985,-2.460228468800469
-0.31584237585757174,-0.2949550576562565,0.9213162642147403,1.28425,0.0,0.0,-0.1551955946450403,-0.09090204713087055,-0.15264,-0.0887985,-2.4602420838077
-0.35756171803007164,-0.33944038876523763,0.901902972918738,1.28425,0.0,0.0,-0.16300705903777285,-0.098562168701267,-0.166022,-0.101777,-2.4475253259771574
-0.38535535537668325,-0.3725372232604744,0.8217884943265286,1.28425,0.0,0.0,-0.1705654310398494,-0.10618118371423131,-0.172574,-0.108573,-2.4417984595086635
-0.35531302764826134,-0.346746646766667,0.69889071521959,1.28425,0.0,0.0,-0.17474507556716887,-0.11043681331683336,-0.172574,-0.108573,-2.441803850603664
-0.3491552532207501,-0.3454042132711339,0.6507054180568388,1.28425,0.0,0.0,-0.18002300525154244,-0.11589601393943398,-0.179578,-0.115799,-2.4357382114672563
-0.35685540302792906,-0.35946393607564514,0.6212500998590987,1.28425,0.0,0.0,-0.1861185315644969,-0.12235194289091113,-0.186675,-0.123368,-2.428503966832764
-0.3682286882508173,-0.3852606903002574,0.5948172289871336,1.28425,0.0,0.0,-0.1925800842719955,-0.12980874023572317,-0.193402,-0.131673,-2.421425832763283
-0.381036295203323,-0.4166180790744728,0.5875731364259456,1.28425,0.0,0.0,-0.19931842982515033,-0.138045888624299,-0.200244,-0.140312,-2.4126933841659017
-0.3979322954751578,-0.45049855787624804,0.5666264528148357,1.28425,0.0,0.0,-0.20653197299754322,-0.1469515519171663,-0.207753,-0.1494,-2.405570305711453
-0.4179366594488571,-0.48399782018991067,0.514235291512478,1.28425,0.0,0.0,-0.21422134018786224,-0.15637410137374053,-0.215667,-0.158795,-2.4021817894485036
-0.43751148863475187,-0.5144941073176639,0.4478175140838002,1.28425,0.0,0.0,-0.2222023814737267,-0.16613411804814335,-0.223617,-0.168338,-2.401108655329994
-0.45608730620203247,-0.5380313697764506,0.36974425920062504,1.28425,0.0,0.0,-0.23043057726814375,-0.17592202742875787,-0.231773,-0.177623,-2.40234780343694
-0.47080832600742245,-0.5535288634636102,0.2892783605411353,1.28425,0.0,0.0,-0.2387011527937446,-0.18555503918335814,-0.239765,-0.186675,-2.4051025698805537
-0.481416532626765,-0.5651963992366789,0.21934546471905803,1.28425,0.0,0.0,-0.2469353743772809,-0.19518281960216374,-0.247702,-0.196026,-2.408027280667342
-0.4907893102048968,-0.5785588832714526,0.12984425834500218,1.28425,0.0,0.0,-0.25525765540206,-0.20510933039986662,-0.255935,-0.206075,-2.414217816190119
-0.5030726829145871,-0.5937619372644365,-0.008332510401132281,1.28425,0.0,0.0,-0.26392231477755274,-0.215371317522101,-0.26481,-0.21647,-2.427212873371369
-0.5206662992346995,-0.6055811798619498,-0.152329978096918,1.28425,0.0,0.0,-0.2731345582237157,-0.22565285617140357,-0.274406,-0.226507,-2.4433152360659203
-0.537972716167224,-0.6105737244042831,-0.269563260588664,1.28425,0.0,0.0,-0.2826093133256151,-0.23567220267524383,-0.28386,-0.236033,-2.4589178917864762
-0.5497820706867587,-0.6101012249332122,-0.4033720298550193,1.28425,0.0,0.0,-0.29199757075532995,-0.24541014622416799,-0.292851,-0.245376,-2.478299526369129
-0.5587064663799108,-0.613246541421361,-0.49213639208087734,1.28425,0.0,0.0,-0.3013840587152799,-0.2553796967151093,-0.302029,-0.255607,-2.494893081865821
-0.5730055322573836,-0.6230557951086029,-0.5500587636299114,1.28425,0.0,0.0,-0.3112686462319247,-0.2658401124861878,-0.312302,-0.266549,-2.509276075233799
-0.589339841330254,-0.6407323199721253,-0.5961487454323489,1.28425,0.0,0.0,-0.32151656486011093,-0.2769775666536039,-0.322697,-0.278255,-2.5231846473646176
-0.6019432280699453,-0.6579876818345324,-0.6392328327023656,1.28425,0.0,0.0,-0.33177918825260544,-0.2883700029337012,-0.33269,-0.289617,-2.53747509658067
-0.6075057813914829,-0.6679908684768274,-0.690683368141664,1.28425,0.0,0.0,-0.3417780097242585,-0.29955909749027304,-0.34218,-0.300282,-2.5533793426376206
-0.6103595978975718,-0.6728258969488108,-0.7266163601079197,1.28425,0.0,0.0,-0.3516867626090241,-0.3105665859240675,-0.351893,-0.310916,-2.568421113036001
-0.6166431159549414,-0.6828508039946855,-0.7407770846497591,1.28425,0.0,0.0,-0.36186790760564425,-0.3219945278170457,-0.362322,-0.322719,-2.5816073649868647
-0.6273300110926285,-0.6956555390698155,-0.7480668756167776,1.28425,0.0,0.0,-0.3724406877766573,-0.33376663736775014,-0.373213,-0.334692,-2.5942533569965667
-0.6370718642039634,-0.7043122417492561,-0.7873425494693584,1.28425,0.0,0.0,-0.3831219833385694,-0.3454694041457281,-0.383826,-0.346095,-2.610484648411572
-0.6429028666664054,-0.7094981375004287,-0.813733950600297,1.28425,0.0,0.0,-0.3937006096505986,-0.3570812297205118,-0.394122,-0.357456,-2.62600767493023
-0.6500352402693981,-0.7154009247672951,-0.8328581961320383,1.28425,0.0,0.0,-0.4044585631734878,-0.3688234219622015,-0.404974,-0.36925,-2.6411331237399103
-0.6635482928599501,-0.720511397063406,-0.8500561723505183,1.28425,0.0,0.0,-0.41575244922862087,-0.3806076803640824,-0.416729,-0.380977,-2.656344641213282
-0.6786288583765382,-0.7234608918261681,-0.8864800604441938,1.28425,0.0,0.0,-0.4273661694240164,-0.3923308482072091,-0.428456,-0.392544,-2.6739386101210396
-0.6900309554922582,-0.7272605399277176,-0.9211433274017252,1.28425,0.0,0.0,-0.4389780021165402,-0.40415740998714594,-0.439802,-0.404432,-2.6919818879547814
-0.7026018575156908,-0.7301615006825967,-0.976292187649004,0.0,0.0,-11.3363,-0.45084953583280674,-0.415985355625131,-0.451758,-0.416195,-2.7128692308374682
-0.7226981755462873,-0.736044488786394,-0.983458812930536,0.0,0.0,-11.2695,-0.4634196949236192,-0.4280568527927143,-0.464872,-0.428482,-2.7293034721403524
-0.7427677534089807,-0.746483022061094,-1.0022893779133657,0.0,0.0,-11.1939,-0.47630962736126925,-0.4405236361985446,-0.47776,-0.441278,-2.7470930629088284
-0.7575614939244806,-0.7542852475238768,-1.024346147148477,0.0,0.0,-11.1166,-0.48917189747004347,-0.45298315484043317,-0.490241,-0.453547,-2.765560602216435
-0.7683373940093643,-0.7607913296517355,-1.0451444174558604,0.0,0.0,-11.0382,-0.5020052556363797,-0.46548182351855427,-0.502784,-0.465952,-2.7842517718927997
-0.7790137635735479,-0.7660922402818955,-1.1043733111892307,0.0,0.0,-10.943,-0.5150044484306143,-0.47800491791471944,-0.515776,-0.478388,-2.807533888944739
-0.782224822820449,-0.7657208318611588,-1.1985100348686768,0.0,0.0,-10.8262,-0.527680945668568,-0.49023784065479187,-0.527913,-0.490211,-2.8361012416153777
-0.6934550711368009,-0.6769884341587613,-1.0416329122832182,0.0,0.0,-10.8262,-0.5343281433512818,-0.4966234438828264,-0.527913,-0.490211,-2.8365898265586744
-0.6780301782957835,-0.6644987877102546,-1.347415312656811,0.0,0.0,-10.6352,-0.5444037141551767,-0.5066295920525219,-0.543289,-0.505727,-2.881207833789928
-0.6761714869691042,-0.6761947125260926,-1.5163463015718772,0.0,0.0,-10.4429,-0.5551293224587236,-0.5180347680049078,-0.554995,-0.51888,-2.9294284972531757
-0.667209872669835,-0.682916406768867,-1.6214493703344885,0.0,0.0,-10.2689,-0.5653556309699906,-0.5292982418299811,-0.564708,-0.529784,-2.970262460699291
-0.6443735104999498,-0.6743172986722256,-1.7311627799197205,0.0,0.0,-10.0985,-0.5745213204544684,-0.5396564336537711,-0.572871,-0.539035,-3.01102334059798
-0.6069369458988438,-0.6535078767060566,-1.8289789810693833,0.0,0.0,-9.92743,-0.582356436524724,-0.5490698391167976,-0.579651,-0.547566,-3.0516419549972746
-0.5553784191547141,-0.6177792140461276,-1.896422162413268,0.0,0.0,-9.76771,-0.5886589914979059,-0.5571640111959968,-0.584933,-0.554582,-3.089575738471201
-0.49709457071025814,-0.5700721619487442,-1.980046651756536,0.0,0.0,-9.5999,-0.593692011814205,-0.5638946561246049,-0.58948,-0.560447,-3.130006786168314
-0.44104754641804933,-0.5173401379641018,-2.078895935578859,0.0,0.0,-9.41964,-0.5979403627466329,-0.5695297968834954,-0.59389,-0.565719,3.109180231591987
-0.3927071092031847,-0.4625887627377184,-2.182569360117851,0.0,0.0,-9.23076,-0.6018014291074976,-0.5741877297879664,-0.598308,-0.570231,3.0623218711487534
-0.350627764153327,-0.4090448940134492,-2.2939946024745907,0.0,0.0,-9.02941,-0.6053029573700837,-0.5780494666475188,-0.602262,-0.57418,3.0122521942071523
-0.3141255787863869,-0.3581891133014112,-2.4142686065857295,0.0,0.0,-8.81403,-0.6084999115331818,-0.5812322059943993,-0.605862,-0.577557,2.958449844771853
-0.2829717517862015,-0.3117629746860162,-2.536473650509449,0.0,0.0,-8.58629,-0.6114664005317876,-0.5838940880656468,-0.609215,-0.580539,2.9014341337987375
-0.2558646885561599,-0.2698530759944592,-2.6650304586090034,0.0,0.0,-8.34398,-0.614201952156053,-0.5861117119524923,-0.612243,-0.583083,2.840669596623558
-0.22906954068271,-0.23128144955249585,-2.7984393974305193,0.0,0.0,-8.08504,-0.6165244108997349,-0.5878794642907541,-0.614588,-0.585092,2.775822583689504
-0.20190050837996992,-0.19603696037301388,-2.92684020634387,0.0,0.0,-7.81454,-0.6183934304887866,-0.5892500213236016,-0.61643,-0.586703,2.7082115322410125
-0.1742450087505509,-0.1627823837962208,-3.0587147698374193,0.0,0.0,-7.5317,-0.6197955861310765,-0.5901882158677944,-0.617797,-0.587785,2.6374854391177864
-0.1474591175990522,-0.1324465262495373,-3.207005286439771,0.0,0.0,-7.22503,-0.6208127419421547,-0.590787288151707,-0.618877,-0.588595,2.560648993033139
-0.11953442834277003,-0.10397734143056374,-3.3275992906373655,0.0,0.0,-6.91358,-0.6213260397175995,-0.5910243888993033,-0.619308,-0.588967,2.4829593435538886
-0.09007404076482037,-0.07630603161678917,-3.4578253275694104,0.0,0.0,-6.59513,-0.6212910203691274,-0.5908587286891791,-0.619162,-0.588859,2.403742495844827
-0.06219186488705724,-0.05007573864420614,-3.5897881586263334,0.0,0.0,-6.27093,-0.6208889673938364,-0.5903455904052195,-0.618874,-0.58845,2.322882543332445
-0.03639219756963771,-0.024256089501350175,-3.7197081860861627,0.0,0.0,-5.94306,-0.6201784702854015,-0.5894399143164162,-0.618314,-0.587574,2.2409449455404196
-0.01442480167075208,-0.0013762021153274247,-3.860992516085563,0.0,0.0,-5.60306,-0.6193085226760566,-0.5883154659009253,-0.617721,-0.586662,2.155901464727353
0.004309171228009331,0.01524876487752765,-3.9784956637936673,1.06141,-0.581795,-5.2653,-0.618300852178306,-0.587238440180317,-0.616947,-0.586037,2.07189281365319
0.020113329309564724,0.025868143663519548,-4.103930665932719,0.507662,-1.36619,-4.92517,-0.6171871226005093,-0.5862924330041664,-0.616045,-0.585525,1.9875319868151078
0.03140370483826471,0.029564920689664594,-4.217682270364287,0.620176,-1.31837,-4.58746,-0.6161189240747291,-0.585634155806011,-0.615303,-0.585367,1.9039051394735667
0.03781716639022841,0.027643458652952074,-4.311231123999701,0.725161,-1.26334,-4.25982,-0.6151924830497263,-0.5852881412764397,-0.614729,-0.585427,1.822833742384511
0.037379287638951195,0.023855542857132782,-4.345557985639577,0.815833,-1.20663,-3.96526,-0.6146163557190749,-0.5850962578482886,-0.614648,-0.58537,1.7494674656579532
0.03435336595112498,0.026034899418966966,-4.371973266404798,0.900011,-1.14438,-3.67824,-0.6142183250456492,-0.5845704960444583,-0.614437,-0.584413,1.677271994329762
0.0363600185071503,0.03154843789812199,-4.364633057336963,0.976234,-1.07864,-3.4008,-0.6135360152057313,-0.583789448109246,-0.613391,-0.583391,1.608053909478093
0.044289574920888294,0.04137441769461507,-4.34400373431462,1.04611,-1.00896,-3.12854,-0.6124300470136662,-0.5826350962632626,-0.611857,-0.581925,1.5401742406924261
0.05556625207752071,0.05484579087271743,-4.293729913007631,1.10794,-0.938223,-2.86956,-0.6109759341314339,-0.581082538716027,-0.610161,-0.580109,1.4754234712968217
0.07384172266244485,0.06779612086290619,-4.225164490041506,1.16303,-0.866073,-2.61627,-0.608878717489807,-0.5793488843722976,-0.607558,-0.578413,1.412947735391653
0.0945914482514483,0.07830483321114008,-4.1451939933349085,1.2118,-0.793155,-2.37035,-0.6063255250254568,-0.5775694354481419,-0.604826,-0.57681,1.3525153237241432
0.1163804626802459,0.0875373908145903,-4.006891430780662,1.25121,-0.725619,-2.15012,-0.6033716315427582,-0.5757062112899016,-0.601797,-0.575039,1.2985746859877176
0.13950990606606126,0.09798443463987966,-3.860726844482764,1.28555,-0.658437,-1.93692,-0.5999805006197623,-0.5736149788353041,-0.598309,-0.57286,1.2464872610713897
0.16178513631038696,0.10966446454728171,-3.720648959507712,1.3149,-0.592363,-1.73262,-0.596275769009036,-0.5712750833142157,-0.594666,-0.570431,1.1964712047124602
0.1841750163731575,0.12141115374309236,-3.6194069310354915,1.34121,-0.52384,-1.52362,-0.5922070544329172,-0.5687439005958091,-0.590589,-0.567895,1.1455789861548564
0.2048380519640894,0.13331589319231973,-3.5874808339452025,1.36563,-0.448391,-1.29837,-0.5878942601801215,-0.5660143224485591,-0.586401,-0.565154,1.09057870032073
0.22518742741594452,0.1440350601136704,-3.60022166005297,1.3871,-0.366732,-1.0567,-0.5832715928332202,-0.5631726444154969,-0.581801,-0.562398,1.031860933226707
0.24349700738075564,0.1543048354555776,-3.6159999093428157,1.40363,-0.282938,-0.812718,-0.5784581824799354,-0.560189168134463,-0.577135,-0.559447,0.9724400917672678
0.2604814693104115,0.16586969226822001,-3.6446338678086345,1.41541,-0.195858,-0.56189,-0.5734394198807206,-0.556955760074609,-0.572212,-0.55612,0.9112249905066251
0.2766455971679464,0.17978001234798086,-3.6743563257594882,1.42181,-0.107281,-0.308648,-0.5682031366162211,-0.5533822601892129,-0.567035,-0.552377,0.8492663038660127
0.2935330526352678,0.19665281874433765,-3.6978102261681194,1.42278,-0.0191055,-0.0566174,-0.5626604094931722,-0.5493903508455087,-0.56144,-0.548171,0.7875731917464848
0.31068842863465207,0.21792038102682632,-3.6925445462268325,1.41852,0.0645059,0.181183,-0.5568297713657395,-0.5448379476447416,-0.55559,-0.543301,0.7290465144519882
0.3275538385960305,0.2426879590723062,-3.6770399935865967,1.40942,0.146125,0.413348,-0.5507438163257002,-0.5397138840608684,-0.549525,-0.537924,0.6716791360437026
0.3432138197359743,0.26829134488350537,-3.6266933053601123,1.39611,0.221362,0.629058,-0.5444677033334635,-0.534138285566218,-0.543336,-0.532288,0.6182709339729918
0.3585943240851454,0.2935677022369627,-3.5565543588520594,1.37939,0.292278,0.835534,-0.5379595063221825,-0.5281746521280641,-0.536848,-0.526348,0.5671934951442186
0.3740161285672774,0.3213946939311012,-3.4475032656173044,1.361,0.356264,1.02133,-0.5312024909680596,-0.5216379793861877,-0.530088,-0.519627,0.520779012609613
0.38936014297959365,0.34891885265724704,-3.317784686128457,1.34052,0.414964,1.19552,-0.5242038692958152,-0.5146760944888628,-0.523095,-0.512687,0.4773031343355547
0.40259304464482343,0.3731312110166798,-3.1726293461170814,1.31804,0.467804,1.35644,-0.5170993050422671,-0.5074927598765615,-0.516143,-0.505743,0.437081504885338
0.4105555651616897,0.3922289843196582,-3.0442503627480337,1.29226,0.518283,1.51348,-0.5101314292378248,-0.500260143022879,-0.509556,-0.49888,0.3975292420569255
0.41627580626233907,0.410364293896327,-2.950982357293312,1.26462,0.568847,1.67194,-0.5031843859334802,-0.49278558844310855,-0.502771,-0.491475,0.35723488350490323
0.42748425751264774,0.4315729872648597,-2.856660418891727,1.2386,0.615867,1.82292,-0.4957830036347159,-0.4848176933518682,-0.494973,-0.483285,0.31899855755434947
0.4430091033293839,0.4533581260184181,-2.704137421852906,1.21534,0.652653,1.94654,-0.48791693747906195,-0.4764723514584753,-0.486795,-0.474898,0.28776731593598515
0.4586606791961305,0.4712415277297562,-2.4626171578298592,1.1957,0.676362,2.03444,-0.47979409590771943,-0.4680363837614826,-0.478663,-0.466744,0.26583754817092414
0.4710004883129454,0.48585048626028093,-2.157057485334112,1.17953,0.690368,2.0899,-0.4716397637248095,-0.4595307488492278,-0.470748,-0.458475,0.2518359560752921
0.48129680348950565,0.5010637559569667,-1.819574461384761,1.16869,0.696191,2.11323,-0.46342308609458555,-0.4507514207384262,-0.462679,-0.449652,0.24530959049265522
0.4887138575968846,0.5167919987993705,-1.430695031713868,1.16441,0.689665,2.09237,-0.45523200989572005,-0.44169463641706885,-0.454696,-0.440558,0.24959275566190398
0.4930469147656608,0.5308910768012833,-1.040448766626636,1.16453,0.673231,2.03953,-0.44712613800432904,-0.43249390119987613,-0.446813,-0.431475,0.26152750889807325
0.49820236709533094,0.5407529796811997,-0.6759785884867003,1.16937,0.647142,1.96235,-0.4388965702179882,-0.423347692324707,-0.438524,-0.422635,0.2797623803799745
0.4432889068631355,0.4833774641229749,-0.5853290779701243,1.16937,0.647142,1.96235,-0.4345555567789367,-0.4184886308801288,-0.438524,-0.422635,0.27786624011359834
0.42876272022356227,0.46728060133760946,-0.2929014366522772,1.17829,0.61868,1.87055,-0.42842323284539047,-0.4118187244436817,-0.429473,-0.412982,0.2996637936123084
0.3715995595268429,0.40484341853010547,-0.2498546656066597,1.17829,0.61868,1.87055,-0.42534197717604677,-0.408469838249365,-0.429473,-0.412982,0.29954443505895284
0.3903701337560511,0.4336732961447938,0.20157186953393197,1.21745,0.576975,1.67597,-0.4181554972547786,-0.4000864551656429,-0.416799,-0.398003,0.34443795631606866
0.43441393503328307,0.49240257244989305,0.576804741249303,1.24279,0.520148,1.46889,-0.40899792316436495,-0.3892652016482924,-0.405815,-0.385021,0.3977362960799038
0.4756951417260035,0.5557286082045274,0.8255590620332952,0.0,0.0,1.25909,-0.39931827812824644,-0.3772003966838854,-0.396335,-0.372624,0.4429373256520058
0.5073493113208896,0.6114013895118218,1.098022840147854,0.0,0.0,1.03354,-0.38961455890115193,-0.3646283172457623,-0.387327,-0.360605,0.4935367970326335
0.5259868104934878,0.6534384738380381,1.3654848946374523,0.0,0.0,0.786698,-0.3802648802901207,-0.35206690330498663,-0.378918,-0.349029,0.5498436762407789
0.5301572891628963,0.6822795107453654,1.6294287971487205,0.0,0.0,0.511899,-0.3715733889078237,-0.3397052616167214,-0.371272,-0.337621,0.6120715602110807
0.5248880856913662,0.7008940255070708,1.8719968266647795,0.0,0.0,0.221497,-0.36343920930299095,-0.32755821927059625,-0.36382,-0.326213,0.67733318006183
0.5175674156114364,0.713178837980882,2.078828120395169,0.0,0.0,-0.0644355,-0.35552495551018826,-0.3155317892702006,-0.356054,-0.314644,0.7408254760179851
0.5001934855484158,0.7122749763883301,2.24753809064641,0.0,0.0,-0.332901,-0.348392434339226,-0.30418068043363916,-0.349648,-0.304246,0.7994583499389146
0.47210566311391233,0.6962914962294044,2.3896742539902807,0.0,0.0,-0.585691,-0.34224617110079536,-0.29384091829111686,-0.344276,-0.294996,0.8545445608169775
0.43761599043091604,0.6664975587284884,2.5013330554566204,0.0,0.0,-0.823164,-0.3369725271677147,-0.2846698749045435,-0.339465,-0.286823,0.9067095848465869
0.3995721495001044,0.6238665027223225,2.565467111860942,0.0,0.0,-1.03756,-0.33248567730194545,-0.27682417201176024,-0.335235,-0.279905,0.9542858399791411
0.361585049822714,0.5750666733103683,2.589733236867163,0.0,0.0,-1.23481,-0.3286037778347027,-0.2700683718946129,-0.331349,-0.273595,0.9980006223589768
0.32416809608862085,0.5264185844933319,2.5563273318502535,0.856552,-0.574082,-1.41034,-0.32529198069815596,-0.26408333776587134,-0.327996,-0.267599,1.0359293252893202
0.28688031367744316,0.47690571207689786,2.4895005531619905,0.0,0.0,-1.56902,-0.3225703155508244,-0.25893384225751687,-0.325265,-0.262512,1.0701960417606098
0.24755415745887932,0.42400141445375794,2.408785975220301,0.0,0.0,-1.71535,-0.32058000793837904,-0.25480075337922753,-0.323422,-0.258624,1.1021665775604144
0.20934749918670137,0.36906192648421504,2.2902267922219908,0.0,0.0,-1.83722,-0.3191449109449925,-0.2516486758266638,-0.321906,-0.255619,1.1291425867331129
0.17414867162939124,0.3175909345836122,2.1182951225512126,0.0,0.0,-1.93198,-0.3181222785149844,-0.2491463344020635,-0.320666,-0.252866,1.1493311099350432
0.1446846008801907,0.2700454580431352,1.87025626074772,0.826743,-0.583981,-1.98481,-0.3172837134583182,-0.24720802049203486,-0.319413,-0.250644,1.1599349315474097
0.12353024946352513,0.22746772945427277,1.5281141726588787,0.816667,-0.584207,-1.98489,-0.316367233790031,-0.24570202583606487,-0.317896,-0.248779,1.1581303130790206
0.10835232470886129,0.1891338862607824,1.0942617677944044,0.816572,-0.572661,-1.92608,-0.31539413354234525,-0.24459671964404966,-0.316491,-0.247367,1.141808586243999
0.09733516031667205,0.15489062292880681,0.6151133599754576,0.825572,-0.549717,-1.81139,-0.31438882013512437,-0.2438343344869863,-0.315185,-0.246309,1.1118702172054877
0.08841346513209572,0.12252274500112353,0.14718010542001103,0.906513,-0.431996,-1.64774,-0.3134212538735327,-0.24349586338032272,-0.314066,-0.245835,1.0711587080570786
0.08336660008121904,0.09347493122037434,-0.24136462147951504,0.921027,-0.391335,-1.46402,-0.3123402770829941,-0.24345579519306382,-0.312705,-0.245555,1.02765453208501
0.08445358207502723,0.07070494812890624,-0.589515192265316,0.963283,-0.252804,-1.26287,-0.3109345531690501,-0.24346547657712736,-0.310856,-0.245111,0.98027868439308
0.09327232122634184,0.05507497461760408,-0.9207799302053001,0.972915,-0.200614,-1.03905,-0.30900030577995596,-0.2433674652344971,-0.308363,-0.244497,0.9274631567550312
0.10646794480042636,0.045378633136930815,-1.2264043209399855,0.98035,-0.144133,-0.799008,-0.3066356110581787,-0.24312727233768575,-0.305682,-0.243828,0.8707849887957538
0.12220864144060095,0.03927360089648926,-1.4808066829886646,0.984487,-0.0881333,-0.560182,-0.303891536418437,-0.24280480627979897,-0.302754,-0.243246,0.8153817505055136
0.14189566472572643,0.0371881760270209,-1.7058025985032914,0.9854,-0.0331744,-0.322841,-0.30063472648214884,-0.24231429213800618,-0.299212,-0.242465,0.7609001645289808
0.16608636460010434,0.04159850960152281,-1.9063439743766344,0.983122,0.0205837,-0.0883753,-0.2967651946780139,-0.24142772255549647,-0.295017,-0.241109,0.7068945853955496
0.19246977482870298,0.05381995484638133,-2.0774042936476196,0.977705,0.072413,0.137882,-0.2923636557639511,-0.2399542098965987,-0.290457,-0.239071,0.6541494843263306
0.21857370257733202,0.07153330583587926,-2.2211781731400757,0.969414,0.122301,0.356928,-0.28755845834152766,-0.23792209466821715,-0.285672,-0.236642,0.6027996788742825
0.24298036042499788,0.09248040656049397,-2.323971091338215,0.958806,0.168388,0.561667,-0.2824478013608109,-0.23539278877819814,-0.280684,-0.233879,0.5547118068638155
0.2621103294526361,0.11275932815225687,-2.402925629462414,0.94546,0.212374,0.758112,-0.27729546971846025,-0.23257250132847254,-0.275913,-0.231107,0.5083303045790729
0.2772264964159484,0.13280879990357716,-2.444498386225029,0.930659,0.252462,0.939865,-0.2721024033936373,-0.22944291962591676,-0.27101,-0.227994,0.46515812031511483
0.28979939919643494,0.1565050689873687,-2.4837348286862273,0.914037,0.292119,1.11687,-0.2668356087563475,-0.22575146353830988,-0.265927,-0.224039,0.4217417226418139
0.30138974900898374,0.18025484188260193,-2.49316929055285,0.896479,0.328131,1.28409,-0.26143260238289256,-0.22167733011012886,-0.260595,-0.219961,0.3809625524179498
0.3111267916735587,0.19700098297777968,-2.4791811357692373,0.87749,0.360259,1.4473,-0.2559666690238067,-0.21768619709606946,-0.255263,-0.216476,0.3425752411174586
0.31897241294227946,0.2065632471468198,-2.4630097259131865,0.856997,0.39074,1.6115,-0.2504699812539081,-0.2139020382674701,-0.249903,-0.213211,0.30461568633706004
0.32618050932633025,0.21488139455595423,-2.433857791792612,0.836249,0.419229,1.76622,-0.24488990910154096,-0.2100471294053954,-0.244369,-0.209446,0.26829795286169533
0.3363197519886938,0.22329349498603782,-2.3545009103281367,0.817964,0.441785,1.90067,-0.2390007349003329,-0.20605291912921736,-0.238268,-0.205445,0.23770440909107
0.3471137206232377,0.2322056565305288,-2.206605017556892,0.80201,0.457356,2.00266,-0.23290605012750976,-0.20189105715678288,-0.232126,-0.201247,0.2149802473788314
0.3540819472878139,0.24154812199531958,-1.996884669533687,0.787623,0.46656,2.06922,-0.226891574383274,-0.19755815402571608,-0.226388,-0.196883,0.20003134401963074
0.3562879998246457,0.2528751712763838,-1.7284511007767254,0.776254,0.469215,2.0955,-0.22108042528840985,-0.19294457438493257,-0.220921,-0.192126,0.19369034496980905
0.3570816188809519,0.26655226079373795,-1.409581058291005,0.76962,0.464815,2.08356,-0.2153273526445208,-0.18799440526438357,-0.21527,-0.187006,0.19646086902563145
0.35677120762090175,0.2796873276975674,-1.0515958534436902,0.76686,0.452514,2.03357,-0.2096345674405605,-0.18286123479584615,-0.209657,-0.181912,0.2087659483750306
0.35438081112283676,0.2917287636090444,-0.7003280231415587,0.766021,0.435107,1.95408,-0.20408425268562044,-0.17759020112214222,-0.204257,-0.17672,0.22738509991058187
0.3483259720825887,0.30386633914766814,-0.37117531453854075,0.766092,0.414155,1.84585,-0.19881443360293996,-0.17212014886591967,-0.199252,-0.171243,0.25100370476778494
0.34239440894089335,0.3141664955276523,-0.06840652122333296,0.767832,0.389252,1.72338,-0.1936333424096672,-0.16657736368768608,-0.194062,-0.165833,0.2785523399956113
0.33983637957346174,0.3268110896200776,0.20878898808556662,0.771325,0.362849,1.58349,-0.18832413832383646,-0.16071478968830236,-0.188509,-0.159801,0.3092807466645648
0.342082128668719,0.34272297511774286,0.4784195703871057,0.776313,0.333368,1.42263,-0.18273829404840997,-0.1544339077616042,-0.182576,-0.153284,0.3445494035008292
0.3474803455428734,0.359346894416184,0.7378030050026982,0.780936,0.300126,1.24371,-0.17690811413721672,-0.14785136446635216,-0.176518,-0.14665,0.383958060074773
0.35352498273636274,0.37590919865205047,1.0057130200638646,0.784933,0.262139,1.03494,-0.17094882913793558,-0.1410069117169469,-0.170512,-0.13981,0.4296395048048711
0.3558406370969712,0.38938966997251934,1.2678555179178463,0.785786,0.219683,0.800073,-0.16513934590773965,-0.1341011962135012,-0.164972,-0.133127,0.4804951426640757
0.3502608539144361,0.40211564949308515,1.4958181007802993,0.0,0.0,0.543468,-0.15981476457006888,-0.12702967118710487,-0.160218,-0.12611,0.5321238168012634
0.3435153657040881,0.41413239344750685,1.713669529617859,0.0,0.0,0.276073,-0.15465652230604432,-0.11980141670300024,-0.155144,-0.118933,0.5857839624359449
0.3392608241905246,0.42692584825102226,1.9179363777520286,0.0,0.0,-0.00456349,-0.14944153610395625,-0.11232954743835692,-0.149749,-0.111405,0.6411940096936513
0.3365317458988229,0.4444125926995656,2.079837019726731,0.0,0.0,-0.29598,-0.14419377709325434,-0.10434271844301668,-0.144391,-0.103079,0.6939800126916303
0.33396097793223745,0.4636986687970604,2.2051294625814823,0.0,0.0,-0.587863,-0.1389792177406635,-0.09595715114273244,-0.139165,-0.0945634,0.7434069546487301
0.3273979730305557,0.4772406243723729,2.2933147494791917,0.0,0.0,-0.87135,-0.1340697098678219,-0.0876427395097951,-0.134544,-0.0866641,0.7894039274324105
0.3157654239916971,0.47963259368315153,2.383639871025361,0.0,0.0,-1.15636,-0.12960034799625175,-0.07984876097718506,-0.130441,-0.0796759,0.8365298971222649
0.27317908150437076,0.4254230677471093,2.058282626799384,0.0,0.0,-1.15636,-0.12736340333355234,-0.07575832815498604,-0.130441,-0.0796759,0.8373707430107756
0.25164011081753906,0.4033603117622562,2.444980414853301,0.0,0.0,-1.53524,-0.1244164384238507,-0.07041008591544134,-0.125973,-0.0720045,0.9003814629697692
0.23433353229044177,0.3870020546270634,2.5511916864144326,0.0,0.0,-1.84873,-0.12153430164762424,-0.06503773420017474,-0.122785,-0.0662199,0.9556064784743828
0.21379493581098213,0.36338296804639514,2.58246328432654,0.0,0.0,-2.1059,-0.119142732688772,-0.060407114226777386,-0.120627,-0.062114,1.0004372505173298
0.18743917906998958,0.3273836782417263,2.517777423004004,0.0,0.0,-2.29276,-0.11746434267677665,-0.056972831332056675,-0.119369,-0.0595744,1.034502439051892
0.15717594878197882,0.281261960149298,2.328892255032351,0.0,0.0,-2.40735,-0.11646596041851827,-0.05478371155986598,-0.118653,-0.0581168,1.0556428465846714
0.12462061486837098,0.22949637232427345,2.011142824159583,0.0,0.0,-2.45399,-0.11610331645697382,-0.05370564477299476,-0.118456,-0.0574466,1.0629529696902649
0.09199475812672989,0.17642262216864957,1.5409559503956163,0.0,0.0,-2.41767,-0.11626621996810467,-0.053542307515445045,-0.118624,-0.0573778,1.0516635669162189
0.06220840497414504,0.12611267948788812,0.9983171293341796,0.0,0.0,-2.31297,-0.116763423004328,-0.05404544020377983,-0.118916,-0.0576812,1.0249366349098699
0.03612057757799708,0.08086571891297545,0.44789538640167426,0.492687,-0.305436,-2.14413,-0.11749270518621927,-0.05501882785557527,-0.119378,-0.0582887,0.9842794824166057
0.014077455686352058,0.04243745272708836,-0.04858495953529518,0.505085,-0.2831,-1.93366,-0.11837200481681387,-0.05626539595669679,-0.119965,-0.0590425,0.9349158692027969
-0.00384650984785382,0.0118308151143765,-0.48721148011415144,0.520526,-0.255595,-1.69648,-0.11933168480372525,-0.05760974332514971,-0.120627,-0.0598216,0.8794766341899076
-0.015855667503626523,-0.010688733219836995,-0.8690350597043037,0.285487,0.264376,-1.44446,-0.12018713153772834,-0.05890917480132492,-0.121055,-0.0605366,0.8208733083049627
-0.022845192653124312,-0.026065792225367798,-1.2016885020915757,0.0,0.0,-1.18832,-0.12090288643438803,-0.060096742663231194,-0.121408,-0.061208,0.7611771226073177
-0.023131302076676356,-0.03336192464281995,-1.4636362824810845,0.0,0.0,-0.952568,-0.12128732366677357,-0.06099612877888976,-0.121308,-0.0615234,0.7058196425420528
-0.012902422420937186,-0.03231896717954792,-1.6732527348519648,0.434804,-0.334132,-0.734889,-0.12098121271683206,-0.061460971638528664,-0.120242,-0.0613856,0.6548684076616813
0.003767107003841098,-0.02172910831706941,-1.8027889708399618,0.567586,-0.104257,-0.566226,-0.12008566058347735,-0.061277999681300745,-0.118881,-0.0605127,0.6119701601539731
0.021547639426635033,-0.006084950040502555,-1.8235109816691963,0.567626,-0.08646,-0.451193,-0.11884994968377104,-0.06059145985908322,-0.117565,-0.0594609,0.5807402785746609
0.03457154750032682,0.011411804815867864,-1.739457948849529,0.566868,-0.0753906,-0.390947,-0.11764420165599201,-0.059532141867381365,-0.116703,-0.0582677,0.5604528481176752
0.04338133303289625,0.026266715243127563,-1.5982766656227203,0.565555,-0.0679554,-0.351533,-0.11650865872680245,-0.05836752310954899,-0.115872,-0.057294,0.5467825167153899
0.050720484227791615,0.03987864878596638,-1.4377812371266527,0.563467,-0.0628017,-0.332345,-0.11532938006864964,-0.05704739662310904,-0.114799,-0.0560637,0.5371283834724075
0.057411361749371975,0.05200608767695975,-1.3050033994447316,0.561064,-0.0576577,-0.314489,-0.11407553113118726,-0.05560761631855509,-0.113592,-0.0547312,0.5273723416571263
0.06406680681238644,0.0633225486676938,-1.1990475935053835,0.558338,-0.052377,-0.299385,-0.11271697052583829,-0.054027409198604756,-0.112236,-0.0532096,0.5172873170927517
0.07141567230141903,0.07352197162504141,-1.134638173387831,0.555307,-0.0457761,-0.27488,-0.11120608209370057,-0.052339983963070186,-0.110675,-0.0516029,0.5047683090349411
0.0798451475377198,0.08451910906503696,-1.107215669272662,0.552011,-0.0375586,-0.247971,-0.10950617475819537,-0.0504366325726756,-0.108897,-0.0496419,0.48950515294746544
0.08967097770287544,0.0961839552429674,-1.119126199129369,0.54833,-0.0273057,-0.210583,-0.10757908544982146,-0.04831318602826733,-0.106869,-0.0474702,0.470513799122888
0.10169877139763517,0.10749480705902005,-1.1518100534740832,0.533601,-0.0714019,-0.16301,-0.10534921523703823,-0.04602650383913286,-0.10448,-0.0452091,0.4490425185083828
0.1139483176997624,0.11931473940756872,-1.1903108780408136,0.0,0.0,-0.121185,-0.10291224068194263,-0.043525193674987604,-0.102027,-0.042671,0.4263640122793915
0.1277084852847973,0.1304255201428292,-1.23409693820994,0.0,0.0,-0.0738388,-0.1001794090855435,-0.04088164525792265,-0.099185,-0.0400787,0.4024602590023298
0.1402538822211527,0.1400221514750141,-1.2652982908990462,0.0,0.0,-0.034168,-0.09730672098540348,-0.038160421886878376,-0.0964001,-0.0374669,0.3792360239192479
0.15157496798268633,0.14803129255476824,-1.2939470233859787,0.0,0.0,0.00257442,-0.0943142434179428,-0.03539059837639252,-0.0934961,-0.0348118,0.35581453081120246
0.16012883384940074,0.15695989117827316,-1.3086319878269517,0.0,1.28025,0.0,-0.09132356412349746,-0.03243184501882089,-0.0907054,-0.0317866,0.333484130356736
0.1662990293673249,0.16541939650287107,-1.2462214418286928,0.0,1.28025,0.0,-0.08835360288924073,-0.02936124494925284,-0.0879077,-0.0287499,0.3194010638745322
0.16625435680131195,0.17025649175315197,-1.1580601278135518,0.0,1.28025,0.0,-0.0856957716377549,-0.026394763436258576,-0.085699,-0.0260452,0.30876374102757914
0.1584379480103014,0.16766686499977623,-1.002652273877001,0.0,1.28025,0.0,-0.08355242985070355,-0.023841854868531978,-0.0841173,-0.024029,0.30653558666059794
0.1434686795668532,0.16001004463488872,-0.8264901251001202,0.0,1.28025,0.0,-0.08200701255430831,-0.02166536286292186,-0.0830888,-0.0222187,0.308705615543413
0.1239183268713051,0.15270601203646467,-0.6653188274589458,0.0,1.28025,0.0,-0.08100395032168821,-0.01958805785475767,-0.0824168,-0.0201159,0.3122612849023505
0.10670396450629246,0.15013229920443882,-0.5704217585305753,0.0,1.28025,0.0,-0.08015926585348104,-0.01731490492341897,-0.0814033,-0.0175009,0.31159974014868286
0.08537575677782207,0.13142873374338723,-0.48530577919216594,0.0,1.28025,0.0,-0.07986196967735071,-0.016149245282745327,-0.0814033,-0.0175009,0.3115714031521659
0.0735799941662157,0.1296046045824579,-0.46450733186128274,0.0,1.28025,0.0,-0.07927575300475753,-0.01416697525298124,-0.0801282,-0.0142988,0.3060347899644553
0.06906237570679379,0.13799484047174873,-0.44356714079151827,0.0,1.28025,0.0,-0.0783971242639084,-0.011538639039594102,-0.0787236,-0.0109323,0.30086986442286545
0.06962624975859268,0.1501126197609916,-0.41711716110860614,0.0,1.28025,0.0,-0.07725484961127804,-0.008529638245971013,-0.0772141,-0.00765392,0.29663688981060865
0.07690521837823044,0.16503201668367515,-0.39864738097924446,0.0,1.28025,0.0,-0.07565963084112332,-0.0051415433694294065,-0.0751336,-0.00406336,0.2919613296462473
0.08632776094595251,0.1835802360808861,-0.3479510837135711,0.0,1.28025,0.0,-0.07380624097549027,-0.0012748435887731972,-0.0731253,6.55847e-05,0.29107492999794576
0.09458209991917133,0.20012574292682064,-0.2695908574060323,0.0,1.28025,0.0,-0.07187931814699201,0.0027562321837602335,-0.0712828,0.00395193,0.2939714626553767
0.09936405486771398,0.21161432285908946,-0.16415044598353035,0.0,1.28025,0.0,-0.07004987859983203,0.006717732243637965,-0.0697043,0.00754798,0.30106205055601315
0.09901033371354155,0.21550330095825676,-0.05375182018374146,0.0,1.28025,0.0,-0.06848343755482741,0.010360654356377352,-0.068509,0.0106417,0.31044137460139754
0.09423326954822475,0.21429494117856374,0.05461692696504976,0.0,1.28025,0.0,-0.06721507484348507,0.013728824804447797,-0.0675603,0.0136415,0.3214493810579295
0.08618084035907536,0.21244964201313613,0.16198797832871034,0.0,1.28025,0.0,-0.0662396733121961,0.017035554644433452,-0.0668216,0.0169022,0.3341601388151118
0.07797041576876132,0.2133822583420853,0.2424570236005852,0.0,1.28025,0.0,-0.0654035554234661,0.020496402408720527,-0.0659969,0.0205638,0.34566876499327753
0.0718416405926666,0.2151208737039787,0.31345395204926274,0.0,1.28025,0.0,-0.06456119044379734,0.024025455097679727,-0.0650041,0.0241511,0.3573923495370868
0.06725140149719341,0.21690450768068842,0.40752386330813994,0.0,1.28025,0.0,-0.06371517617228152,0.02758530172744893,-0.0640469,0.0277142,0.37281253989643237
0.06569081792634505,0.21781165029304297,0.5098402987955819,0.0,0.0,2.24088,-0.06274232096064518,0.03111574332345268,-0.0628551,0.0311813,0.3908114727585595
0.0645306968463883,0.21858469473136052,0.6274626936003388,0.0,0.0,2.24088,-0.06176796127237475,0.034651834225964816,-0.0618518,0.0347077,0.4123271507791333
0.06447628051590339,0.22000843602945863,0.7207296153834905,0.0,0.0,2.24088,-0.06073906748296474,0.038243310171548195,-0.060743,0.0383462,0.43313588981065054
0.06537056566968623,0.22291831078696533,0.815623115647853,0.0,0.0,2.24088,-0.05964832750373444,0.04195581143492429,-0.0595837,0.0421661,0.4555406679308421
0.06504824267999398,0.2259766277698631,0.9018413015340717,0.0,0.0,2.24088,-0.05862370661295011,0.04572468392766865,-0.058647,0.0459457,0.4785331958619546
0.06287252761032153,0.23121737464409806,0.9880685710908548,0.0,0.0,2.24088,-0.05772676711606411,0.04968676578222487,-0.057884,0.0500655,0.5028997732405763
0.05973256504798311,0.23245138243493269,1.0783500562632413,0.0,0.0,2.24088,-0.05692838362845438,0.053467821685037324,-0.0571553,0.053557,0.5291751613570677
0.05574603471439408,0.22668486423271272,1.1873549080065142,0.0,0.0,2.24088,-0.056236204527396375,0.05680583025105275,-0.0565243,0.0563891,0.5592183904858787
0.05085403499991082,0.2120060322526476,1.2914567457519923,0.0,0.0,2.24088,-0.05566766877063845,0.059462398409317205,-0.0560212,0.0584016,0.5908033976405904
0.044170070066802784,0.18827857192834707,1.39307454540581,0.0,0.0,2.24088,-0.055295868422378415,0.061285917642612014,-0.0557789,0.0595712,0.6238348936225729
0.034884073873987065,0.15862173152703735,1.492734879680584,0.0,0.0,2.24088,-0.05520302685169758,0.062337817468924535,-0.0558741,0.0601946,0.658323806482979
0.02600085447858811,0.1247922512496404,1.2987589650315114,0.0,0.0,2.24088,-0.05523213441193056,0.06263936256115109,-0.0558741,0.0601946,0.658909421398734
0.0163699516876291,0.08832015083844721,1.6459597259857641,0.0,0.0,2.24088,-0.055452801410002334,0.06222493737700618,-0.0561488,0.0595892,0.7096476703861437
0.00554057971330831,0.05188330809248538,1.7947676476387815,0.0,0.0,2.24088,-0.055906791371475265,0.06122928940348591,-0.0566894,0.0585961,0.7599912781101742
-0.004038136345459223,0.017489007734702675,1.8965337245824605,0.0,0.0,2.24088,-0.05645137280016276,0.059785680539287046,-0.0571436,0.0573001,0.8038937831817539
-0.011762180018784664,-0.01305693535626749,1.9663636554504893,0.0,0.0,2.24088,-0.057026604821167795,0.05804617045037376,-0.0575848,0.0558387,0.8433591545727698
-0.016877256148931118,-0.037529937291554044,2.009901190422338,0.0,0.0,2.24088,-0.05755294765778607,0.05621939586371897,-0.0579226,0.0544508,0.8800434882435139
-0.01937854209180065,-0.0551379678239267,2.0433723545582327,0.0,0.0,2.24088,-0.05798833901349597,0.05445488345136156,-0.0581691,0.0531824,0.9160210593961613
-0.01676900387470167,-0.06396451263253428,2.0743432328201323,0.0,0.0,2.24088,-0.058125884077637135,0.05298916987312437,-0.0579373,0.0523513,0.9521974810287109
-0.011859977196225727,-0.06407824440894454,2.0821016966082215,0.0,0.0,2.24088,-0.058069661720748296,0.05195821907953362,-0.0577149,0.05195,0.9862588534026036
-0.006368959336046063,-0.056503679611159596,2.0889992800858774,0.0,0.0,2.24088,-0.057896420606675075,0.051433707244249914,-0.0574996,0.0519811,1.0203237412314377
-0.0012298640563154183,-0.04557794787783339,2.091746055984121,0.0,0.0,2.24088,-0.05765858813942904,0.05125192771937992,-0.0572872,0.0520415,1.0540474911817508
0.0020421497892453345,-0.03392760848451863,2.080307980871223,0.0,0.0,2.24088,-0.05746195935094485,0.051292862336756916,-0.0572255,0.0521348,1.0862706100930897
0.0024004864793640834,-0.023162109301797483,2.069221417343564,0.0,0.0,2.24088,-0.057405595997133435,0.05146170728068517,-0.0573797,0.0522397,1.1183699854988898
0.001189925332938985,-0.014061595827049784,2.050576755575288,0.0,0.0,2.24088,-0.05744721610889389,0.05169273117246027,-0.0575347,0.0523504,1.1494769448061768
0.0014036722892242647,-0.006309820745762843,2.0513579408511844,0.0,0.0,2.24088,-0.057414046898740426,0.05198020074935244,-0.0573986,0.0525404,1.1823693014105265
0.003136554578985945,-0.0005143047528164838,2.061565565017634,0.0,0.0,2.24088,-0.057277030589123826,0.052262374159167485,-0.0571518,0.0526812,1.2163107647321059
0.00421655725139823,0.004160334589434638,2.0634703409142405,0.0,0.0,2.24088,-0.057155448792881425,0.052563176800911264,-0.0570774,0.052901,1.249508225973422
0.0045127363441133566,0.006903293698609319,2.063076733866416,0.0,0.0,2.24088,-0.05706840404024325,0.05281107396513658,-0.057047,0.0530093,1.282480364759895
0.004023489121036998,0.007429929051353867,2.0616371738290478,0.0,0.0,2.24088,-0.057028543462319954,0.052956341526053274,-0.0570639,0.0529944,1.3153313331997418
0.004315214815026283,0.007952996379402485,2.054799354620914,0.0,0.0,2.24088,-0.0569448822054889,0.05310979937728606,-0.0569238,0.0531476,1.3475663912080023
0.004361023333689772,0.009125551428522331,2.0743294771914207,0.0,0.0,2.24088,-0.056872810454387475,0.05331456270396497,-0.0568695,0.0533993,1.382572582492522
0.004896769742935283,0.011965859020642195,2.089977455531916,0.0,0.0,2.24088,-0.056767616904689476,0.0536483388607088,-0.0567289,0.0538536,1.4175460161967133
0.004731773476790587,0.014256060726963,2.098231242093869,0.0,0.0,2.24088,-0.05670017617820633,0.05399119348487809,-0.0567121,0.0541567,1.4519223906694108
0.004342020468415878,0.015037338364873675,2.0939448672207157,0.0,0.0,2.24088,-0.05665023363282092,0.054270939235502094,-0.0566784,0.0543274,1.4850140834725816
0.004991423158485025,0.013022986033299062,2.09596155378328,0.0,0.0,2.24088,-0.05653783052836678,0.0543783716471202,-0.0564909,0.0542328,1.51873814984931
0.004839428987099101,0.009295880491276023,2.0953035551226815,0.0,0.0,2.24088,-0.05646801580347465,0.054340347563600754,-0.056479,0.054071,1.5522006134780573
0.00347563767132957,0.004248147634782221,2.113136034763868,0.0,0.0,2.24088,-0.05648074259022968,0.05415538563090706,-0.0565793,0.0537906,1.5876940892863152
0.0023969221023393767,-0.0006743775015503389,2.1212589805439723,0.0,0.0,2.24088,-0.05649644422250731,0.053897937216798794,-0.0565744,0.0535422,1.622432484387741
0.001985674410530009,-0.0042346017904187514,2.131303682365146,0.0,0.0,2.24088,-0.05648528027176146,0.05365178751903238,-0.056515,0.0533945,1.6575008313041084
0.0015420221854341284,-0.007397983013502281,2.14158404092292,0.0,0.0,2.24088,-0.05648283848616083,0.05337490877310049,-0.0565149,0.0531463,1.6927606123570387
0.0008834230326149967,-0.010803511133841126,2.149267961302214,0.0,0.0,2.24088,-0.0565017048688181,0.05303140805667962,-0.0565493,0.0527853,1.727892915814433
0.0008622494613839333,-0.013908485902490334,2.1493456736382295,0.0,0.0,2.24088,-0.05648896984482744,0.052653287900892,-0.0564905,0.0524289,1.7622899267737056
0.0006770564191917944,-0.01552909372298659,2.116796401068075,0.0,0.0,2.24088,-0.05648741661330814,0.052323616825129156,-0.0565008,0.0522065,1.7930824281961055
9.591023539846824e-05,-0.017013833378318816,2.094093245783714,0.0,0.0,2.24088,-0.0565150021797248,0.05197699801027531,-0.056557,0.0518697,1.824589196720253
0.0008588180691838195,-0.016964523112900094,2.064174998536583,0.0,0.0,2.24088,-0.05646303322978519,0.0517080364841024,-0.0564079,0.0517116,1.8549165601538566
0.0005429535119346668,-0.016911075101498734,2.0848492052234864,0.0,0.0,2.24088,-0.056470173345921214,0.05144013746069491,-0.056493,0.051444,1.8901114066776614
-0.0008374509538074837,-0.015125064849370573,2.1270873380345043,0.0,0.0,2.24088,-0.05655274200403259,0.05128763000062575,-0.0566525,0.0514167,1.9283477187777232
-0.0030572021330822876,-0.011114443336512875,2.1670651917247703,0.0,0.0,2.24088,-0.05671288474875572,0.05131076352479607,-0.0568733,0.0516006,1.9672630692917097
-0.0058611704701377765,-0.006717939923196968,2.179465490363728,0.0,0.0,2.24088,-0.05694716499772163,0.05142357691183216,-0.0571498,0.0517413,2.00344866238251
-0.00783591765704579,-0.003194839666410613,2.187662206977902,0.0,0.0,2.24088,-0.05717149050666153,0.05154899533163541,-0.0573142,0.0518036,2.0392524241885535
-0.0093400501149098,0.001978207816362948,2.1791466849947247,0.0,0.0,2.24088,-0.05739630052575904,0.05183985822917647,-0.057505,0.0522137,2.0732982505180697
-0.009482117879171192,0.006665390789073312,2.1839557707085326,0.0,0.0,2.24088,-0.05755513315734192,0.052181370307584254,-0.0575654,0.0525201,2.108685643911043
-0.008496053001526229,0.009122356660839045,2.1882305208407216,0.0,0.0,2.24088,-0.057641660169413335,0.052450441901913225,-0.0575704,0.052628,2.1441060417279054
-0.005890841202788336,0.010462193785967522,2.1968710808500314,0.0,0.0,2.24088,-0.057605371419400996,0.052684973693042425,-0.0574171,0.0527818,2.180082097511854
-0.0022859723786630157,0.012222126161377704,2.198084356216782,0.0,0.0,2.24088,-0.05746131385557261,0.05296871457633166,-0.0572008,0.0530959,2.2153688562793232
0.00016597795884998583,0.012199950278393802,2.193360786101891,0.0,0.0,2.24088,-0.05733579563935952,0.05316280258945851,-0.0571586,0.0531612,2.250014448338904
0.0021991439247472217,0.011605900749492882,2.1674581335252414,0.0,0.0,2.24088,-0.05719873125620831,0.053318730309180565,-0.0570518,0.0532758,2.282274810462015
0.003182303009689724,0.010192897906462817,2.146078873692582,0.0,0.0,2.24088,-0.05709855017584704,0.05341101379013552,-0.0570275,0.0533089,2.314718372314423
0.004090942840127038,0.006370683403209794,2.1196066250463677,0.0,0.0,2.24088,-0.056987564876338874,0.05332142082401559,-0.0569219,0.0530452,2.3462533468875786
0.005565987597117829,0.0028581223702352507,2.1157543736541777,0.0,0.0,2.24088,-0.05682459738690466,0.05319114302793774,-0.056718,0.0529373,2.3797633787974024
0.006939365340783031,-0.0009660637940172036,2.10804072636171,0.0,0.0,2.24088,-0.05664475019428319,0.05298406331047874,-0.0565455,0.0527077,2.4127672331986547
0.006501573030845161,-0.004454448054124308,2.1168097754781816,0.0,0.0,2.24088,-0.05656266196595042,0.052737995839725826,-0.0565943,0.0524859,2.447452067917913
0.006212770067867409,-0.007921284982630953,2.1238062884364006,0.0,0.0,2.24088,-0.05647772901216194,0.05243753867392967,-0.0564986,0.052187,2.4821135238152023
0.005622525299723255,-0.01008928801435542,2.138706435875478,0.0,0.0,2.24088,-0.05641734465030968,0.05216747555637748,-0.05646,0.0520108,2.5177766211712167
0.0032209716595669588,-0.009852590807436659,2.15589035322351,0.0,0.0,2.24088,-0.05648614638995613,0.052021694550402224,-0.0566597,0.0520388,2.5539747494073533
0.0007343349130121599,-0.007953791934192996,2.1618908691741088,0.0,0.0,2.24088,-0.05659899767021808,0.05198957908030519,-0.0567787,0.0521268,2.5891643464718834
-0.0019066829162879485,-0.005634147147499784,2.162114854815437,0.0,0.0,2.24088,-0.05676184097823964,0.052015665715252624,-0.0569527,0.0521833,2.6237797886687475
-0.004849058000480895,-0.002384430090218432,2.146230850530109,0.0,0.0,2.24088,-0.05698686272660077,0.05214035197600349,-0.0571995,0.0523752,2.6566153143178
-0.006259369787188471,-0.0013387312980450577,2.13156085523934,0.0,0.0,2.24088,-0.05715768068502913,0.052171330253247064,-0.0572596,0.0522469,2.689393122363956
-0.005634759839723,-0.001889483789469455,2.1550363847627954,0.0,0.0,2.24088,-0.057216538825733194,0.05211350135256156,-0.0571714,0.0520737,2.726009030363947
-0.003449435301867633,-0.0025208797035580497,2.1527629194062987,0.0,0.0,2.24088,-0.05716222733350631,0.0520415292286896,-0.0570043,0.0519959,2.7602222724962866
-0.0021224768690639474,-0.0029334905163485438,2.157747190595076,0.0,0.0,2.24088,-0.057129695599640345,0.05197391823720509,-0.0570338,0.0519441,2.795215435219901
-0.0011840491989991851,-0.002809786296525791,1.8526554404413937,0.0,0.0,2.24088,-0.05710161756075796,0.05193516023968447,-0.0570338,0.0519441,2.795791712842356
-0.000557041813054358,-0.002420292412121029,1.4216238622923822,0.0,0.0,2.24088,-0.05707911208195201,0.05191595235899038,-0.0570338,0.0519441,2.7925474009812694
-0.0014797153696003722,0.00016522875229175093,2.3926655233219494,0.0,0.0,2.24088,-0.057149020945261024,0.052048151568040976,-0.0572157,0.052235,2.877455032601087
-0.002577480551668934,0.002358573425169386,2.412629929886965,0.0,0.0,2.24088,-0.05724526755989008,0.05219579307361561,-0.0573246,0.0523543,2.933993184540424
-0.0037705600023287336,0.0029856343151618498,2.3941057415051366,0.0,0.0,2.24088,-0.05736537946248259,0.052274984051459104,-0.0574516,0.0523203,2.9697828225772938
-0.004816205837371983,0.0028537162791638085,2.364586311494064,0.0,0.0,2.24088,-0.057494834080311745,0.05231403334999249,-0.0575704,0.0523045,3.004936572947949
-0.0056726203043611385,0.0020125777719674416,2.3202640654413833,0.0,0.0,2.24088,-0.057628509305595155,0.052304086743227333,-0.0576904,0.0522433,3.038069163071493
-0.006540034877727881,0.0011201643907713583,2.270347893390394,0.0,0.0,2.24088,-0.05777661435846561,0.05227729223592938,-0.0578393,0.0522128,3.0700008735159896
-0.007518136197171209,-0.0016188707565698425,2.232889679965301,0.0,0.0,2.24088,-0.057945915334815086,0.052114142461042505,-0.0580166,0.0519162,3.102450613249412
-0.008062991203078445,-0.0038890770907754994,2.2156883178445947,0.0,0.0,2.24088,-0.058102224842333516,0.051938161505126416,-0.0581416,0.0517741,3.136365066626804
-0.00812345934429932,-0.0042109283539609275,2.2181523369832092,0.0,0.0,2.24088,-0.058235230135414824,0.051854659296685694,-0.0582396,0.0518314,-3.1111022366046264
-0.0074274863584770645,-0.004716686481963518,2.2097277606348302,0.0,0.0,2.24088,-0.0583191960342683,0.05175384973491168,-0.0582689,0.0517173,-3.076551917111019
-0.00578820693134055,-0.0029019318854081044,2.1842069772984134,0.0,0.0,2.24088,-0.0583296661702712,0.05179835272670595,-0.0582112,0.0519295,-3.043995393524146
-0.004262808612354945,-0.0016186236848628997,1.8597004005611086,0.0,0.0,2.24088,-0.05832143629894753,0.05183675888138438,-0.0582112,0.0519295,-3.0436940343878383
-0.002097384634910182,0.0004383840003905602,1.8924721445242052,0.0,0.0,2.24088,-0.058246489175289316,0.05194684576896626,-0.05809,0.0520955,-3.0113335975048265
0.0013342051021405462,0.0039508606871144535,1.9150690795631922,0.0,0.0,2.24088,-0.05805319145732006,0.05218606306753148,-0.0578052,0.0524399,-2.9784691610653917
0.002654123821161808,0.006444247227453608,1.9537533619177985,0.0,0.0,2.24088,-0.05794458685908166,0.052414109881372246,-0.0578492,0.0525943,-2.943379734202055
-0.00041057818451256884,0.007724693498061747,2.2679226530245997,0.0,0.0,2.24088,-0.05810472249981022,0.05260186570511047,-0.0583262,0.0526944,-2.874491063539315
-0.0019636604001137693,0.007500225717369464,2.1089686215614227,0.0,0.0,2.24088,-0.05821396306275009,0.05271062166293781,-0.0583262,0.0526944,-2.8717589525257052
-0.0027240443365072527,0.006670415357696245,2.03747601589768,0.0,0.0,2.24088,-0.05829564916526792,0.0527757680894755,-0.0583506,0.0527158,-2.8438884225389467
-0.003346742987396401,0.005123934854279734,2.0137688313152355,0.0,0.0,2.24088,-0.05838039929836078,0.05278025984984992,-0.0584254,0.0526685,-2.8137698157374373
-0.00455398726565389,0.0038119754170436128,2.009019653600471,0.0,0.0,2.24088,-0.05851375580974208,0.05277551166389797,-0.058601,0.0526807,-2.7820656375321837
-0.0033729991712090545,0.0023225243362399554,2.0236806186971146,0.0,0.0,2.24088,-0.05850854672879362,0.05273803849190577,-0.0584232,0.0526304,-2.7482931496923046
-0.001470819543256047,0.0007225361259290664,2.0573562537692536,0.0,0.0,2.24088,-0.0584367652374459,0.05266942670318245,-0.0582993,0.0525538,-2.712077535874024
0.001068638714521667,-0.0018464717007068798,2.112275963469509,0.0,0.0,2.24088,-0.05829241959365953,0.05251115505891203,-0.0581089,0.0523255,-2.672715825506905
0.0045079902748221354,-0.004704723522435986,2.1398074358356305,0.0,0.0,2.24088,-0.05804795238272393,0.052292657918915894,-0.0577994,0.0520861,-2.6355714337722893
0.006736166060570571,-0.005983003074075396,2.1574177570198416,0.0,0.0,2.24088,-0.05782852407415052,0.05213287771212882,-0.0576675,0.0520405,-2.5992855444114973
0.009068557531672631,-0.005110373932683981,2.1628656726373565,0.0,0.0,2.24088,-0.05756655545221923,0.05209483751612056,-0.057398,0.0521579,-2.564145099451325
0.010135644720731153,-0.0037479310764228007,2.1649874973788044,0.0,0.0,2.24088,-0.05735091542677873,0.05210314003965232,-0.0572738,0.0522016,-2.529301980404496
0.009393063685082331,-0.001812420779220712,2.151094339994579,0.0,0.0,2.24088,-0.057237835731448174,0.05217112604768027,-0.0572915,0.052311,-2.4962065696800724
0.006737580854965552,-0.0010559803643968916,2.133623200582602,0.0,0.0,2.24088,-0.057263095632814474,0.052192134152616636,-0.057455,0.0522468,-2.463683789813509
0.004860760190280654,-0.0006739647488265609,2.133033549552472,0.0,0.0,2.24088,-0.057279367384382135,0.052200492792704375,-0.057415,0.0522281,-2.4296094649289177
0.004277529174723061,-0.0012593968654175409,2.1490664939502993,0.0,0.0,2.24088,-0.05724015151472486,0.052151007552732144,-0.0572823,0.0521087,-2.3937043558302116
0.003210222146186337,-0.0006787817899473518,2.149931185785759,0.0,0.0,2.24088,-0.05724226868603289,0.05216924056144789,-0.0573194,0.0522112,-2.359220823265966
0.002380631523020529,0.0001849556656919433,2.1503055392499713,0.0,0.0,2.24088,-0.057245747790271466,0.05221548009354871,-0.0573057,0.0522779,-2.324780348839443
-0.0003925675771155996,-0.0006370072670516687,2.1420414371538725,0.0,0.0,2.24088,-0.057390988604996675,0.052164100977731484,-0.0575914,0.0521047,-2.291292144945765
-0.0021033517909063403,-0.0019393266466850773,2.1388627724119775,0.0,0.0,2.24088,-0.05751036637743801,0.052067815003715164,-0.057634,0.0519737,-2.2573670653353464
-0.004652794804384708,-0.003689535980372776,2.1286605877035316,0.0,0.0,2.24088,-0.057712558835783696,0.05192108276645373,-0.0578968,0.0517946,-2.2242703462897655
-0.005693417127057083,-0.005995945748939536,2.141322080333027,0.0,0.0,2.24088,-0.05785579711559544,0.05170957782675434,-0.057931,0.0515429,-2.1888313965026653
-0.006946590090509502,-0.006923442750375219,2.1476206238556075,0.0,0.0,2.24088,-0.058029736671253204,0.051552327631701596,-0.0581203,0.0514853,-2.1538558500570226
-0.007653492788149832,-0.00631677783322317,2.1543718223629105,0.0,0.0,2.24088,-0.058187614105821406,0.05148165801175615,-0.0582387,0.0515255,-2.118736225593542
-0.008216671318296424,-0.006057263105713315,2.1251041152506662,0.0,0.0,2.24088,-0.0583473006521396,0.05139774559157631,-0.058388,0.0514165,-2.0875498425261765
-0.007729825882108046,-0.004862175588651061,2.100500565106271,0.0,0.0,2.24088,-0.058446582967213834,0.0513798343451021,-0.0584114,0.0514662,-2.056138628021577
-0.0058461071632063795,-0.0028180215918413446,2.093236581067293,0.0,0.0,2.24088,-0.05844573111883328,0.05143717466932246,-0.0583096,0.0515849,-2.0233035103482635
-0.0034550100194600942,-0.002137888199161852,2.091713308970934,0.0,0.0,2.24088,-0.05838119794809653,0.05143704864912565,-0.0582084,0.0514862,-1.989978594457106
-0.0020184958506724556,-0.00048472084713352013,2.1218326708252953,0.0,0.0,2.24088,-0.058341512888333426,0.051512130187977595,-0.0582377,0.0516316,-1.9531760491302592
-0.00030642160789273254,0.0005907985815791061,2.129475867542064,0.0,0.0,2.24088,-0.05826062684937331,0.05157547519868628,-0.0581369,0.0516532,-1.918327176251563
0.001132632657572686,0.0031698135598287823,2.148891091907425,0.0,0.0,2.24088,-0.05817039645406392,0.051755421752040766,-0.0580664,0.0519418,-1.8820671605607715
0.00346812377361164,0.00618307654420336,2.173194960104026,1.95665,0.0,0.0,-0.057997879454948,0.05200533985498165,-0.0578291,0.0522231,-1.8448807628730461
0.005153319326156539,0.006824310255789516,2.193595780731164,1.95665,0.0,0.0,-0.057830984401099204,0.05214665982101472,-0.0577092,0.052193,-1.8077277155610878
0.006127707616365707,0.005627935175369117,2.1969393954333563,1.95665,0.0,0.0,-0.05768411633487698,0.05217675870352493,-0.0576137,0.0520903,-1.7722431915344186
0.006775749570209969,0.004389234041391687,2.191795475427126,1.95665,0.0,0.0,-0.05754323219173994,0.05218491748983347,-0.0574964,0.0520954,-1.737665122926644
0.006482490618704851,0.001642030036262049,2.1517949019447364,1.95665,0.0,0.0,-0.05745420699024983,0.05207353280170173,-0.0574754,0.051875,-1.70697087867663
0.0050413892790286685,-0.004009304897259313,2.0673222684572927,1.95665,0.0,0.0,-0.05744575560956965,0.0517262062762037,-0.0575499,0.0513178,-1.6812012388079016
0.004526798825516756,-0.016694785172179784,1.9462541235481445,1.95665,0.0,0.0,-0.05739911197746002,0.050823444419129234,-0.0574363,0.0499067,-1.659796031581529
0.004539685489455173,-0.03897713903989432,1.8231759756992785,1.95665,0.0,0.0,-0.0573258312834036,0.049083283813508835,-0.0573249,0.047473,-1.6401290917707672
0.006696112767423282,-0.06971491493562909,1.7115026286397041,1.95665,0.0,0.0,-0.05711063900881102,0.04642763367426143,-0.0569548,0.0442063,-1.621479305604949
0.009065763681429164,-0.10477243111860848,1.610485884317457,1.95665,0.0,0.0,-0.056846848088650946,0.04299460930455652,-0.0566756,0.0404611,-1.6037959426968595
0.010481448712110012,-0.14376674303709575,1.5301379978361067,1.95665,0.0,0.0,-0.05660820762438591,0.03874041059591983,-0.0565059,0.0359224,-1.585864235184116
0.014447505977868706,-0.18519929538472635,1.4581610886310958,1.95665,0.0,0.0,-0.05617831594086583,0.033701115458287675,-0.0558917,0.0307069,-1.5685852165697132
0.02472936722885745,-0.2300796014454038,1.4227123777662536,1.95665,0.0,0.0,-0.05526744154953756,0.027770975041249354,-0.0545244,0.0245276,-1.5488356582430038
0.04084041699518803,-0.27401230128842685,1.3734124773735454,1.95665,0.0,0.0,-0.053806700810021126,0.021185394172355154,-0.0526424,0.0180105,-1.5312698654812
0.05670635415276451,-0.3152862606476704,1.3076767513842624,1.95665,0.0,0.0,-0.052104387202710746,0.014072654383589206,-0.0509578,0.0110899,-1.5161155770449937
0.058435604249699055,-0.3003860184630817,1.1037380288111331,1.95665,0.0,0.0,-0.051082768100638457,0.010013100890280733,-0.0509578,0.0110899,-1.5161693797828297
0.07278063648867283,-0.33750800003405684,1.173203266364138,1.95665,0.0,0.0,-0.04919947562932619,0.0027528609830499108,-0.0481628,7.01585e-05,-1.492188280673104
0.09320975229290551,-0.3965592308252629,1.1900939627142615,1.95665,0.0,0.0,-0.04668445544696731,-0.006551031595388093,-0.0452081,-0.0108185,-1.4714337009814291
0.11425396307584576,-0.4583464099613537,1.161330392812273,1.95665,0.0,0.0,-0.043801906652341016,-0.016980612208983968,-0.0422811,-0.0214458,-1.4556191725603351
0.13406922518047273,-0.5094656789875444,1.0852270225848262,1.95665,0.0,0.0,-0.04066389394538601,-0.027693552437109036,-0.0392319,-0.0313878,-1.4451395836915275
0.1468387446078575,-0.5457040536017195,0.9738064007547955,1.95665,0.0,0.0,-0.037674617695216565,-0.03824065333705267,-0.0367518,-0.0408595,-1.4391973094912474
0.15368315717036773,-0.5746180376336528,0.868866576926192,1.95665,0.0,0.0,-0.034872726682074015,-0.04888336669723091,-0.0343781,-0.0509729,-1.4341981626268778
0.16118302177140328,-0.6011122469279433,0.7766142887180546,1.95665,0.0,0.0,-0.0319179943800486,-0.059828737095371815,-0.031376,-0.0617434,-1.4297217729449183
0.171430268370741,-0.6229424905320721,0.6962041841960144,1.95665,0.0,0.0,-0.028661640044822446,-0.07088968893927552,-0.0279211,-0.0724673,-1.425618512394127
0.17968286534644398,-0.6450796115352799,0.6109635540425947,1.95665,0.0,0.0,-0.025373192257670825,-0.08232021176215129,-0.0247768,-0.08392,-1.4234030707810927
0.18528622300964293,-0.6660914107799295,0.5050386301250551,1.95665,0.0,0.0,-0.022127839092158645,-0.0940305356394918,-0.0217229,-0.095549,-1.4247685496037965
0.192744630482876,-0.6869621974134118,0.41312291798285805,1.95665,0.0,0.0,-0.018670198388590457,-0.106067726229167,-0.0181312,-0.107576,-1.4263601854411083
0.20086373942061975,-0.7115466291000228,0.330086181287781,1.95665,0.0,0.0,-0.01504954544799807,-0.11868435141770532,-0.0144628,-0.120461,-1.4285837143362632
0.20979976654906857,-0.7388123474736208,0.27065386359286875,1.95665,0.0,0.0,-0.011244981856236756,-0.13187158227746704,-0.0105992,-0.133842,-1.429663779703012
0.2225928396632169,-0.763877656462123,0.21023672332588494,1.95665,0.0,0.0,-0.007042459854726691,-0.1453495997509776,-0.00611794,-0.147161,-1.431844353318847
0.23627442980685948,-0.7856471290550153,0.12556661270063552,1.95665,0.0,0.0,-0.002576510512142672,-0.15901078069143534,-0.00158778,-0.160584,-1.4376426051749882
0.24479935774609912,-0.8102242374087455,0.021151975534636602,1.95665,0.0,0.0,0.00176744714013141,-0.17320588065462836,0.00238352,-0.174982,-1.4470186160869325
0.24787608511777742,-0.8383978418833277,-0.06107119484045359,1.95665,0.0,0.0,0.005887633460015655,-0.18803197187106188,0.00610998,-0.190068,-1.4557412497131972
0.25184463367393883,-0.8677792564750181,-0.1574632733701874,1.95665,0.0,0.0,0.010116004020497588,-0.20338868678920213,0.0104028,-0.205512,-1.467382798376803
0.25724719995814016,-0.8899569475377485,-0.24231385123426896,1.95665,0.0,0.0,0.014502671543001874,-0.21873927987665348,0.0148931,-0.220342,-1.4794094774351414
0.2595819606413638,-0.9027728814574295,-0.3537847889270429,1.95665,0.0,0.0,0.01877297333140242,-0.2338258280583649,0.0189417,-0.234752,-1.4958456438373138
0.25666897947960493,-0.9161915014291802,-0.4779273199007167,1.95665,0.0,0.0,0.02273371305628141,-0.24915727361164725,0.0225232,-0.250127,-1.5159161924116387
0.252340051993875,-0.9403696739175619,-0.5956288956202165,1.95665,0.0,0.0,0.026554239563607532,-0.2654147106413709,0.0262414,-0.267162,-1.5376194331326822
0.2503174341264671,-0.9723144929952662,-0.6738866012923334,1.95665,0.0,0.0,0.030457968974433165,-0.28257243666815074,0.0303118,-0.284881,-1.5565638675590359
0.2483413019693211,-0.9982405861221545,-0.7691406741412687,1.95665,0.0,0.0,0.034332409581290114,-0.29984339327255993,0.0341896,-0.301717,-1.578436077533444
0.24374748848563774,-1.0169199094397658,-0.8583461257117136,1.95665,0.0,0.0,0.03800218213882476,-0.31705009719510696,0.0376702,-0.3184,-1.6013908657286853
0.23951015806592188,-1.029026000675212,-0.9200083943818311,1.95665,0.0,0.0,0.04162202009810389,-0.3341211264172074,0.0413158,-0.334996,-1.6224944289822898
0.2399915833131008,-1.0386914350014729,-0.9648079159667128,1.95665,0.0,0.0,0.045486008734788565,-0.3512245059118749,0.0455208,-0.351923,-1.6423914368861203
0.24280007496460948,-1.0510233387166856,-0.985301322057735,1.95665,0.0,0.0,0.049511538110351895,-0.3686588075766031,0.0497145,-0.36955,-1.6601425147042224
0.24364893074213934,-1.0763300118506962,-0.983334131683643,1.95665,0.0,0.0,0.05345245555108429,-0.3871481570346928,0.0535138,-0.388977,-1.6756918206845333
0.24496825239916956,-1.1100250577679536,-0.9719641921364399,1.95665,0.0,0.0,0.0574380562889298,-0.40659695263659673,0.0575334,-0.409032,-1.6902100882331363
0.24847069540113167,-1.1411407684723165,-0.9662448209963845,0.0,0.0,-11.4892,0.06158908817405558,-0.42641435402702416,0.0618422,-0.428663,-1.7051550427398983
0.25007633359467857,-1.1644931528959466,-0.9738015445785877,0.0,0.0,-11.4137,0.06567076498822477,-0.4462163880507664,0.0657868,-0.447904,-1.721423133558429
0.24834201908690148,-1.1866265903715483,-0.9903595421548573,0.0,0.0,-11.338,0.06955733409154108,-0.4663114779604586,0.069432,-0.467911,-1.738805047179482
0.24267405463705868,-1.2113455690374932,-1.01628690884915,0.0,0.0,-11.2611,0.07315610804515137,-0.48693162808128115,0.0727465,-0.488718,-1.7575074249241318
0.23475506362087878,-1.2337039115837674,-1.0624112130326364,0.0,0.0,-11.1742,0.07651538348173542,-0.5077912246957887,0.0759431,-0.509407,-1.7789245269150722
0.2295108878717948,-1.2438394813841844,-1.129103069021064,0.0,0.0,-11.07,0.07992478201303503,-0.5282005305271967,0.0795458,-0.528933,-1.803627095668676
0.22705990009499763,-1.2357169185900896,-1.1983507004325695,0.0,0.0,-10.9571,0.08343492607777059,-0.5475649950486017,0.0832578,-0.546978,-1.8300251248466752
0.22558142489685426,-1.2128987907892883,-1.2614596110522345,0.0,0.0,-10.8423,0.08697014529535697,-0.5658280027072699,0.0868633,-0.564179,-1.856905700510551
0.2207153252801352,-1.1763288060247938,-1.32708120165227,0.0,0.0,-10.7255,0.09025775950124676,-0.5828168112072959,0.0899061,-0.580174,-1.885062281058158
0.21712650102891343,-1.1303446515966031,-1.370730454078541,0.0,0.0,-10.612,0.0935519543588608,-0.5985981470962722,0.0932926,-0.595275,-1.9116379418416694
0.21385150680367196,-1.0781268030714721,-1.4504259043069876,0.0,0.0,-10.4796,0.09680947473470486,-0.6132316388514191,0.0965728,-0.609458,-1.9429372627185617
0.20688929099400655,-1.0182052240297002,-1.4876470538383786,0.0,0.0,-10.3633,0.0997708399954878,-0.6265203660548477,0.0992677,-0.62219,-1.9708714457263194
0.1971182664558686,-0.9503199276477419,-1.5644976625085325,0.0,0.0,-10.2276,0.10243512479940725,-0.6383238817837691,0.101729,-0.633418,-2.0036516600757666
0.18893749361873724,-0.8780237942399726,-1.6349642546731793,0.0,0.0,-10.0844,0.10504820172670414,-0.6487496407222931,0.104457,-0.643525,-2.0377074190940996
0.1829234036638284,-0.805236093377917,-1.6899525575960666,0.0,0.0,-9.94327,0.10767362157386379,-0.6579861649366371,0.107239,-0.652726,-2.07094555127553
0.17612019605743387,-0.7329909675878884,-1.767362778067481,0.0,0.0,-9.78995,0.11015064891436316,-0.6660939545434584,0.109659,-0.660873,-2.1075727233984747
0.16763189013962898,-0.662394491319397,-1.8620238820720725,0.0,0.0,-9.62083,0.1124074262881157,-0.6731548112224951,0.111794,-0.668053,-2.1484121436918397
0.1590932538663384,-0.5932338703800355,-1.969139134703545,0.0,0.0,-9.43296,0.11452506352308861,-0.6791810459466734,0.113908,-0.674183,-2.1937910626131094
0.14748312295599666,-0.5295463006213282,-2.0843233542880975,0.0,0.0,-9.22916,0.11630303190787802,-0.6844625237420161,0.115464,-0.67986,-2.2439187125220346
0.1303936458163626,-0.4734722512326166,-2.2130676002961733,0.0,0.0,-9.00307,0.11753300903821273,-0.6892283157752812,0.116298,-0.685176,-2.300711054244589
0.10760556943481514,-0.42192496828613524,-2.3492440802345795,0.0,0.0,-8.74434,0.1181128309746834,-0.6933961789398853,0.116466,-0.689671,-2.3668464418159685
0.08326221055276459,-0.3462179823877296,-2.223142614222672,0.0,0.0,-8.74434,0.11822522692041078,-0.695142133556423,0.116466,-0.689671,-2.3688402307410485
0.05836310080866937,-0.31458212954178355,-3.879140578673306,0.0,0.0,-8.17477,0.11791138949133156,-0.6985902352005902,0.116112,-0.696304,-2.484557398788167
0.038611030166436605,-0.2616857803190627,-4.020247943406677,0.0,0.0,-8.17477,0.11753942727394505,-0.7001266722119549,0.116112,-0.696304,-2.5144344981757474
0.021120889951466083,-0.2188989258520111,-4.152189460471742,0.0,0.0,-7.85451,0.11700096384562292,-0.701485087110199,0.115737,-0.698393,-2.5900659933919745
0.005576947013041995,-0.18091910468513844,-4.245912838095581,0.0,0.0,-7.52771,0.11631131757499445,-0.7024766961675619,0.115188,-0.699732,-2.6729513542449856
-0.006271616170848404,-0.14430562601864605,-4.323845147877653,0.0,0.0,-7.19688,0.11561726274592113,-0.7029509543907669,0.114761,-0.700305,-2.7561308829498605
-0.01267389140631743,-0.10924269433403297,-4.398663145605053,0.0,0.0,-6.86548,0.11509367464570885,-0.7029419006678154,0.114631,-0.700408,-2.8388649620979027
-0.013851069408159635,-0.07816935145897595,-4.476716327064767,0.0,0.0,-6.53005,0.11481307138398568,-0.7026355841676499,0.114728,-0.70039,-2.922309462612977
-0.00968453360716379,-0.049513274792427175,-4.557566178391569,0.0,0.0,-6.18741,0.11486689603232314,-0.701991895053941,0.115168,-0.699921,-3.0069861043503403
-0.001987666116026918,-0.023200002748601786,-4.614438353073105,0.0,0.0,-5.85455,0.11522076876835897,-0.7010445870721818,0.115777,-0.699143,-3.088890995186259
0.004429908107031248,-0.0022295933782956676,-4.6626648257743835,0.0,0.0,-5.52887,0.11561321973895876,-0.7000294732292707,0.116077,-0.698514,3.1136976233480453
0.007269299771010566,0.008980113081685403,-4.1015971329103404,0.0,0.0,-5.52887,0.11587180505229105,-0.6993240943452319,0.116077,-0.698514,3.1102063590422837
0.013447324499102908,0.021615404768777158,-4.939295021231221,0.0,0.0,-5.05599,0.11639653131549002,-0.698345117429311,0.116843,-0.697432,3.0019718656909133
0.02084251237903818,0.03151797228410296,-4.996438210067724,0.317237,-1.2808,-4.65639,0.11710057031579277,-0.6973446310449415,0.117635,-0.696629,2.89788213417016
0.025452796092646095,0.036051609398347714,-5.040069437622316,0.430659,-1.24685,-4.29342,0.11773882760341299,-0.6965406333597757,0.118072,-0.696213,2.8090026258116603
0.024071969365004935,0.038846960536114125,-5.061923613947068,0.533197,-1.20609,-3.95775,0.11805478851166182,-0.6957790122612244,0.117955,-0.695577,2.7253594829111987
0.019302766161339205,0.03799753805970505,-5.073091954375943,0.63048,-1.15793,-3.6281,0.1181246570666542,-0.6952136145973306,0.11778,-0.695275,2.6430005885510095
0.014160943739350437,0.03398420670914348,-5.066772407182271,0.721378,-1.10346,-3.30578,0.11809358522242401,-0.6948709676923532,0.117722,-0.695161,2.5625835756026976
0.012931242361061768,0.032135758487317374,-5.059491921766884,0.807168,-1.04167,-2.98095,0.11823886710249122,-0.6944494177820086,0.11815,-0.694583,2.4823528585384596
0.016271671986057036,0.035158303583599976,-5.01379516723966,0.882933,-0.976962,-2.6722,0.11866659643073485,-0.6937354309374603,0.118908,-0.693517,2.406658323686617
0.02061534263210494,0.040743823297101994,-4.958553035921891,0.95234,-0.908084,-2.36957,0.11921409498915288,-0.692803649993088,0.119528,-0.6924,2.332355536750276
0.023867797819458185,0.051206301836179635,-4.875326850233154,1.01287,-0.837905,-2.08258,0.11975895409894974,-0.6914600942591919,0.119994,-0.690704,2.2618559163311724
0.026774104628287266,0.06813701912403733,-4.754914685448925,1.06431,-0.768534,-1.81339,0.12033296928066343,-0.6895215359047606,0.120543,-0.688298,2.1960924030725
0.02999465757009721,0.0912071994774505,-4.63661394323324,1.11007,-0.697139,-1.54726,0.12097425958561052,-0.6869062178450437,0.121207,-0.685239,2.1314758856822658
0.03506655833309605,0.11473670346192096,-4.529229292377931,1.15031,-0.624119,-1.28346,0.1217894678216284,-0.6838914118878564,0.122156,-0.682191,2.0678289463862183
0.03958663635784425,0.13666709266023228,-4.4286838140681475,1.18496,-0.550155,-1.02499,0.12264934651795495,-0.680605848304611,0.122976,-0.679021,2.005379399733448
0.044271484048213953,0.15725006087451684,-4.3179813680162376,1.21355,-0.477602,-0.776296,0.12359243907195158,-0.6770584739332389,0.123931,-0.675571,1.9456487427077302
0.05000384427555399,0.18111611552205042,-4.171534963631672,1.23521,-0.409853,-0.546103,0.12467973825090078,-0.6729647334693362,0.125094,-0.67124,1.891061979630483
0.05443527206763355,0.21032562779945793,-4.012192331294718,1.25245,-0.344853,-0.327262,0.12577275302399904,-0.6681358903080903,0.126093,-0.666025,1.8394016954467876
0.058534865992019416,0.24285079377067936,-3.834696947316167,1.26458,-0.284362,-0.123778,0.1269147337357808,-0.6626205033896366,0.127211,-0.66027,1.7919097216293212
0.06387330644550944,0.27267468632961717,-3.701991813145823,1.27408,-0.221408,0.0878844,0.12820420573864547,-0.6567632898642844,0.12859,-0.654608,1.7428081328846248
0.06749982999514142,0.2980296041871797,-3.6165606460912003,1.2798,-0.155849,0.305451,0.12946592121757197,-0.6507243294774542,0.129728,-0.648892,1.691921549625395
0.06789788871207665,0.3217611178722819,-3.548546714164098,1.28269,-0.0903503,0.52217,0.13057223340233656,-0.644387010567737,0.130601,-0.642672,1.6410614476370082
0.06564604480839467,0.34579598674522216,-3.5118351593202766,1.28284,-0.022286,0.747427,0.1315097345032834,-0.6376499332044394,0.131347,-0.635913,1.588137059701813
0.06323903162726345,0.36736195246257364,-3.4721935212030584,1.27781,0.0440424,0.969265,0.1324009481559035,-0.6306915124320127,0.132227,-0.629133,1.5363001323238348
0.0614484474308173,0.38487751221039607,-3.4344458009838914,1.26931,0.10931,1.1902,0.13329440054562366,-0.6236558008446466,0.133165,-0.62239,1.4848530820767547
0.05777311209690651,0.4012081746598989,-3.4313727053672243,1.25752,0.177929,1.42275,0.1340346062744784,-0.6164181716085486,0.133769,-0.615238,1.4302371801541145
0.054492353168081896,0.4202783441510668,-3.4374999575104197,1.2418,0.246788,1.66131,0.13474209133381845,-0.608738148172083,0.134505,-0.60736,1.3746257572478924
0.05038779909916432,0.44344500895596,-3.4144577000863774,1.2237,0.31043,1.8865,0.13534262472008518,-0.6004821905083177,0.135046,-0.598808,1.3223346992815748
0.045901236728478255,0.4672503403892802,-3.3962219629138426,1.20196,0.373196,2.11339,0.13585223139883268,-0.5918133451713344,0.135528,-0.590093,1.2697223395356154
0.03997784530331171,0.48667099803805497,-3.374068361871282,1.1756,0.433017,2.3357,0.13619506704308035,-0.583053476977575,0.135767,-0.58165,1.2178579686753386
0.03625093384011398,0.5039120855495894,-3.344987764964471,1.14686,0.489863,2.55658,0.1365883335380632,-0.5741269654986154,0.136319,-0.572881,1.1670911171803404
0.0389367561337187,0.5246410140963377,-3.3161083625405303,1.11598,0.544664,2.78239,0.1373459030840714,-0.5646940220809874,0.13754,-0.563196,1.1167221872272564
0.04306400090551302,0.5462255412083239,-3.2335286592463994,1.08647,0.590784,2.98221,0.1382417354858528,-0.5548728538124392,0.13854,-0.553313,1.0726628107669867
0.04657069919645073,0.5687891395682699,-3.0884481143985822,1.05927,0.628288,3.15587,0.13916258065614254,-0.5446416085716635,0.139416,-0.543011,1.0353544992468557
0.04803980623145458,0.5904980854210532,-2.8562586594922115,1.03634,0.654559,3.29199,0.14000483171576833,-0.5341058452092007,0.140111,-0.532537,1.007499030982753
0.04761726979005733,0.6127554925432078,-2.5404438876106865,1.01933,0.670657,3.39167,0.14074553553481106,-0.5231864809815094,0.140715,-0.521578,0.9892815752415833
0.0443405882976945,0.6343951396386455,-2.12546849365477,1.01017,0.673348,3.44029,0.1412907966688125,-0.5119518371805195,0.141054,-0.510388,0.9840338670869074
0.040154537781051755,0.6537664765069262,-1.653171099078775,1.00785,0.663947,3.44452,0.14172351424196467,-0.5005209127017822,0.141421,-0.499121,0.990427317074099
0.034496109355883764,0.6716934382654756,-1.1786930907815822,1.01262,0.644521,3.40762,0.14199191890313922,-0.4888755317250845,0.141583,-0.48758,1.006692198079689
0.028303844361142243,0.6909341287626536,-0.7228731495116838,1.02297,0.61537,3.3344,0.14213449778902118,-0.476856471251479,0.141687,-0.475466,1.0321793304484104
0.02032294650038524,0.709228758060813,-0.3329817467930277,1.03449,0.58086,3.24155,0.14205975731741544,-0.4645921020367896,0.141483,-0.46327,1.0616011494857505
0.010249441650731626,0.7239311045594373,0.030796327263258483,1.04669,0.539065,3.12288,0.1417189842112284,-0.45227249773825,0.140991,-0.45121,1.0972946631656786
0.0003128772881723016,0.7358595326936783,0.36814807170344327,0.0,0.0,2.98528,0.14122608790264757,-0.4399010343640177,0.140508,-0.439039,1.138288696154575
-0.010520658161664195,0.7496646088805727,0.6829008153166974,0.0,0.0,2.82928,0.1405149095113341,-0.42721465450544355,0.139732,-0.426217,1.1840437164001236
-0.023019844977462053,0.7653684262708812,1.0047266202134855,0.0,0.0,2.64231,0.13952028150836276,-0.41418187125749995,0.138617,-0.413047,1.2377814133747969
-0.038889466683870444,0.7781956878927743,1.2974665579096003,0.0,0.0,2.43436,0.13810285347481913,-0.4010879905632055,0.136956,-0.400161,1.2955415192479367
-0.054915604878092994,0.7867294318671594,1.5717202936036276,0.0,0.0,2.2131,0.13642116448658972,-0.3880727099702376,0.135263,-0.387456,1.3565456921496013
-0.0700737617085583,0.785616798926843,1.8264744220531994,0.0,0.0,1.98034,0.13454043788468836,-0.37555859310830425,0.133445,-0.375639,1.419726083297427
-0.08447125463695006,0.7723104111345209,2.053100880922468,0.0,0.0,1.74374,0.13246746681761432,-0.3638683843194729,0.131427,-0.36483,1.4827450689352195
-0.10101269234646527,0.7450759140654261,2.2720463382886003,0.0,0.0,1.49241,0.13002240375105484,-0.3533118385544105,0.128827,-0.35528,1.547228390228277
-0.11481718195905467,0.7019296647769429,2.4442783511365143,0.0,0.0,1.25221,0.12749361211534802,-0.34424294042445713,0.126496,-0.347361,1.6081688371973957
-0.12501796920651487,0.6451353304435816,2.6188893335026893,0.9266,0.38633,1.00333,0.12498218255652661,-0.3367666312327248,0.124245,-0.340871,1.6703462632645363
-0.13209939851182045,0.5820999999577534,2.7656105919285325,0.923494,0.329286,0.75573,0.12251375522364193,-0.3306116117783103,0.122002,-0.335167,1.7315684233495314
-0.13576453797366708,0.5146892204051342,2.8729287416710996,0.917509,0.276622,0.518364,0.12015786944712854,-0.32575441022927665,0.119893,-0.330626,1.78944012634079
-0.13472126551726535,0.4456767890875659,2.9501034130912784,0.910595,0.227391,0.291832,0.1180546055977929,-0.3220816633056219,0.11813,-0.327069,1.8446031784930317
-0.13150584640133142,0.3769783731398727,3.0117278164933565,0.9641,0.0355302,0.0650653,0.11611163059294478,-0.3194923563240662,0.116344,-0.324457,1.8988333722932134
-0.12966691335542252,0.31397365799923416,3.0280517377591414,0.952262,-0.0104317,-0.149468,0.11412910541733905,-0.3176258242642575,0.114262,-0.322179,1.9488553857816093
-0.1301686993923881,0.26451574713423975,3.03387422954626,0.941664,-0.0556022,-0.360881,0.11202126268292692,-0.3158718141761559,0.111985,-0.319446,1.997924829745727
-0.1356217201355756,0.23194174648157376,3.0226062228608215,0.914075,-0.187515,-0.569388,0.10957807466058628,-0.3137929674635984,0.109184,-0.316147,2.0452700980657803
-0.14369488762633567,0.21237828334595749,2.9873471085142556,0.0,0.0,-0.768364,0.10687442538725017,-0.31137520286660536,0.106291,-0.312789,2.0899312469217453
-0.15227522681934563,0.20373621001079997,2.9080488557664164,0.0,0.0,-0.946737,0.10400807727724577,-0.308548461367799,0.103388,-0.309173,2.12957482427315
-0.1600126878406533,0.2053960580741168,2.8189335932472117,0.0,0.0,-1.11606,0.1010601648132974,-0.30517895260846817,0.100501,-0.305059,2.1673071031871016
-0.14555174071555702,0.18251347821172748,2.364689295422024,0.0,0.0,-1.11606,0.09945594752386597,-0.3034053395212874,0.100501,-0.305059,2.167195947658605
-0.12116964485406646,0.1494593460449884,1.8788805539725357,0.0,0.0,-1.11606,0.09873897366569664,-0.3026702696928845,0.100501,-0.305059,2.1650987420649463
-0.17460084432712886,0.20238005570203824,2.611948124359995,0.0,0.0,-1.56768,0.09326802435372993,-0.2967804326728704,0.0894067,-0.292956,2.2522283354760324
-0.211666058185833,0.2382054598726764,2.581210502599599,0.0,0.0,-1.72131,0.08802410003818513,-0.2911740024362272,0.0853455,-0.288585,2.287545164550546
-0.22914636536560623,0.25212929450070415,2.400549471513057,0.0,0.0,-1.83864,0.08348185323948544,-0.28644223684807263,0.0822186,-0.285436,2.309731469694309
-0.22996595800165948,0.24486042704070646,2.176854049289462,0.0,0.0,-1.93132,0.07976132968297438,-0.2828886991416228,0.0797021,-0.283414,2.326328826000286
-0.2207806087565437,0.2223414714830918,1.8958737222269788,0.0,0.0,-1.98801,0.07668910032701004,-0.28045961763964294,0.0773529,-0.282087,2.333806367131618
-0.20168045849213148,0.1892947844735565,1.5424571008514083,0.0,0.0,-1.99196,0.07441928520072137,-0.2790868077337129,0.0757996,-0.281475,2.3297973052187633
-0.17466840082502752,0.15126120448603744,1.1246158195393516,0.0,0.0,-1.93944,0.07297811363205443,-0.2785724188318122,0.0749302,-0.281321,2.313236175033138
-0.14378297437851514,0.11218804878766414,0.6843872742727655,0.0,0.0,-1.83996,0.07222519603060798,-0.2787352915831363,0.0744572,-0.281559,2.285955883314209
-0.11273674773849182,0.07690923474550102,0.2616258235298544,0.0,0.0,-1.7037,0.07197707544732683,-0.27927249811392707,0.0742207,-0.281822,2.250710469821384
-0.08312444040100718,0.046419335037247336,-0.13738814606855582,0.758285,-0.385632,-1.53484,0.07213090081188499,-0.2800575796492063,0.0742709,-0.282261,2.208418132398025
-0.0557012682432433,0.021457299172312077,-0.47413139615711997,0.79804,-0.307023,-1.35514,0.07261380352989293,-0.28096506301272445,0.0745956,-0.282769,2.1648089126502907
-0.03431077207090465,0.002521453055427912,-0.7405566625211761,0.809993,-0.274764,-1.18798,0.07313666826455002,-0.2818735590050253,0.0746825,-0.283242,2.1238516254247126
-0.01721737650558016,-0.01002257747306955,-0.9322918856616126,0.81948,-0.246091,-1.04082,0.07371770778804804,-0.28266247776109654,0.074953,-0.283569,2.088392950922161
-0.0037585441772636525,-0.01784305439029285,-1.0588633637987899,0.203359,0.383365,-0.916423,0.07433196757634841,-0.28333983585852346,0.0753046,-0.283905,2.0585126008617407
0.004899568604458395,-0.01699518116836424,-1.1213251265417536,0.831563,-0.201221,-0.816278,0.0748442022415535,-0.28356927344235194,0.0754699,-0.283508,2.0344837719593425
0.008408175914398493,-0.0068113106872039995,-1.1250676361138694,0.842711,-0.142983,-0.73984,0.0751545426966425,-0.283167960028821,0.0754081,-0.282432,2.0161334276170626
0.006431136147312767,0.01017828682566723,-1.0915903230114947,0.834418,-0.172939,-0.681897,0.07515837517173911,-0.2821537910150528,0.0750155,-0.280926,2.0016912361458137
-0.000809124232822307,0.03118592328001338,-1.0302830103999208,0.834018,-0.163415,-0.64128,0.07478263350418618,-0.28060216352721723,0.0742594,-0.279084,1.9906642215723833
-0.013268625761753902,0.05300476167807512,-0.9550087389450364,0.833025,-0.155863,-0.615936,0.07394601356292692,-0.27866078683816575,0.0730456,-0.277084,1.982041261990617
-0.02954765256901072,0.07621490234002076,-0.8795978020252744,0.831554,-0.148935,-0.598691,0.07265754004412765,-0.2762783323877307,0.0714811,-0.274601,1.9746432902642643
-0.04771836101047557,0.10229537636589428,-0.8153674198133185,0.829776,-0.141649,-0.583009,0.07098354662072909,-0.2733347634061387,0.0696704,-0.27145,1.9673170179467483
-0.06606666789551889,0.12792883017303355,-0.7937013912898985,0.8283,-0.131293,-0.555801,0.06900708116687698,-0.27000345849675556,0.0676811,-0.268151,1.9565620466258893
-0.0825379177793128,0.15038657194617283,-0.7842172223371535,0.0,0.0,-0.525671,0.06686113147187214,-0.26647195861020523,0.0656708,-0.264849,1.94488148964395
-0.09674366473836614,0.1706992509003159,-0.7984893647803856,0.0,0.0,-0.486538,0.06460140986908168,-0.2627229408792736,0.0635748,-0.261255,1.930792996439835
-0.10891643679075542,0.1885402420337145,-0.8353141064615557,0.0,0.0,-0.438216,0.062248792420193384,-0.25881231886683176,0.0613691,-0.257523,1.9140021392146633
-0.11870307668676695,0.20647461780668352,-0.8714110110657014,0.0,0.0,-0.386851,0.05985915327794121,-0.25461006751531046,0.0591519,-0.253314,1.8966600813326402
-0.11008885310018379,0.19196678242562337,-0.7462554396265997,0.0,0.0,-0.386851,0.05852937399176173,-0.2522655590398633,0.0591519,-0.253314,1.8964718053647762
-0.10895102261601788,0.19409209292275506,-0.7813393463049881,0.0,0.0,-0.341848,0.056843172151809146,-0.24905359028550259,0.0569254,-0.2489,1.8808878088939602
-0.11435267796634649,0.201854436636956,-0.7946504012483138,0.0,0.0,-0.31168,0.05474286262633772,-0.24543496301638854,0.0543525,-0.244874,1.8669218505719114
-0.12072678988266815,0.20664063715407358,-0.7914510320637491,0.0,0.0,-0.287221,0.05249183936087194,-0.24188888541527873,0.0520312,-0.241543,1.8545570399170492
-0.12361105220278204,0.20077712929250888,-0.773220131156422,0.0,0.0,-0.266953,0.05036953762537684,-0.23897026057570425,0.0501611,-0.239394,1.84387313902788
-0.12200426849903243,0.18383643867155558,-0.7425563589053776,0.0,0.0,-0.25127,0.048497982205384656,-0.2368777433501625,0.0486141,-0.238102,1.8348124227382578
-0.11421323981522112,0.15636304488446015,-0.7038258398772409,0.0,0.0,-0.235221,0.04706096400054474,-0.23575257415225712,0.047624,-0.237738,1.8270965289866903
-0.10056089320723115,0.12113830574198894,-0.6587557898094758,0.0,0.0,-0.218818,0.04613608283694022,-0.23557940595670737,0.0471227,-0.238125,1.8206724359354476
-0.08172667156798769,0.08356797225319829,-0.6108236953358879,0.765358,-0.129699,-0.199282,0.04577220312371104,-0.23612489636937384,0.0471333,-0.23884,1.815271240176364
-0.059158892778547634,0.0480472509901013,-0.5368468464119995,0.77702,-0.076552,-0.187394,0.045956489320310184,-0.23713601615108984,0.0475874,-0.239703,1.8134349922248632
-0.034621620137722825,0.01699590562441717,-0.4476720341679105,0.782778,-0.0355046,-0.181137,0.046632059470936175,-0.23842000553124315,0.0484053,-0.240664,1.8143803276982657
-0.011796838656038415,-0.008477776733100784,-0.3669167509747258,0.0851237,0.340315,-0.177002,0.047587016449696685,-0.2398320877420625,0.0492365,-0.241673,1.8158591550556706
0.007797211499575584,-0.027890688095220505,-0.29741105353152564,0.0,0.0,-0.172747,0.04869359242764105,-0.24125108282504226,0.0501096,-0.242654,1.8174586018201973
0.021888251594803114,-0.03880785280885894,-0.2701376055044687,0.0,0.0,-0.156759,0.04974987967731067,-0.24241904683409354,0.0507682,-0.243208,1.815638116416608
0.02977411082015802,-0.03987037985853858,-0.2541552126518739,0.0,0.0,-0.13956,0.050621410860747194,-0.24311021412182607,0.0511913,-0.243187,1.8130456722561004
0.02954432538030525,-0.031255113813551935,-0.24234256470156337,0.0,0.0,-0.128262,0.05108260595539285,-0.24317860134381114,0.051066,-0.242556,1.81025924566166
0.021000062156157094,-0.016341448873744516,-0.2204971463075844,0.784995,-0.0291285,-0.130113,0.05099047016719539,-0.24269276913495044,0.050373,-0.241615,1.808750049056362
0.00771466447119174,-0.0010335723654797731,-0.1863624056986002,0.78362,-0.0300459,-0.142355,0.05044819878377906,-0.24194225770988076,0.0494881,-0.240836,1.808919819143631
-0.006501984922705591,0.010636101552623763,-0.14153375436865445,0.782646,-0.0321056,-0.162466,0.04963179775776082,-0.24118733491563815,0.0486044,-0.240344,1.810792809906854
-0.01954163674351852,0.01701120722939044,-0.09827279019165722,0.776975,-0.0784507,-0.185645,0.04866573941286023,-0.24059571117717862,0.0477234,-0.240135,1.8132156692093784
-0.03061133631282457,0.018445941840242803,-0.06196966826080201,0.776703,-0.0803216,-0.209584,0.047621276436182844,-0.24022868428462507,0.0468213,-0.240125,1.8155804174162624
-0.038826638374254464,0.01805966786701676,-0.04193425694223607,0.776302,-0.0814698,-0.22717,0.0465883970578218,-0.23995908505302635,0.0459947,-0.239987,1.8167625901635884
-0.044945293356979395,0.021731784871522636,-0.04341203501522112,0.775108,-0.0808304,-0.235339,0.04556267819794178,-0.2394273736947529,0.0451205,-0.239162,1.815931353075978
-0.048490387255996685,0.029859427382597423,-0.06880069730919185,0.773566,-0.0783897,-0.230231,0.04460919408779015,-0.2385423621456364,0.044353,-0.237955,1.8124827783739244
-0.050935533476026154,0.041889110872000895,-0.11413200012367389,0.771862,-0.073737,-0.215307,0.04367170392469086,-0.23726935180724726,0.043495,-0.2364,1.806456154389493
-0.05362846591453557,0.05768040968532055,-0.18337653359203093,0.769992,-0.0661766,-0.188328,0.042678710746348825,-0.23555519329691707,0.0424841,-0.234414,1.797073214459779
-0.05501495081025537,0.07483886492558937,-0.23750818382942063,0.767725,-0.0595739,-0.160519,0.04172899741175043,-0.23349799389392403,0.0416288,-0.232258,1.7881913013032666
-0.05742114721689963,0.09447800322477751,-0.3058225405499187,0.0,0.0,-0.125846,0.04068968912988032,-0.23100226596723994,0.0405158,-0.229583,1.7768798047147998
-0.06029991760147936,0.11523038816397693,-0.3719188961078209,0.0,0.0,-0.08752,0.03958064073845242,-0.22811871720930776,0.0393726,-0.226619,1.7646638426286243
-0.06325450556961543,0.13641936167152063,-0.44133847156167866,0.751834,-0.0804191,-0.0430716,0.038420519864594334,-0.22487426825229642,0.038207,-0.223343,1.7509949928051531
-0.06759811087158527,0.1575326530913951,-0.5143092984935104,0.0,0.0,0.00402094,0.03712130028861213,-0.22129579891806583,0.0368074,-0.21977,1.73577345711626
-0.07151593749690424,0.17865836004206,-0.5942695273429885,0.0,0.0,0.061315,0.03578073044646625,-0.21737869615398564,0.0354976,-0.215852,1.7185404680258383
-0.07436670196336133,0.19437042767493132,-0.6430461694273725,0.0,0.0,0.109159,0.034448016828550296,-0.21348146747961075,0.034242,-0.212346,1.7034974776420406
-0.0757741032003136,0.20349445812263467,-0.658704332441023,0.0,0.0,0.145087,0.033165108977625576,-0.20976836833384493,0.0330634,-0.209109,1.6914635273862673
-0.07715674373062167,0.20717616236223854,-0.6394925938296633,0.0,0.0,0.163397,0.031861319590141796,-0.2062690665376,0.0317614,-0.206003,1.6830218358785962
-0.06895738920682092,0.18514367816832975,-0.5445918552864593,0.0,0.0,0.163397,0.031168855426420304,-0.20441077357367765,0.0317614,-0.206003,1.6829706046675634
-0.06697103210184606,0.18425822202893233,-0.5360689089442952,0.0,0.0,0.180721,0.03019685149013526,-0.20150701054460815,0.0303404,-0.201571,1.6751431832889045
-0.06637276773478143,0.18539194292408903,-0.4625814645830115,0.0,0.0,0.170062,0.029164865096174192,-0.1984839308596096,0.0292081,-0.198402,1.6745060441446034
-0.06561324510274057,0.1781627619973964,-0.34443579659208734,0.0,0.0,0.135138,0.028153111409340775,-0.19599556717713532,0.028208,-0.196518,1.679662902264601
-0.06107485985924016,0.15918512200590693,-0.20363995693589088,0.0,0.0,0.0899107,0.027403323506113287,-0.19439953867781126,0.0277313,-0.195771,1.689176177774788
-0.0518371269480207,0.1287936962717359,-0.08698064203704801,0.0,0.0,0.0509853,0.02703681470498286,-0.19386169608975198,0.0277044,-0.196058,1.6985239021862382
-0.03865718040465427,0.09198075134214195,0.01607877621879862,0.70691,-0.0112486,0.0153865,0.027078721877280394,-0.1942346307365171,0.0280312,-0.196895,1.708396816867697
-0.02413079663223605,0.053881029017501046,0.08901335023479165,0.70724,-0.0186125,-0.012488,0.02742051859914741,-0.19528163890885225,0.0284703,-0.198035,1.7166724451392774
-0.009786662571308153,0.019276176500766955,0.1341594852850916,0.708899,0.0116132,-0.0305961,0.02798268927950604,-0.19670720344110068,0.0290193,-0.199208,1.7230513866872
0.0029836588714656134,-0.009097491366578624,0.14189987682734415,0.0,0.0,-0.0344711,0.028670324345359273,-0.19827451384544417,0.0295932,-0.200325,1.7260431023246707
0.012708204466142682,-0.02822609236616297,0.11205022623431281,0.0,0.0,-0.0233978,0.029360934104717892,-0.1996846291451268,0.0300637,-0.201067,1.725077219630032
0.017765714878044847,-0.03488734795821381,0.05136993882600814,0.0,0.0,-0.000266851,0.02989860777232568,-0.20057660956336992,0.0302641,-0.201058,1.7203116898619741
0.01942237438144208,-0.02779210057123709,-0.009403701486888051,0.700028,-0.101312,0.028334,0.030292377819899387,-0.20066575381801757,0.0304121,-0.200153,1.7145507785413556
0.0178300686919727,-0.01220097188978653,-0.06904425931489436,0.698764,-0.0963925,0.0580095,0.030497871508743325,-0.20007972755756068,0.0303828,-0.198953,1.707911078317131
0.014717139258623859,0.007549248737051793,-0.11000008010426515,0.697151,-0.0922154,0.0840323,0.030577362762411738,-0.19896929357847185,0.0303524,-0.197542,1.7023367604347537
0.010707486461965326,0.02665312933128551,-0.14637908010831757,0.695658,-0.087964,0.109241,0.030547766468775318,-0.19758558437985194,0.030258,-0.196205,1.6966075739753061
0.00557227701883745,0.044012686679307356,-0.1808957145301442,0.701773,0.0374707,0.133217,0.030379607320812633,-0.1960115269845885,0.0300085,-0.194757,1.6904971100772257
0.0011259367957170254,0.06011616518110185,-0.20826830965090162,0.699067,0.0415864,0.158907,0.030174824655965465,-0.19424275365576613,0.0298535,-0.193079,1.684612427005835
-0.003155459936423896,0.07484346631066205,-0.23072431657519168,0.696108,0.0454635,0.182703,0.029909804648086367,-0.19230730114010364,0.0296004,-0.191243,1.6788291839528824
-0.00823886127503638,0.0900326320708952,-0.26954424156516316,0.692588,0.0505939,0.212521,0.029523263293022524,-0.1901056788138997,0.0291559,-0.189008,1.6709021312399173
-0.012367787667744868,0.10453056923580799,-0.2990287604540088,0.688859,0.055559,0.243352,0.029118486040219094,-0.187706725643553,0.0288201,-0.186659,1.6633535390209784
-0.01643788799911897,0.11847262573683949,-0.3229429541047128,0.684828,0.0602429,0.271543,0.028651534844185603,-0.18511255369221408,0.0283574,-0.184105,1.6559502035189892
-0.02131107372404005,0.132586354069024,-0.35962596187797063,0.680341,0.0659739,0.303995,0.028066371594601267,-0.18228395993854615,0.0277142,-0.181264,1.6467702969334057
-0.027899635992117255,0.149016872649798,-0.39639165700993106,0.675432,0.0719699,0.334838,0.027289837092048973,-0.1790763879337547,0.0268137,-0.177889,1.636968442933733
-0.034729198613833376,0.16785778996988665,-0.45731938723818055,0.669911,0.0800428,0.37959,0.026391953518106047,-0.175446580754543,0.0258984,-0.174085,1.6239008326008586
-0.04192836055391621,0.18744839403573813,-0.5278749109467219,0.663747,0.089409,0.430099,0.02536036343409532,-0.17146575853302506,0.0248401,-0.17005,1.6086596435894873
-0.050142322853715074,0.20562782242398275,-0.5878929886505235,0.0,0.0,0.475042,0.024146500236970594,-0.16726477678705878,0.0235529,-0.165951,1.5933949065337447
-0.05714662873933807,0.2240323444179734,-0.6551217649996288,0.0,0.0,0.530265,0.022881181728350776,-0.16275804367663468,0.022375,-0.161428,1.576369602169765
-0.06219908799543958,0.24195841792763642,-0.708099741535536,0.0,0.0,0.585319,0.021632827194676747,-0.15798846753380508,0.0212677,-0.156693,1.5598264500790535
-0.06685123105643048,0.25973711458627685,-0.7470213100068358,0.0,0.0,0.633092,0.02033009745533686,-0.15294181701819543,0.0199939,-0.151657,1.5440868440191038
-0.07124925345337142,0.2773343506920531,-0.7596550322451464,0.0,0.0,0.669324,0.018969732860894678,-0.14762270336813843,0.0186519,-0.146351,1.5307211321374075
-0.07611316129149176,0.2930188943688082,-0.7008077864436724,0.0,0.0,0.669207,0.017508201107496204,-0.14214847839976394,0.0171567,-0.141015,1.5249912690862835
-0.07957830612615699,0.30102014839607516,-0.6000363261487173,0.0,0.0,0.649687,0.016061316391008402,-0.13693122840101954,0.0158109,-0.136353,1.5242688691178008
-0.08225409753057748,0.29528867857288343,-0.457125035297591,0.0,0.0,0.599716,0.014611172011433114,-0.132493802597935,0.0144178,-0.132908,1.5294476447072245
-0.08190364812308547,0.2741157103721104,-0.28803613544126594,0.0,0.0,0.533641,0.013318273994871082,-0.12916888840676108,0.0133436,-0.130699,1.5397848308551683
-0.07948642246420747,0.24055508016168292,-0.1399948488746287,0.0,0.0,0.46193,0.012167613816700071,-0.1270016664863217,0.0123423,-0.129427,1.5509717298583985
-0.07460933209410926,0.19892038129795347,0.015370400970439763,0.0,0.0,0.380264,0.011218246227538909,-0.12590517597455808,0.0115707,-0.128914,1.5657640210420496
-0.06744401473197088,0.1525497560572616,0.1598988456502789,0.0,0.0,0.296276,0.010498182419532289,-0.1257879237317265,0.011016,-0.129139,1.582273745133906
-0.05624966438562059,0.10528791525444851,0.27239212295615356,0.0,0.0,0.230482,0.010159115398440766,-0.12647151805885412,0.0109681,-0.129887,1.5976983888954075
-0.04094144883713792,0.06083570682513352,0.3471156926405874,0.0,0.0,0.188167,0.010271117788624532,-0.12772556238531146,0.0113774,-0.130938,1.6105713777983193
-0.0242813581099057,0.0226583142996205,0.39746799680071615,0.575563,0.0100597,0.156621,0.010717421524973549,-0.12927602589920353,0.0119214,-0.132035,1.6217725261622344
-0.008366813536888871,-0.008788818874673858,0.42721167752232553,0.0107023,0.176246,0.132813,0.011381000074407068,-0.13099240304581578,0.0125311,-0.133265,1.6314264505002403
0.006432566409064892,-0.033554621342527534,0.42837217646843234,0.0,0.0,0.123936,0.012225489924070982,-0.13277024425519401,0.013295,-0.13456,1.6383889324580836
0.019947902869176387,-0.05194577516549043,0.4203526289858592,0.0,0.0,0.122615,0.013221884179712401,-0.1345229224039486,0.0141986,-0.135852,1.6443772378479837
0.029975336735789025,-0.06317570539132362,0.3950629996254132,0.0,0.0,0.124568,0.01420394521073052,-0.13609644413939165,0.0149286,-0.136908,1.6483818204887513
0.034699079376216295,-0.06357132922205552,0.3725814166795042,0.0,0.0,0.119841,0.014995828241961329,-0.13713340936479834,0.0153372,-0.137162,1.6522984864124624
0.0313190437562215,-0.05472184198294332,0.3685125338468218,0.0,0.0,0.0910168,0.01532756578449807,-0.1375655278588427,0.0150833,-0.136926,1.6578236230896666
0.023150170281624007,-0.039364498462655065,0.3536513521371317,0.0,0.0,0.0645966,0.01528864179283031,-0.13742583255342006,0.0146983,-0.136316,1.6621133730616857
0.012371915079004026,-0.02302007720459895,0.340651428825513,0.584222,0.00322475,0.0336701,0.014946514561436617,-0.13697516591942074,0.0141676,-0.135794,1.6663714758184325
0.0018767978992188326,-0.00662635072469692,0.31920827136729596,0.582687,0.000888216,0.00933357,0.01445065296308545,-0.13625972907083336,0.0136922,-0.135075,1.6695087559565633
-0.009796394433461949,0.007218247260540869,0.293991304245378,0.580841,-0.0166291,-0.0228158,0.013708989181685468,-0.13545051063601798,0.0128654,-0.13445,1.6719012565031626
-0.020477828566077473,0.017971744887342184,0.2816831706930976,0.0,0.0,-0.0581898,0.0128461175716769,-0.13462412540020888,0.0120742,-0.133847,1.6752807093564959
-0.028479055310709628,0.02714662866046302,0.26858125110228903,0.0,0.0,-0.0883306,0.011989526429379324,-0.13373004336240202,0.0114113,-0.133067,1.6783717060998589
-0.03357000319231215,0.03788335034768559,0.23638100173960475,0.0,0.0,-0.105876,0.011197308660720075,-0.13258591304965922,0.0108294,-0.13181,1.6791879109121348
-0.037342269865458064,0.050456253078410215,0.1976766036029778,0.0,0.0,-0.121524,0.010410811233089116,-0.13114860875275128,0.0101382,-0.13024,1.6787995087263496
-0.0393000966975867,0.06298239356439757,0.12561106180590667,0.0,0.0,-0.117476,0.009683906706303412,-0.1295132293752299,0.00954242,-0.128608,1.6741819389976043
-0.04173156466526383,0.07465724333661222,0.06238298997627767,0.0,0.0,-0.120089,0.008894365435391623,-0.1277337089602362,0.00871865,-0.12689,1.6693522875957874
-0.04371696495119742,0.08239123133047292,0.003201026105341738,0.0,0.0,-0.11955,0.008095409363210678,-0.1260279138272519,0.00795193,-0.125469,1.6639170615240997
-0.04553721673604781,0.08548176889624784,-0.04384967118070701,0.0,0.0,-0.122731,0.007275604539820908,-0.1245053445643469,0.00714406,-0.124282,1.6588371290402608
-0.044654827249420874,0.08432286471091326,-0.07184806568026608,0.0,0.0,-0.12126,0.0066053421630846865,-0.12321424921396856,0.00666911,-0.123298,1.655081269705884
-0.041706866069355496,0.07792059139617336,-0.08972854177523645,0.0,0.0,-0.119974,0.006085749034970277,-0.1222883254930969,0.00629879,-0.122751,1.6519854062526313
-0.03730824339409052,0.06711372233456984,-0.10733719781360895,0.0,0.0,-0.11503,0.005709223758658419,-0.12175601759446411,0.0060271,-0.122537,1.648635584361069
-0.03069717913201083,0.05370958381385389,-0.09181272740867301,0.0,0.0,-0.11503,0.00554933675135514,-0.12156832014588398,0.0060271,-0.122537,1.648605346484853
-0.023695077082687355,0.04049889574129718,-0.07820926749362049,0.0,0.0,-0.11503,0.005521077536776318,-0.12158230027236595,0.0060271,-0.122537,1.6486080863630936
-0.016033207225736746,0.026437992008955663,-0.07927877677721,0.0,0.0,-0.104373,0.005648467950157979,-0.12186385754853746,0.00620217,-0.12288,1.647240977945203
-0.008092677353493154,0.013855182312846466,-0.07372367447176223,0.555277,-0.0133907,-0.0928154,0.005916869964971927,-0.12227267529838198,0.00649071,-0.123182,1.6465749276263855
-0.0030099583361163484,0.005681704447639695,-0.06288380570216771,0.555277,-0.0133907,-0.0928154,0.006123396016437684,-0.12259132546065138,0.00649071,-0.123182,1.6465702172815861
0.0021253021621663974,-0.0027271780532067483,-0.04946618587382032,0.556276,-0.0135452,-0.0859218,0.006414718989573156,-0.12305631342158917,0.00678583,-0.123664,1.6470180549238937
0.010197089619375023,-0.011414071972051654,-0.013559492419895881,0.0,0.0,-0.0744859,0.006982334343940851,-0.12367422230872778,0.00756566,-0.124302,1.6501197985605183
0.013233557544754988,-0.014631065712964708,-0.01129861921048482,0.0,0.0,-0.0744859,0.007346222898358654,-0.12406951679917186,0.00756566,-0.124302,1.6501479646409598
0.013654659954811146,-0.01558055691567812,-0.004872829211074466,0.0,0.0,-0.0751899,0.007585798098650228,-0.12436638290847209,0.00761623,-0.124435,1.6506641386975072
0.011291068984171121,-0.011059000490878273,-0.01032350647821026,0.555006,-0.0440428,-0.0760526,0.0076480201533784525,-0.12431676032190979,0.00747721,-0.12399,1.64999500893314
0.0078057129566127805,-0.001782025913497411,-0.03985074003069789,0.553482,-0.0420344,-0.0651715,0.007598266997771974,-0.12388042118121705,0.00734639,-0.12321,1.6466262648465841
0.001829008422095972,0.011059379550383339,-0.06977517625116278,0.553228,-0.0103749,-0.062205,0.007328049833388968,-0.1230600126993743,0.00689613,-0.122132,1.6427334373555063
-0.003639770011747775,0.024407588037500903,-0.09772886305436738,0.551066,-0.00815652,-0.0532454,0.006995783425115039,-0.12200063794596183,0.00660057,-0.121036,1.6385721210104676
-0.009118182654787426,0.03898472889684705,-0.12120756237251396,0.0,0.0,-0.0481638,0.006575379662649736,-0.12064644947452138,0.00617947,-0.119593,1.6344492483968096
-0.01397655435058688,0.05390569750425018,-0.1326789850863078,0.0,0.0,-0.046896,0.006108311025870107,-0.11903629695071793,0.00575721,-0.117958,1.6312600701770492
-0.01890703006071917,0.06795304196287838,-0.16020734945083165,0.0,0.0,-0.0425178,0.0055587417826805634,-0.11724516256041903,0.00520243,-0.11623,1.6261440168882413
-0.02444240515022328,0.08306349578165956,-0.20191180703521278,0.0,0.0,-0.0355032,0.00489029618041371,-0.1151589905205532,0.00449027,-0.114067,1.6190212343510175
-0.02914199822787924,0.09838396319927772,-0.2538332972762273,0.0,0.0,-0.0192807,0.004188536536224818,-0.11281716761992212,0.00384891,-0.11171,1.6100706497123596
-0.03409746689417808,0.11310497126926553,-0.2864492931630445,0.527901,-0.0166743,-0.0151522,0.0033946679541921394,-0.11026984635817048,0.00303655,-0.109206,1.6023915721957593
-0.039682628189450946,0.12396794028132446,-0.29878990326882915,0.522804,-0.0134099,-0.0250113,0.0024798840911982433,-0.1077420365931093,0.00207626,-0.106957,1.5964506593625138
-0.04441462836212185,0.12860424064627105,-0.2907808063062685,0.518271,-0.0112743,-0.0418354,0.0015321385069544463,-0.10545205254770484,0.00119017,-0.105117,1.5925425411612395
-0.046037428240475,0.12672807297540906,-0.25156163945889864,0.513969,-0.0109804,-0.062589,0.0007142242390609175,-0.10351841457443169,0.000596949,-0.103654,1.592126662441375
-0.0442149528741781,0.1158212538367974,-0.18975835182286518,0.510571,-0.0122398,-0.0872015,9.81057681250745e-05,-0.10221179448006064,0.000229811,-0.103,1.5947280881434356
-0.039275675582974304,0.09963089868986724,-0.12731445681750242,0.508085,-0.0140338,-0.107879,-0.0002828072484937568,-0.10142896801043376,7.41406e-05,-0.102599,1.5983910164425938
-0.03151396594800722,0.0847429377282895,-0.09853575483247246,0.506639,-0.0145306,-0.108615,-0.0003981061932437777,-0.10081908842015043,0.000162811,-0.101895,1.5994519847814825
-0.02433136109242258,0.07386094967705654,-0.08968736138597888,0.504159,-0.0141416,-0.10886,-0.00042750129959431236,-0.1001825889537646,9.15656e-05,-0.100969,1.5988322805211588
-0.018030833842582486,0.0687849994361692,-0.1092442181895788,0.501393,-0.012267,-0.0959148,-0.00040028720144396214,-0.09933637517711089,5.50344e-05,-0.0997032,1.5952782666761813
-0.01420111521010227,0.06756307045820781,-0.15062986278400015,0.0,0.0,1.33349,-0.00043560512658832293,-0.09831659458728867,-0.000158842,-0.0984049,1.5890218531355862
-0.010905253140670226,0.07145600063018002,-0.2047178548202052,0.0,0.0,1.33349,-0.0004449397958335226,-0.09697823124894538,-0.000206757,-0.0966969,1.5806687036607558
-0.009553951149075863,0.07871911110205526,-0.263504810791007,0.0,0.0,1.33349,-0.000530091841007596,-0.09535478481683855,-0.000432437,-0.0948299,1.570871775838952
-0.009563359912164154,0.08848804269337764,-0.3220492373298194,0.0,0.0,1.33349,-0.0006835770548292087,-0.0934494735479551,-0.000684257,-0.0927435,1.5601090890945988
-0.010135847739690992,0.10214629373837078,-0.3767213164653737,0.0,0.0,1.33349,-0.0008744368950792078,-0.09113074386031943,-0.000915809,-0.0901437,1.5488103377029294
-0.012017755151193008,0.11684908289316223,-0.38081363645999056,0.0,0.0,1.33349,-0.001161019779320674,-0.0885244297277815,-0.00129702,-0.0874619,1.5423236875386945
-0.014810421770211878,0.12700078044391108,-0.3250976699896495,0.0,0.0,1.33349,-0.0015379217414878987,-0.08598373498051674,-0.00173974,-0.0852501,1.542277898799098
-0.01804475220427134,0.13103417665705633,-0.17710221526135927,0.0,0.0,1.33349,-0.001988703924519607,-0.08368508233952546,-0.00222244,-0.0833936,1.5528672258132108
-0.021414428522012766,0.12716307821750952,0.044844168060823336,0.0,0.0,1.33349,-0.002500182853497577,-0.08184444646970832,-0.0027437,-0.0821242,1.5744185297686675
-0.024203266075932647,0.11738848273638562,0.31559116977279544,0.0,0.0,1.33349,-0.003027178457385437,-0.08045601713846326,-0.00322872,-0.0811624,1.608195475900868
-0.025678740783167557,0.10209747145816488,0.5675761400034818,0.0,0.0,1.33349,-0.0035119715417856003,-0.07958866109344279,-0.0036186,-0.0806937,1.6494616940436302
-0.02547826143301955,0.08238081648374912,0.7577772846716299,0.0,0.0,1.33349,-0.003909578085702375,-0.07925853211798316,-0.00389509,-0.0806834,1.6891601803554532
-0.023069231646527445,0.05930472939076464,0.9000263208900698,0.0,0.0,1.33349,-0.004157973890370783,-0.0794659552912965,-0.00398388,-0.0811336,1.7232462162977438
-0.019593817134592666,0.03410138844727653,0.9825397111677198,0.0,0.0,1.33349,-0.004297328552055448,-0.08018322456504438,-0.00404617,-0.0820046,1.7489111476732804
-0.013687781118410465,0.01142033780642103,1.0248419050624282,0.0,0.0,1.33349,-0.004220392815886488,-0.08113700347827826,-0.00379358,-0.0827761,1.7696124251640446
-0.007635782025074076,-0.006062706996011316,1.014766180188005,0.0,0.0,1.33349,-0.004039311161986129,-0.08211004892013013,-0.00360195,-0.0833735,1.7849093703661105
-0.00213549720532806,-0.015827076565218638,1.0033166273791496,0.0,0.0,1.33349,-0.0037978703040992693,-0.08285255613670983,-0.00340038,-0.0835582,1.799969349568523
0.0017411930723779763,-0.01862317226382306,1.0020472438795176,0.0,0.0,1.33349,-0.003575757636901285,-0.08329063393143225,-0.0032956,-0.0834927,1.815891098200343
0.0020964482406447002,-0.015549613436045672,1.0510731570150589,0.0,0.0,1.33349,-0.003524413304109677,-0.08338541755811886,-0.00349874,-0.0831633,1.8370812458740493
0.0009108331524114422,-0.009967611019020287,1.113539588909826,0.0,0.0,1.33349,-0.003569248891219113,-0.08326519580784268,-0.00365493,-0.0828618,1.8609265049970052
-0.0011509827720856364,-0.0033047351443082473,1.1771042635021354,0.0,0.0,1.33349,-0.003690978290873435,-0.08298420752995683,-0.00383998,-0.0825027,1.886116109076237
-0.002150770771445086,0.0019215096081499593,1.2075940839061405,0.0,0.0,1.33349,-0.003775488098703271,-0.0826915861897213,-0.00384774,-0.0823139,1.9085173151264687
-0.0027814437027349156,0.005605273695616962,1.2062701397633784,0.0,0.0,1.33349,-0.003851593019268819,-0.08241731539708282,-0.00389717,-0.0821511,1.927691246902082
-0.0013335979605147855,0.007339911181604088,1.192121847522004,0.0,0.0,1.33349,-0.0038003817896662094,-0.08221295743227909,-0.00369575,-0.0820876,1.945482528283132
0.0016131656369824947,0.007196958330148015,1.1827328629813056,0.0,0.0,1.33349,-0.0036269144190644183,-0.08210496919454914,-0.00341396,-0.0821153,1.9635681398558438
0.004232662869198013,0.004401791261830027,1.1844889545800361,0.0,0.0,1.33349,-0.0034279337879934047,-0.0821746010409633,-0.00323863,-0.0823766,1.9826784257039027
0.006117906431966499,0.0022473057777129594,1.199448666004123,0.0,0.0,1.33349,-0.0032355813150635056,-0.08224660131923628,-0.00309934,-0.0824023,2.003246445787245
0.007372861517979736,0.0010805112025988363,1.227094300096195,0.0,0.0,1.33349,-0.0030547321177935216,-0.08228777899741874,-0.00296404,-0.0823721,2.025485956678348
0.009589415254247547,0.000875928609872542,1.240407199688518,0.0,0.0,1.33349,-0.0027902341809206794,-0.08228401538435533,-0.00263005,-0.0822988,2.046618127829577
0.010498273397897192,-5.92054371579496e-05,1.2332697609473269,0.0,0.0,1.33349,-0.0025767206532282586,-0.08233182046022902,-0.00251104,-0.0823994,2.065676745077987
0.011588628805157025,-0.001626914564065211,1.2367907832317249,0.0,0.0,1.33349,-0.002336666956268895,-0.08243640601650365,-0.00225787,-0.0825497,2.0857868147945906
0.012463921415213606,-0.0037541967236084327,1.2338307653975233,0.0,0.0,1.33349,-0.0020933849653607395,-0.08260306722793224,-0.00203013,-0.0827568,2.1052527265054946
0.011374075503281454,-0.0044925193101268465,1.2480950909344775,0.0,0.0,1.33349,-0.0019660098635430555,-0.08271194347773683,-0.00204477,-0.0827653,2.1265370789706184
0.009530933650259293,-0.005986110888879762,1.2549147143228085,0.0,0.0,1.33349,-0.0019058712585410624,-0.08288256228580977,-0.00203907,-0.0829905,2.147263758616468
0.007000470278788224,-0.007488256931415263,1.2557050205123224,0.0,0.0,1.33349,-0.0019206604417860052,-0.08307764407847655,-0.00210353,-0.0831862,2.1674292699010986
0.003973361966600265,-0.0075080856885396145,1.2482387054817332,0.0,0.0,1.33349,-0.0020087692916029797,-0.08319876703080703,-0.00222753,-0.0832002,2.18670690751649
0.0019330089687841986,-0.0066502997664906905,1.0643218492058164,0.0,0.0,1.33349,-0.0020800793569605344,-0.08326218980565211,-0.00222753,-0.0832002,2.186868488634535
0.000643915032191974,-0.005433358758564074,0.8740236496539232,0.0,0.0,1.33349,-0.002134370762313064,-0.08328814494597354,-0.00222753,-0.0832002,2.1862676908200926
-0.0006201967881726683,-0.005317885232931534,1.3744602839760396,0.0,0.0,1.33349,-0.0022076361504523643,-0.08336744495091133,-0.00229899,-0.0833591,2.2440047710856446
-0.0018488168947701296,-0.0039359110915577495,1.408023335509752,0.0,0.0,1.33349,-0.0022987810380101273,-0.08336117143206474,-0.00238757,-0.0832613,2.2735534952788408
-0.004188380703317013,-0.0028660237079558898,1.4166500425756434,0.0,0.0,1.33349,-0.0024830262228784207,-0.08335341778905943,-0.0026521,-0.0832761,2.2971220841870688
-0.006213161459006194,-0.0009099366864692058,1.4222334410983453,0.0,0.0,1.33349,-0.002683894719639263,-0.08326996097502153,-0.00283022,-0.0831286,2.3204048738461376
-0.0066596623005200474,0.00056156821319524,1.416176050196567,0.0,0.0,1.33349,-0.0028128226245657736,-0.08318724157124943,-0.00284509,-0.0830809,2.3424956540645376
-0.006453576263750439,0.001700185123703387,1.3918325954350148,0.0,0.0,1.33349,-0.00290575326536911,-0.08310298468103791,-0.00289086,-0.0830207,2.3625223677649223
-0.005683782305851818,0.0032899318962886586,1.348381009548714,0.0,0.0,1.33349,-0.0029581208708451636,-0.08297068658292879,-0.00290249,-0.0828558,2.380195964700413
-0.004417650547712749,0.0042991268318773035,1.3139938379187837,0.0,0.0,1.33349,-0.0029653598248391947,-0.08285133171444549,-0.00287386,-0.0827784,2.3982062694812876
-0.0038547450139753536,0.0036071369989564965,1.2989593839743985,0.0,0.0,1.33349,-0.002998829619168298,-0.08282829181712667,-0.00295815,-0.0828783,2.4176527742642744
-0.001594547614463971,0.0023560296893658083,1.3129446441248338,0.0,0.0,1.33349,-0.002911088187220938,-0.08285328595031939,-0.00274775,-0.0829437,2.439937309140955
0.0,0.001320364339031854,1.3073837608407766,0.0,0.0,1.33349,-0.002831673391490931,-0.08288405534221584,-0.00271697,-0.0829589,2.460325303570141
0.003366681819798328,0.001212176786784934,1.2830637321103378,0.0,0.0,1.33349,-0.0026087408773984803,-0.08287008158614478,-0.00236491,-0.0828779,2.4786026778872454
0.007321823289981993,0.000294287367997624,1.2506147855204341,0.0,0.0,1.33349,-0.0022934070866437663,-0.08291136668160648,-0.00200758,-0.0829777,2.4956875957716944
0.010304421001208573,-0.0012937264165343416,1.232448396143436,0.0,0.0,1.33349,-0.0019790840509162546,-0.08301163865530357,-0.00176354,-0.0831264,2.5137853907043697
0.011467874963930454,-0.0027987760264291265,1.2355550819424714,0.0,0.0,1.33349,-0.0017372995858039176,-0.08313183424572962,-0.00165322,-0.0832406,2.5338371939248625
0.012316534869586377,-0.00525214225382538,1.2650097159514082,0.0,0.0,1.33349,-0.001497710293799514,-0.08333880203821196,-0.00143638,-0.0835161,2.556844372765426
0.010997482718184026,-0.006708064343842015,1.29299520967988,0.0,0.0,1.33349,-0.0013878457653528338,-0.08351908455511468,-0.00148317,-0.0836243,2.580277493440743
0.009074784672666899,-0.006845273893383578,1.296079986089441,0.0,0.0,1.33349,-0.0013389919535170248,-0.08363548424702356,-0.00147794,-0.0836454,2.6013170966569383
0.0066727334961035195,-0.0069051933259568635,1.2908044883679386,0.0,0.0,1.33349,-0.0013525904343821464,-0.08374896978906447,-0.00152618,-0.0837533,2.621474925917666
0.004049843081625781,-0.006574549955898713,1.2904590869867358,0.0,0.0,1.33349,-0.0014192209961507855,-0.08383759467782487,-0.00160877,-0.0838137,2.642090315638107
0.0025386885455004845,-0.006116466267836581,1.2962882353774219,0.0,0.0,1.33349,-0.001454323059670468,-0.08391250443557706,-0.00156353,-0.0838794,2.6633746807008576
0.0013610511131069384,-0.003687796944298988,1.304874570965755,0.0,0.0,1.33349,-0.0014915554142446738,-0.0838498131851543,-0.00157666,-0.0836743,2.6850621860602484
-0.000694889228577338,-0.0011026687931800093,1.290813943824501,0.0,0.0,1.33349,-0.001605692902920912,-0.08373792002998007,-0.00175427,-0.0835511,2.7043835955299493
-0.0019220507548846496,0.001215394353302513,1.2701115392583806,0.0,0.0,1.33349,-0.0016979364455557522,-0.08360231998400315,-0.00178662,-0.0834348,2.7228184657229693
-0.0026961103345367983,0.0019776232971831335,1.256295788271702,0.0,0.0,1.33349,-0.0017798608645206318,-0.08353248416829773,-0.0018358,-0.0834774,2.7416721234846038
-0.003086507769274447,0.0018102682776226936,1.271979509200757,0.0,0.0,1.33349,-0.001848807061917894,-0.0835119057176496,-0.00187702,-0.083524,2.76345573867549
-0.003344999049819452,0.002284640622371531,1.2891890490777502,0.0,0.0,1.33349,-0.0019152795532453193,-0.08345158157154582,-0.00193396,-0.0834173,2.785734864132724
-0.0033314161505235856,0.003260445564817185,1.2931430131639834,0.0,0.0,1.33349,-0.001967901598398738,-0.08335051871239865,-0.00196692,-0.08328,2.8068063244297994
-0.004475592313593422,0.003995053318901285,1.288037317456388,0.0,0.0,1.33349,-0.002096843567223094,-0.08324978806164297,-0.00217953,-0.0831967,2.8269347791496355
-0.0041678564824615735,0.003717310211676088,1.286909627762375,0.0,0.0,1.33349,-0.002148109213623939,-0.08320422827721283,-0.00212587,-0.0832243,2.847421030800853
-0.003160632673255879,0.003333942093653052,1.2849874991869887,0.0,0.0,1.33349,-0.0021482092666175938,-0.08317009505110938,-0.00207542,-0.0831978,2.867801770635674
-0.0027734293105226814,0.00235654220782781,1.2981604739595567,0.0,0.0,1.33349,-0.0021731821113714954,-0.08318136602547409,-0.0021452,-0.083252,2.8897980938490395
-0.003426457750706197,0.0019269955974456196,1.2983499288993539,0.0,0.0,1.33349,-0.0022607274487448084,-0.08317205785975071,-0.00230792,-0.0832031,2.910589822102403
-0.0039607960056367315,0.002728626479651084,1.3014915226196273,1.68876,0.0,0.0,-0.0023508748587110044,-0.08308823163692165,-0.00238949,-0.0830303,2.9317071203746474
-0.004444931507478711,0.004014792341413837,1.284790728958788,1.68876,0.0,0.0,-0.002446252872213169,-0.08295954763385321,-0.00248124,-0.0828666,2.9506959507350055
-0.004893553584554091,0.004963740144987227,1.27880670811826,1.68876,0.0,0.0,-0.002547029328764547,-0.08283257782158164,-0.00257945,-0.082764,2.970615328586712
-0.005244004905873359,0.004124414025434623,1.2695972758494967,1.68876,0.0,0.0,-0.002648493856564101,-0.08280864423299286,-0.00267382,-0.0828693,2.990078444324289
-0.006044307044997487,0.003979544323584381,1.2535745099855815,1.68876,0.0,0.0,-0.0027853043876495775,-0.08275223066909616,-0.00284314,-0.0827627,3.0086645617196317
-0.011760259117765667,0.0021552158284657012,1.204211511110277,1.68876,0.0,0.0,-0.003259884022649724,-0.08280916084765313,-0.00367296,-0.082941,3.0234522908580836
-0.013385634443130767,0.0009532485622960238,1.016210564782223,1.68876,0.0,0.0,-0.0035554986405381354,-0.0828541371647461,-0.00367296,-0.082941,3.0233976690431694
-0.04417104614184521,-0.001190304286069014,1.0304847009577531,1.68876,0.0,0.0,-0.0058048338185897694,-0.08298059139045115,-0.00802961,-0.0831355,3.0409363805916274
-0.0794709061744735,-0.0012001596632237772,0.8977079410148657,1.68876,0.0,0.0,-0.008845177178662001,-0.08300028777927132,-0.0113962,-0.083001,3.042753949115872
-0.11692547759985378,-0.0003402495758372709,0.7332435931966681,1.68876,0.0,0.0,-0.012592762172108814,-0.08296264331318011,-0.0152995,-0.0829005,3.040963674134362
-0.1229665128342967,0.00014818511167485773,0.6161704793958053,1.68876,0.0,0.0,-0.014862931165638438,-0.08293579781799205,-0.0152995,-0.0829005,3.0410832429165953
-0.14333217211703886,-0.0015650766394701338,0.4746888645314006,1.68876,0.0,0.0,-0.018176730379558217,-0.08304668733269603,-0.0196485,-0.0831705,3.0363090508404342
-0.1706365704362966,-0.003895488161343569,0.32730846572126615,1.68876,0.0,0.0,-0.022275086985247338,-0.0832257876332112,-0.0242483,-0.0833942,3.028490816248673
-0.20084808412810334,-0.005237378865774196,0.19267292496268373,1.68876,0.0,0.0,-0.02700249783325693,-0.08337682528657112,-0.0291858,-0.0834738,3.0193525865958257
-0.2355785028600534,-0.007666834136644895,0.08123645468489242,1.68876,0.0,0.0,-0.032512029119550714,-0.0836212300166153,-0.0350219,-0.0837968,3.0103177064401807
-0.27402838552817743,-0.008104055434564791,-0.013148468127217275,1.68876,0.0,0.0,-0.03882313379357625,-0.08377280323140268,-0.0416018,-0.0838044,3.0012404824332903
-0.312310588030189,-0.006699411038786232,-0.0954178942005319,1.68876,0.0,0.0,-0.04573835157336469,-0.08380960974837247,-0.0485049,-0.0837081,2.9919315553261363
-0.34675154905814437,-0.004345665269804504,-0.1795475979551703,1.68876,0.0,0.0,-0.05301214742370319,-0.08376119866800463,-0.0555011,-0.0835911,2.9810607145182035
-0.38125428969526454,-0.004120702377398357,-0.24866476125192416,1.68876,0.0,0.0,-0.060841082782972976,-0.08381585744328594,-0.0633345,-0.0837996,2.970456541887692
-0.415218067103739,-0.007713910451868965,-0.3196719884681759,1.68876,0.0,0.0,-0.06918643215826416,-0.0841193288344113,-0.0716409,-0.084379,2.9585456614712036
-0.44435027619677736,-0.013211629235797233,-0.41385602162971613,1.68876,0.0,0.0,-0.07775579617829537,-0.08460619513618081,-0.0798611,-0.0850035,2.9428226795552472
-0.46801489639339927,-0.01705349059080871,-0.5186937977379145,1.68876,0.0,0.0,-0.08642982363884506,-0.0850715593525869,-0.08814,-0.0853492,2.9240607816710225
-0.49197103256396135,-0.0195653893664043,-0.6427733567114102,1.68876,0.0,0.0,-0.09550175658924151,-0.08551047205355737,-0.097233,-0.085692,2.900993495357663
-0.5209191634683329,-0.01646065738034239,-0.7552081912767297,1.68876,0.0,0.0,-0.10528699899762002,-0.08561827035566887,-0.107379,-0.0853939,2.8767555534061127
-0.5468074098388623,-0.0076574916859753,-0.8625636286411673,1.68876,0.0,0.0,-0.11533312835250345,-0.08529968032948552,-0.117204,-0.0846635,2.851270606439661
-0.5665793827714452,0.0034254108988072945,-0.9579560798846802,1.68876,0.0,0.0,-0.12538913444282002,-0.08468953058143328,-0.126818,-0.0838886,2.8255041265391414
-0.5830967460247934,0.014714447138801188,-1.0194653985630684,1.68876,0.0,0.0,-0.1355463360430134,-0.08388842728805489,-0.13674,-0.0830726,2.8025649586276136
-0.6004850780851424,0.02154294900531482,-1.0502156578780177,1.68876,0.0,0.0,-0.14602539354688793,-0.08320157686027435,-0.147282,-0.0827081,2.7826625353172383
-0.540133602328386,0.02261821066127487,-0.9001381319216792,1.68876,0.0,0.0,-0.151643433496184,-0.08278580617279299,-0.147282,-0.0827081,2.782441255834079
-0.5651122535490438,0.025513342545836194,-1.0237223540304903,1.68876,0.0,0.0,-0.16193686226712395,-0.08223252313860373,-0.163742,-0.0820233,2.7569410881908762
-0.6240847758944097,0.03289695441171771,-1.0770946495643712,1.68876,0.0,0.0,-0.17487721963611644,-0.0813361931178298,-0.179139,-0.0808026,2.733979852385776
-0.6893812747318542,0.041173299092875155,-1.0941664967831721,1.68876,0.0,0.0,-0.18917920342307804,-0.08026270843837276,-0.193898,-0.0796646,2.7147542583038264
-0.7412235841764315,0.04759883545387727,-1.117011844750231,1.68876,0.0,0.0,-0.2036365003146828,-0.07917915566263159,-0.207383,-0.0787148,2.694730138290443
-0.7756077671630888,0.05585012110093812,-1.1669965191914276,1.68876,0.0,0.0,-0.2177691506150181,-0.07787209749159274,-0.220254,-0.0772758,2.6712996366861943
-0.7944487360748523,0.06933370725042626,-1.2245857173392505,1.68876,0.0,0.0,-0.23142441551706996,-0.07608712131354141,-0.232786,-0.0751127,2.6459215426430718
-0.8070478375643215,0.08811004677011243,-1.2794727240792243,1.68876,0.0,0.0,-0.24496849793573455,-0.07373651389630544,-0.245879,-0.0723796,2.6197961087648616
-0.8188182649655216,0.10775266179381736,-1.3031615402475194,1.68876,0.0,0.0,-0.25865938391003224,-0.07102821722046239,-0.25951,-0.0696087,2.59650839412435
-0.8244299871144402,0.125078544937685,-1.3502285621483092,1.68876,0.0,0.0,-0.27213145642969494,-0.06815879344340142,-0.272537,-0.0669067,2.570366624813366
-0.8229171723807447,0.13716405786878105,-1.373213933188715,1.68876,0.0,0.0,-0.2852223269181959,-0.06535858644590388,-0.285113,-0.0644852,2.546068642227469
-0.8215585364931897,0.1488118106255415,-1.4029063395131247,1.68876,0.0,0.0,-0.2982991848412951,-0.062393950734205,-0.298201,-0.0615522,2.5207549027546508
-0.8281990166883577,0.1634434787431523,-1.408726433260691,1.68876,0.0,0.0,-0.3118831109435885,-0.05904569000799912,-0.312363,-0.0579883,2.4976454119285387
-0.8437271092898735,0.18029037268976444,-1.394699122474346,1.68876,0.0,0.0,-0.3261608278848216,-0.055316878224750586,-0.327283,-0.0540994,2.4766368883587577
-0.8609305987498941,0.19239970155354028,-1.4028828097441661,1.68876,0.0,0.0,-0.3407977516081198,-0.05163170755719784,-0.342041,-0.0507566,2.453457368603837
-0.8742086804639995,0.20260681311038845,-1.4010893977450216,1.68876,0.0,0.0,-0.3554504299211112,-0.047878539596797116,-0.35641,-0.0471409,2.4312083358733987
-0.8837207176349117,0.21950166531214033,-1.4492049704279257,1.68876,0.0,0.0,-0.3700665914981537,-0.04351994403462123,-0.370754,-0.042299,2.4035827612194582
-0.8906502554795914,0.24084085629255644,-1.4781534543128745,1.68876,0.0,0.0,-0.3846642215502621,-0.03859722405175586,-0.385165,-0.0370551,2.376941360885642
-0.8964849257051558,0.26009768867277494,-1.4873453441235,1.68876,0.0,0.0,-0.3993003445915469,-0.03347073778052409,-0.399722,-0.0320791,2.3522284190113463
-0.9064715085212156,0.2808490390786243,-1.4839494802920237,1.68876,0.0,0.0,-0.4143042974026695,-0.027937342446456518,-0.415026,-0.0264377,2.32880681112637
-0.9209622316845908,0.3051536463651933,-1.485084316726002,1.68876,0.0,0.0,-0.42976579569229756,-0.021837026450257487,-0.430813,-0.0200806,2.304941031182489
-0.9362236857805245,0.3294034049058981,-1.4695360178153252,1.68876,0.0,0.0,-0.4455100971088966,-0.015351462683764016,-0.446613,-0.013599,2.282875454616684
-0.9453316966216245,0.3495893614521556,-1.4840860475052946,1.68876,0.0,0.0,-0.4610917893586217,-0.0087465530028913,-0.46175,-0.00728777,2.2578231998777034
-0.9535477823506499,0.36726893908246416,-1.5077605134703498,1.68876,0.0,0.0,-0.4767602463086981,-0.0019843599613711305,-0.477354,-0.000706706,2.2314204228989833
-0.9629930300265525,0.39052790553729055,-1.544811776169153,1.68876,0.0,0.0,-0.4926414181894164,0.005429549107856134,-0.493324,0.00711041,2.2030384526627387
-0.9706944996733717,0.4205369012935459,-1.5888821317926245,1.68876,0.0,0.0,-0.5085584361833526,0.013661833241863208,-0.509115,0.0158305,2.1730779205220268
-0.9722226032486098,0.4460297155214313,-1.6232489721343906,1.68876,0.0,0.0,-0.5241905681996983,0.02207570513493949,-0.524301,0.023918,2.143472966842667
-0.9727492155671763,0.4654596211459846,-1.631526399219538,1.68876,0.0,0.0,-0.5397809431906694,0.03049665469690633,-0.539819,0.0319008,2.116517705053291
-0.9732555873684351,0.48671913010770823,-1.6298573030116874,1.68876,0.0,0.0,-0.5553784059166269,0.03934943434637792,-0.555415,0.0408858,2.090598436200992
-0.9763739518581279,0.5079270995836549,-1.6367261235421346,1.68876,0.0,0.0,-0.5711566444611649,0.048538958961838026,-0.571382,0.0500716,2.0637762314600008
-0.981803910804358,0.5306385732414065,-1.6540168598207803,1.68876,0.0,0.0,-0.587137591951414,0.0581672048913625,-0.58753,0.0598085,2.035675446883297
-0.9833037843011032,0.5578658123550992,-1.6617111475311128,1.68876,0.0,0.0,-0.6029456083090476,0.06845736306668479,-0.603054,0.070425,2.0083370993826684
-0.983271489106762,0.5896191909343662,-1.676073165835857,1.68876,0.0,0.0,-0.6186763338839788,0.07948237154114997,-0.618674,0.0817771,1.980152910773018
-0.9825366925449815,0.619074019954755,-1.6903385788709409,1.68876,0.0,0.0,-0.6343601017062507,0.09086348133238581,-0.634307,0.0929921,1.9517227927749097
-0.9791423821613702,0.643921907118878,-1.708718254374927,1.68876,0.0,0.0,-0.6498562973820093,0.1024113122222264,-0.649611,0.104207,1.9225961957584174
-0.9696639904039545,0.6676467827229633,-1.7325102920426534,1.68876,0.0,0.0,-0.66489597704128,0.11428246914793758,-0.664211,0.115997,1.8925302424269907
-0.9624112455891539,0.6920455145055482,-1.7294430231943012,1.68876,0.0,0.0,-0.6799311357195976,0.12657777143389387,-0.679407,0.128341,1.8651669475500925
-0.9601296562996509,0.7185278404191305,-1.700208164876799,1.68876,0.0,0.0,-0.6951788841196839,0.13940119587428348,-0.695014,0.141315,1.8406627389768404
-0.9585617566206871,0.747104892069158,-1.6969961605382669,1.68876,0.0,0.0,-0.710437307754164,0.1527868158644711,-0.710324,0.154852,1.813787275053473
-0.9540067835363434,0.776427359759355,-1.687734409607788,1.68876,0.0,0.0,-0.7254731752510634,0.16667894671801822,-0.725144,0.168798,1.7876414578836985
-0.952169145243221,0.8051190044363212,-1.6791077766286506,1.68876,0.0,0.0,-0.7406158010144739,0.18099853454475434,-0.740483,0.183072,1.761562222966859
-0.9484653970836955,0.8335746667035184,-1.6585845540850286,1.68876,0.0,0.0,-0.7556056595904546,0.19576158833794782,-0.755338,0.197818,1.7369013789344505
-0.9357745072751685,0.8612401274439618,-1.6760680515984623,1.68876,0.0,0.0,-0.7699421353510952,0.2109276940071018,-0.769025,0.212927,1.708535864451355
-0.9227264618441604,0.887823364558574,-1.682026766509517,1.68876,0.0,0.0,-0.7840519459957516,0.226464903302117,-0.783109,0.228386,1.6810355628859395
-0.9114558871461979,0.9184207489172604,-1.7063940193374343,1.68876,0.0,0.0,-0.7980704931236985,0.24269281203211254,-0.797256,0.244904,1.6514011808430409
-0.8944095864712526,0.95103101475944,-1.7399391819576393,1.68876,0.0,0.0,-0.8115268887950542,0.2595433466790972,-0.810295,0.2619,1.6201554671125882
-0.8726395037047721,0.9775614471613304,-1.7678914970050401,0.0,0.0,-7.68311,-0.8243982634041148,0.2765137193520136,-0.822825,0.278431,1.5889210545976786
-0.854041566909406,0.9958544309502279,-1.7627009209170428,0.0,0.0,-7.62311,-0.8371310212270225,0.29336401687959357,-0.835787,0.294686,1.5612545850730082
-0.8395542559398849,1.0092405768283361,-1.7847110062541338,0.0,0.0,-7.55009,-0.8498379577179317,0.31018262042418154,-0.848791,0.31115,1.5306797735623388
-0.8188870892508548,1.0210022865140689,-1.871771805707246,0.0,0.0,-7.44595,-0.8619045587231049,0.32710801391511124,-0.860411,0.327958,1.4919513567655476
-0.7923740366362391,1.0348916816366567,-1.938111112737222,0.0,0.0,-7.33898,-0.8732540246590412,0.3443622519993124,-0.871338,0.345366,1.4519807572013042
-0.7621662710300678,1.0527018018723098,-1.9940759805752708,0.0,0.0,-7.23514,-0.8839350313030063,0.3620979120871888,-0.881752,0.363385,1.4125962075660923
-0.730876792342392,1.066821798680888,-2.0543306630648055,0.0,0.0,-7.12434,-0.8940612037024014,0.37987458705607874,-0.8918,0.380895,1.3722442492593852
-0.6969745591601326,1.0667225336173616,-2.1134119783582017,0.0,0.0,-7.00445,-0.9035140202114775,0.3969371736103821,-0.901064,0.39693,1.3310774204714437
-0.6607353429294827,1.047559187581203,-2.1804289263897862,0.0,0.0,-6.87036,-0.912269907484232,0.41273788178214454,-0.909651,0.411353,1.2878907377327709
-0.6245968685572263,1.0109570769756873,-2.228680206956652,0.0,0.0,-6.73599,-0.9204526271499873,0.42707913285258076,-0.917841,0.424434,1.245963754622702
-0.5893436381997287,0.9657868395028543,-2.2521416325202446,0.0,0.0,-6.61242,-0.9281156530242538,0.44026832757897466,-0.925568,0.437004,1.207198225454875
-0.5523489543243776,0.9183223278354423,-2.258896993226829,0.0,0.0,-6.49603,-0.9350995030322209,0.4525831284015096,-0.932426,0.449153,1.1703863356152684
-0.514111743490986,0.8722282293569912,-2.2643848476394557,0.0,0.0,-6.37891,-0.9414092970037312,0.4642290924473593,-0.938646,0.460898,1.1336549314840512
-0.47803533272580956,0.8220910799323389,-2.265905196487213,0.0,0.0,-6.25817,-0.9472501419855167,0.47487027250762187,-0.944643,0.471247,1.0972613706389718
-0.44702035624155956,0.7662738304217244,-2.3072952106680322,0.0,0.0,-6.11534,-0.9528483661907285,0.48433375756148267,-0.950607,0.4803,1.056586617983572
-0.4140036891335509,0.7123831595631486,-2.361628399877474,0.0,0.0,-5.96138,-0.9578180228113992,0.4930315290743467,-0.955432,0.489137,1.0128788874610184
-0.3488903306997438,0.6018673567461322,-2.0890994148620425,0.0,0.0,-5.96138,-0.9601375615287162,0.4971236700560316,-0.955432,0.489137,1.0112867815922832
-0.2745432087710607,0.47455745994331555,-1.4980823562506038,0.0,0.0,-5.96138,-0.9608048599650413,0.4983373325742929,-0.955432,0.489137,1.017957637503739
-0.27529080374898357,0.5154950205503709,-3.428988184089671,0.0,0.0,-5.42629,-0.9652469733877688,0.5086365562197137,-0.965301,0.511595,0.9080593284405456
-0.26839921177441195,0.5296198185664484,-3.30354283583161,0.0,0.0,-5.16229,-0.9691960362071189,0.5178182400861506,-0.968698,0.518839,0.7755036287741284
-0.25095084317796845,0.5196530327340438,-3.3020964258349634,0.0,0.0,-4.90262,-0.9723369451267938,0.5256332719243179,-0.971076,0.524913,0.7264693730260976
-0.22277270703684565,0.4948529423898664,-3.4908045897202324,0.0,0.0,-4.62818,-0.97448935561989,0.532308233634376,-0.972453,0.530516,0.6544634216814111
-0.18643155229291072,0.45597403901385214,-3.6167321495269,0.0,0.0,-4.34592,-0.9756512742974013,0.5376556703411609,-0.973025,0.534846,0.5806489063196908
-0.1490030634698852,0.4066425907167008,-3.74445693199712,0.0,0.0,-4.05098,-0.9761598529106766,0.5416900467253798,-0.973455,0.538125,0.5047411748844637
-0.11492977705182009,0.3500838911412258,-3.864729349139643,0.0,0.0,-3.74825,-0.9762913817536423,0.5444573400979175,-0.973829,0.54037,0.427687917799404
-0.08333268175410292,0.29183880573766185,-3.943277122624254,0.0,0.0,-3.46081,-0.9760414343002484,0.5462082105169237,-0.973758,0.541999,0.3547982704484972
-0.05618364103899281,0.23579101206579162,-4.018599095705605,0.0,0.0,-3.17309,-0.9755799857522852,0.5471724183475636,-0.973618,0.543122,0.28216050745155197
-0.030500419508799455,0.18080957088836686,-4.056872677820639,0.0,0.0,-2.89797,-0.9747810550718458,0.5473103560151236,-0.972925,0.543337,0.21310276679215465
-0.007851425640146618,0.12967827719117367,-4.058502184418469,0.0,0.0,-2.63766,-0.9737717798678486,0.5468231165524597,-0.972135,0.543128,0.1480045565769324
0.009033107460369689,0.0847644228404397,-4.006395766111869,0.0,0.0,-2.39961,-0.9727811983018415,0.5459287994829745,-0.971561,0.542683,0.08870819855272306
0.021193285859592736,0.04596393275487744,-3.8857383865417625,1.55643,-0.0572857,-2.18977,-0.9718327823118643,0.5447200036304924,-0.970954,0.541916,0.03669581250200485
0.02982697671140308,0.015514669537386689,-3.7075398529703323,1.55727,0.0137742,-2.00573,-0.9709229328534161,0.5434424836644947,-0.970299,0.541242,-0.008905531685940205
0.03394404920861112,-0.008013502733371512,-3.454757010972798,1.55553,0.0710863,-1.85621,-0.9701735293921214,0.542135315648606,-0.969876,0.540435,-0.045626492777281064
0.03328225926708179,-0.0249536593855244,-3.2074728203291505,1.55553,0.0710863,-1.71653,-0.9696741742793821,0.5408872180613957,-0.969722,0.539663,-0.07981439430606237
0.030555314406399053,-0.03520808558537212,-2.961773415735097,1.54054,-0.632282,-1.5958,-0.9693219312703875,0.5398100588946063,-0.969519,0.539069,-0.10954277809546936
0.03380044683673727,-0.04046718470059149,-2.784376535135057,1.55894,-0.583064,-1.46934,-0.9686185167057435,0.5388990604832484,-0.968384,0.538519,-0.1412134609076884
0.03158697088818657,-0.038534654599627946,-2.313381376176366,1.55894,-0.583064,-1.46934,-0.9682240382422476,0.5383793414181834,-0.968384,0.538519,-0.1407809513511638
0.04426008848307372,-0.04111305473255045,-2.310973997623069,1.57763,-0.52563,-1.32423,-0.9668808510025868,0.5375923338147955,-0.965965,0.537406,-0.177604421726115
0.0692333971346816,-0.05017915795947321,-2.321830450972422,1.56815,-0.539996,-1.17132,-0.9645217516402526,0.5363351820945214,-0.962717,0.53568,-0.21577431348103657
0.10390733516926806,-0.06670895214579112,-2.358256375911421,1.58742,-0.474178,-1.00531,-0.9611217891773546,0.5344395623059791,-0.958616,0.533245,-0.2570155205624381
0.13776649300243432,-0.08628772575391884,-2.3969629310816076,1.62452,-0.329329,-0.834496,-0.9572209072756621,0.5320779035787104,-0.954774,0.530663,-0.29923854347364004
0.17047928726057568,-0.10679210440927232,-2.419030117399643,1.63478,-0.262409,-0.668984,-0.9528540627646997,0.5293417944841372,-0.95049,0.52786,-0.34016719751191116
0.20438991636666912,-0.12832138292755424,-2.472707826717927,1.6431,-0.188724,-0.487637,-0.947884626961569,0.5262098611500531,-0.945434,0.524654,-0.3850296702399614
0.24037457233160195,-0.15043312231655387,-2.5480606429188724,1.64862,-0.108689,-0.291553,-0.9422355111209985,0.5226949539791002,-0.939635,0.521097,-0.43363528880328306
0.27634571189777446,-0.17326251134506102,-2.610492315253335,1.64446,0.05422,-0.0950496,-0.9360115343284088,0.5187788165249123,-0.933412,0.517129,-0.4822023398313964
0.3064378043685414,-0.19486041141936145,-2.669041890584054,1.63754,0.133614,0.104083,-0.9296006719268514,0.5145788202392755,-0.927426,0.513018,-0.5311816117813187
0.3279421235470833,-0.21445966978525108,-2.70903888751918,1.62643,0.209995,0.298726,-0.9232760574079073,0.5101653839552471,-0.921722,0.508749,-0.5787782410052218
0.3491813403526975,-0.231066888699332,-2.7466288342645417,1.61195,0.286613,0.492684,-0.9166248991958718,0.5056361575759682,-0.91509,0.504436,-0.6265796259365037
0.37279825224189145,-0.24624363662126325,-2.7330392504645182,1.5961,0.353613,0.66429,-0.9094767286143111,0.5009357814112224,-0.90777,0.499839,-0.6689253639476889
0.40548440295426863,-0.26133941539738187,-2.670963530954269,1.58076,0.411975,0.812843,-0.9013511373096634,0.4959979299959873,-0.898989,0.494907,-0.7059191138095077
0.4378051003770808,-0.2729997269660779,-2.594982288008432,1.56258,0.46657,0.953112,-0.892726727015658,0.49104565832465513,-0.890391,0.490203,-0.7409053860826565
0.4682284836548932,-0.2785763188814663,-2.5231077818081085,1.54172,0.519893,1.08851,-0.8837106133931487,0.48630900480591976,-0.881512,0.485906,-0.7751648030747533
0.4980239532651202,-0.28085117326184766,-2.43925252907113,1.52059,0.568597,1.21326,-0.8742492358167402,0.48170139740651124,-0.872096,0.481537,-0.8069937138533959
0.5285413356378081,-0.28353068744956633,-2.328160801959707,1.50103,0.610221,1.3219,-0.8642634064466054,0.47703064104664017,-0.862058,0.476837,-0.8348293082702879
0.5609152088291214,-0.28593104357098664,-2.2330271489703835,1.54895,0.371943,1.42935,-0.8536665698807249,0.47233546706869156,-0.851327,0.472162,-0.8627258909230882
0.5936011424581216,-0.28955575330967437,-2.1153707943417497,1.53656,0.41083,1.52047,-0.8425311216216509,0.46752094770334984,-0.840169,0.467259,-0.8866252575572082
0.6254746248726368,-0.29373320091087757,-1.9637328870048645,1.52508,0.441581,1.59085,-0.8309264080293742,0.4626118925331648,-0.828623,0.46231,-0.9054952558585266
0.6618453737589362,-0.2987208050331101,-1.8206848369656425,1.51495,0.471915,1.65392,-0.8185144129838572,0.45758244029432,-0.815886,0.457222,-0.9230702905165645
0.6995969539358783,-0.3052819996953556,-1.651020100888459,1.50659,0.49375,1.69594,-0.8054292018252744,0.45236915931120286,-0.802701,0.451895,-0.9354843877009863
0.7323676138210139,-0.31342396686535445,-1.4613785295019273,1.49862,0.506527,1.72101,-0.7920692445528117,0.4469463973489428,-0.789701,0.446358,-0.9433693311960799
0.7599763139838055,-0.3253814017168749,-1.2766521453535193,1.49183,0.514152,1.73696,-0.7785262040636325,0.4411411305988946,-0.776531,0.440277,-0.948644226981748
0.7844863424293269,-0.3361927817142491,-1.1045052373681294,1.48526,0.519316,1.74265,-0.7647462716667537,0.43522030839833264,-0.762975,0.434439,-0.9519165221763056
0.8069216305879562,-0.34556745840425285,-0.9918282271741415,1.4768,0.528792,1.75939,-0.750711335949861,0.42922148184147924,-0.74909,0.428544,-0.9582047557193544
0.8267849259495645,-0.35671397284209333,-0.8693238554741792,1.47,0.532459,1.76495,-0.7364874651754314,0.4229555276333397,-0.735052,0.42215,-0.961304326415111
0.8452123908495113,-0.3709152340334896,-0.7666932457036301,1.46345,0.535972,1.77209,-0.7220407016967126,0.4163092856951146,-0.720709,0.415283,-0.9645066257353789
0.862717704915613,-0.3863850587387219,-0.6442719651101225,1.45856,0.533785,1.76354,-0.7073600604176912,0.40935196125618256,-0.706095,0.408234,-0.9638412222933662
0.8806080131826715,-0.39980363880485104,-0.5189659263588748,0.0,0.0,1.74416,-0.6923738828790781,0.4022827235044843,-0.691081,0.401313,-0.9608888429223152
0.9019857751923134,-0.409985116825867,-0.3500648567417093,0.0,0.0,1.69498,-0.6768709114728875,0.3952127871323727,-0.675326,0.394477,-0.9511301269170558
0.9232622503662574,-0.4236727112413768,-0.20149032166940137,0.0,0.0,1.64632,-0.661032591754647,0.38774816442419063,-0.659495,0.386759,-0.9406772525278264
0.9455812284845742,-0.4379122522101636,-0.02291299108697939,0.0,0.0,1.57235,-0.6447849305463574,0.3800280520682851,-0.643172,0.378999,-0.924293337639574
0.9683788695726434,-0.4461901447517307,0.1624360786771753,0.0,0.0,1.47775,-0.6281485221894529,0.3724742202979446,-0.626501,0.371876,-0.9037863270624676
0.9839485554790561,-0.44503515542569516,0.31390955995353065,1.33144,0.0526735,1.38192,-0.6116251779477769,0.3654115321299746,-0.6105,0.365495,-0.8837450453588404
0.985271053302683,-0.43665193829395704,0.48543516471408943,0.0,0.0,1.26815,-0.5957945732438067,0.35884516818651613,-0.595699,0.359451,-0.858863799726053
0.9711011594014686,-0.42025983297385744,0.6603738089287765,0.0,0.0,1.13859,-0.5809669811318083,0.352942388085882,-0.581991,0.354127,-0.8301873929944388
0.9454127822575149,-0.396615665563525,0.8127833527247834,0.0,0.0,1.00422,-0.5671275723462702,0.3477813017048923,-0.568984,0.34949,-0.8009367681073761
0.9066989989527151,-0.366497947091903,0.9119611101398567,0.0,0.0,0.885895,-0.5545602624276812,0.343426476153256,-0.557358,0.345603,-0.7758436822122748
0.8576734824480887,-0.3352243718129136,1.0290440283485438,0.0,0.0,0.757501,-0.5432940621153857,0.33962994559276466,-0.546837,0.34189,-0.7475895687862947
0.8080930111438418,-0.3079460656487889,1.0915274126679795,0.0,0.0,0.647348,-0.5328489570736847,0.3360696725928146,-0.536432,0.338041,-0.7236963497202318
0.7625969567530432,-0.2811749301163777,1.1224840766116935,0.0,0.0,0.545599,-0.5229271265374853,0.33291232440544555,-0.526215,0.334847,-0.7027354759224992
0.6506591869075483,-0.23468199729833186,0.9600860963195236,0.0,0.0,0.545599,-0.518125568337053,0.3314870849028823,-0.526215,0.334847,-0.7025242550840843
0.5986992085592615,-0.21445565169567324,1.1513219245610038,0.0,0.0,0.393123,-0.5111499967098966,0.32906929819220365,-0.514905,0.330531,-0.66920290093768
0.5658668319986044,-0.19998780996848267,1.2436641919681877,0.0,0.0,0.25936,-0.5037412953544976,0.3265944492701259,-0.506114,0.32764,-0.639126291176983
0.5344192158777165,-0.18007561984084763,1.2891847697295056,0.0,0.0,0.139953,-0.4967663681446071,0.32471100133565783,-0.499039,0.32615,-0.6137821528986905
0.49762552106549285,-0.1572738039390208,1.2766119356091594,0.914605,-0.477635,0.0483701,-0.4906480218890225,0.3233371761083545,-0.493307,0.324985,-0.5945734437937432
0.4522851639227609,-0.13205829048016726,1.25444659184895,1.11865,-0.312242,-0.0365799,-0.4856833783450752,0.3224877448911742,-0.48896,0.32431,-0.5765056788464131
0.3985386992020958,-0.10458093581388905,1.2077478669058914,1.09216,-0.339617,-0.108114,-0.4819998923026345,0.32219128791052193,-0.485884,0.324177,-0.5613767966881161
0.3389274415083079,-0.0760714656984958,1.1326235935686295,1.213,-0.147263,-0.163534,-0.47956406000689655,0.3224026997942372,-0.483872,0.324463,-0.5498778583417625
0.27738627195012155,-0.05005928631737751,1.0566359647805381,1.20066,-0.165385,-0.211505,-0.4782095906377631,0.3229051720581148,-0.482657,0.324785,-0.539551763677391
0.21860707860713408,-0.030209095442065598,0.9160023642368025,1.19283,-0.172192,-0.224273,-0.4776571909860492,0.3234164818493889,-0.481905,0.324851,-0.5371971973678382
0.17149952899915571,-0.019702426527632315,0.7746353573780078,1.188,-0.174831,-0.228133,-0.47727366825488293,0.3236277122251423,-0.480678,0.324387,-0.5368414913890595
0.14198325256764646,-0.017480017225563665,0.6066147929977046,1.18549,-0.170094,-0.212245,-0.4764809406986854,0.3234593926536057,-0.478614,0.32362,-0.5417511584963202
0.12787097202273448,-0.021402048815525605,0.46590005626430836,1.18337,-0.164885,-0.196455,-0.47514214468901805,0.3229204343275796,-0.476162,0.322637,-0.5466477214967848
0.12733770595248067,-0.03060890407392336,0.34223420846023445,1.18152,-0.158372,-0.177648,-0.473131462342519,0.321969353852826,-0.47317,0.321304,-0.5522787683688846
0.13733268947254654,-0.044047798971276766,0.2230011379228252,1.1799,-0.149685,-0.152128,-0.4704333096928718,0.3205911916009022,-0.469711,0.31962,-0.5595876793912011
0.15370834558140622,-0.05959556291270761,0.11305825574526578,1.17825,-0.139731,-0.122517,-0.4671534231753177,0.31885859370826697,-0.46597,0.317735,-0.567924868246269
0.17391490869780024,-0.07662218799546226,-0.004962359178855472,1.17678,-0.12646,-0.0815252,-0.4633582721824699,0.31677946689466546,-0.461898,0.315549,-0.5790152977745912
0.19776767111998686,-0.0941506885922809,-0.10863250100785442,1.17528,-0.112508,-0.0396891,-0.45899877287713625,0.3143947360438537,-0.457275,0.313128,-0.5905396317273722
0.22235652214233018,-0.11246555152091688,-0.21793685369995125,1.17361,-0.0958452,0.012734,-0.4542089679554111,0.31167756426505494,-0.452432,0.310354,-0.604415356090356
0.24823731931057674,-0.1307572196656351,-0.3046090175449335,1.17172,-0.0798186,0.061623,-0.4489403333143415,0.3086688880424564,-0.44707,0.307347,-0.617612886590955
0.2744091554019017,-0.14742762390131775,-0.3841843436797193,1.16948,-0.0630545,0.11162,-0.4432383658888045,0.30547472380363117,-0.441347,0.30427,-0.6313784326115132
0.29819099303128155,-0.1631737975285437,-0.46452163389682677,1.16656,-0.0450076,0.168258,-0.4372756473393897,0.30207493222507614,-0.435557,0.300937,-0.6465168271127824
0.3162042590034775,-0.17674667641176026,-0.5326893372816764,1.16241,-0.0275247,0.225789,-0.43131376869085114,0.2985668742513522,-0.430012,0.297586,-0.6616148344430398
0.329989235550388,-0.18716708537114501,-0.6469006935385865,1.1577,-0.00279692,0.307452,-0.4253432019602988,0.295050054007537,-0.424347,0.294297,-0.6829749034408363
0.3421111528567622,-0.19710657918642235,-0.7356353370604212,1.15265,0.0210128,0.3871,-0.4192620172889736,0.29139829960605745,-0.418386,0.29068,-0.7036993682957422
0.3553811408688044,-0.20896992543903634,-0.8534820342678571,1.14732,0.0502636,0.486573,-0.41291098516952507,0.28746033107723035,-0.411952,0.286603,-0.7291426947034284
0.36968923359426364,-0.2233714261113855,-0.9707716458030966,1.14103,0.0818071,0.596607,-0.4062790061133027,0.2831647564461366,-0.405245,0.282124,-0.756934528343003
0.38479292671890064,-0.24080093320024976,-1.0761411436393133,1.1338,0.11368,0.711331,-0.39936550194396864,0.2784385820580384,-0.398274,0.277179,-0.7853622442255614
0.4004663510674793,-0.2585625334567201,-1.1404149194349236,1.12575,0.141664,0.812091,-0.3921726748368062,0.2734115815087045,-0.39104,0.272128,-0.8103909335982377
0.41497192340142275,-0.27204456889196155,-1.1938251747266937,1.11581,0.168873,0.907674,-0.3848062774160083,0.2683833092477307,-0.383758,0.267409,-0.8348101148030055
0.4311578056427753,-0.2818627658163828,-1.2331574618309826,1.10566,0.195537,0.997087,-0.3770967087451059,0.2633815338167188,-0.375927,0.262672,-0.8583907833526355
0.45046893602731414,-0.2893621490910427,-1.2695137231697107,1.09517,0.222684,1.08504,-0.3689215617464562,0.2583759595959286,-0.367526,0.257834,-0.8821991470352045
0.4657972385268613,-0.2944292752830125,-1.2902036683580842,1.08236,0.246321,1.16998,-0.3607007338395272,0.2534111871333871,-0.359593,0.253045,-0.9048279052503474
0.4799036414391366,-0.29901332052235763,-1.2868143301528026,1.0701,0.26729,1.24465,-0.3523154305507994,0.24839727621494267,-0.351296,0.248066,-0.9250981600527904
0.4942846183473945,-0.30452776546973004,-1.2813348678272534,1.05782,0.287781,1.31792,-0.3436862732507208,0.2432485136171859,-0.342647,0.24285,-0.9450999311396571
0.5099067636146911,-0.3106059401547683,-1.2667584865303227,1.0455,0.307174,1.38519,-0.3347449690400556,0.23797425279928247,-0.333616,0.237535,-0.9640390630405732
0.5255053603551854,-0.3169044459439459,-1.236847635620714,1.03292,0.323936,1.44435,-0.32555526725344147,0.23258817551609753,-0.324428,0.232133,-0.9811258108872845
0.5424966958076074,-0.32284990195762847,-1.206770618340583,1.02027,0.340605,1.49885,-0.3160239166111161,0.22712466158959685,-0.314796,0.226695,-0.9977594581267936
0.5583157701295022,-0.3310021010258676,-1.1896237602856403,1.00692,0.356392,1.55978,-0.3062982005557613,0.22142013677980438,-0.305155,0.220831,-1.0152645284438369
0.5719103058302818,-0.34223317285691235,-1.1572971927474027,0.993899,0.368852,1.61567,-0.29646643932939476,0.2153816383612456,-0.295484,0.21457,-1.030848107878512
0.5833782065453931,-0.35188017921172393,-1.1191771040690406,0.979518,0.380224,1.6639,-0.28655775332678507,0.2092681623498215,-0.285729,0.208571,-1.0453504733294594
0.5952567844374175,-0.3624606749091274,-1.0447816257994964,0.967737,0.387425,1.69473,-0.27643843182549693,0.2029386230313717,-0.27558,0.202174,-1.055440744665614
0.6115409257676776,-0.3751309417412508,-0.9543155467088961,0.958497,0.393803,1.71267,-0.2658378096564969,0.19630164498588132,-0.264661,0.195386,-1.062889995154786
0.6320370289413183,-0.3888078742473038,-0.8036798117701562,0.952302,0.393688,1.6972,-0.25469819643806313,0.189395393917613,-0.253217,0.188407,-1.0627195461085956
0.6555137874045516,-0.3977507112056057,-0.625028035534786,0.0,0.0,1.65187,-0.24303360011556394,0.18258327398372248,-0.241337,0.181937,-1.0575120351665066
0.675801939282878,-0.40381582890019335,-0.4251950446456631,0.0,0.0,1.58576,-0.2312041683756407,0.175818309206855,-0.229738,0.17538,-1.0469114756119715
0.6911467084261044,-0.40589897453307544,-0.2194277563837956,0.0,0.0,1.49769,-0.2193769238381215,0.1692195431478975,-0.218268,0.169069,-1.0318566592588632
0.7042601487250548,-0.40801033047762475,-0.005805574469751773,0.0,0.0,1.38772,-0.2074516719011904,0.16258558182875327,-0.206504,0.162433,-1.0117713393362715
0.7197723767359672,-0.4127323903007343,0.18386762484650374,0.0,0.0,1.26506,-0.19515802562528742,0.15574525014550597,-0.194037,0.155404,-0.9900547287135002
0.7316796127401525,-0.41308311686486077,0.37928878106067265,0.0,0.0,1.116,-0.1828545028676504,0.14911834603446894,-0.181994,0.149093,-0.9639722446902677
0.7291042189843496,-0.40338497249055366,0.545409722698577,0.0,0.0,0.962849,-0.17131788344772722,0.1431501420475713,-0.171504,0.143851,-0.937505136857281
0.7116387919955168,-0.38428461916115264,0.70088763218621,0.0,0.0,0.801346,-0.16080682211057656,0.13795867052577876,-0.162069,0.139339,-0.9095844961108273
0.6819196300193817,-0.3571418933547389,0.8420991393623067,0.0,0.0,0.63247,-0.15138527872399254,0.13360447060862338,-0.153533,0.135566,-0.8807824366151366
0.6428126899992188,-0.32428343513450775,0.9742327053448433,0.0,0.0,0.456802,-0.14305985008405359,0.13006241050541525,-0.145886,0.132437,-0.8508430743107033
0.5970592063847218,-0.29109742738056166,1.0768626908363512,0.0,0.0,0.292876,-0.13579952284262853,0.12706773941054822,-0.139106,0.129466,-0.8224763578672017
0.5479288814220575,-0.26010332081429915,1.1816397249708388,0.0,0.0,0.126932,-0.12949448789928172,0.12445914202026766,-0.133045,0.126699,-0.7926059163053288
0.4589146398274133,-0.21384137834594943,1.0260234638129273,0.0,0.0,0.126932,-0.12661218804204494,0.12335577793376229,-0.133045,0.126699,-0.7922063607266031
0.42638393867916513,-0.18634598315585044,1.4364623105401906,0.0,0.0,-0.191047,-0.1214200965984964,0.12175198417198208,-0.123771,0.123739,-0.7398744723197002
0.3825824399614313,-0.15606203118019019,1.4634622763046163,0.0,0.0,-0.331192,-0.117493587368492,0.12077246291971681,-0.120659,0.122961,-0.7122774505444989
0.31546981003545604,-0.12220101055444538,1.2574365531133218,0.0,0.0,-0.331192,-0.11580895667453282,0.12051395810549309,-0.120659,0.122961,-0.7119434572202809
0.2606944334546173,-0.09236000964074566,1.270900205645439,0.0,0.0,-0.452627,-0.11438253570082305,0.12053147376244404,-0.118341,0.122688,-0.6906129562436105
0.21277710821296464,-0.06695601143578978,1.2568564027059728,0.0,0.0,-0.551574,-0.11337914801939883,0.12073312362218516,-0.116842,0.122569,-0.6718098818451355
0.1682295278144967,-0.04313548801766649,1.20293119011944,0.614866,-0.200835,-0.62739,-0.11291967011804467,0.12123655694612724,-0.116139,0.122958,-0.6574681578484671
0.12551235607730368,-0.02570744626379373,1.0182710765109673,0.614866,-0.200835,-0.62739,-0.11305194866710892,0.12169852383765073,-0.116139,0.122958,-0.6574697637052406
0.09079338295979239,-0.009123598107613463,0.9504416129602689,0.603351,-0.214275,-0.681668,-0.11333895626231022,0.12238353136378116,-0.115848,0.123582,-0.6477620348584855
0.05825334727234478,0.00581003456274088,0.8439201214493443,0.596252,-0.222659,-0.700052,-0.11403742201727986,0.12322478785263341,-0.116389,0.124304,-0.6437162561286833
0.025641812751142273,0.017396288450958818,0.674350861250828,0.649176,-0.0980972,-0.672953,-0.11526125499518856,0.12408369361818035,-0.117618,0.124921,-0.6478017250828185
-0.0033229910620068553,0.024087985812370385,0.4689790970154917,0.431676,0.333656,-0.616635,-0.1167657940928201,0.12480440962126567,-0.118859,0.125288,-0.6583133617468305
-0.022705334978956614,0.021957422404473945,0.26811803341178664,0.652288,-0.081707,-0.544652,-0.11810029184938813,0.12504896989877093,-0.119501,0.124895,-0.6720918049132086
-0.029696630738518137,0.011888512334995787,0.08532909647066109,0.652381,-0.0703882,-0.468604,-0.11892575847731747,0.12473465215922944,-0.119431,0.124007,-0.6877090690351844
-0.02541910084882801,-0.0018268550491231071,-0.0682264263819655,0.651551,-0.0595276,-0.399597,-0.11911812520212456,0.12401817149947852,-0.118809,0.123027,-0.7034174991598154
-0.013770847311276518,-0.018382855147821342,-0.1904717342928741,0.649902,-0.0492484,-0.333071,-0.1187547869242416,0.12289445613446669,-0.117913,0.121698,-0.7182321224940964
0.004463043482152401,-0.03675557106425529,-0.28913003771707707,0.647303,-0.0397672,-0.273934,-0.11776971263378459,0.12138574513976715,-0.116452,0.120058,-0.7323582427059663
0.02579852389080448,-0.05442242086916639,-0.3778222910784427,0.644347,-0.0302037,-0.216331,-0.11628785589904246,0.11962973415678763,-0.114746,0.118353,-0.7469201248342822
0.04811521668832583,-0.07029935192925471,-0.45354498807433596,0.640965,-0.0208145,-0.161963,-0.11439976539257223,0.11770938170150415,-0.112787,0.116562,-0.7614513804191595
0.06931785539909384,-0.0839043218385504,-0.5302889271820216,0.63721,-0.0107012,-0.103657,-0.1122282557985714,0.11568519338065789,-0.110696,0.114702,-0.7772915229218373
0.08822419002625614,-0.09525550950960882,-0.6038905763151755,0.633017,-0.000159017,-0.042541,-0.10986930828159555,0.11359231879932087,-0.108503,0.112772,-0.7940473621120765
0.10787885989606102,-0.10543962791157807,-0.6699120935512585,0.628316,0.0104144,0.0122292,-0.1071583883907016,0.11139497794536912,-0.105738,0.110659,-0.8111460101991179
0.12669237826248125,-0.11450153212173207,-0.7373958397082008,0.623067,0.0215206,0.0701386,-0.10418860070827585,0.10910887864324431,-0.102829,0.108454,-0.8294573759886451
0.14540613912701747,-0.12224029743024782,-0.7867822514774241,0.617359,0.0318457,0.117308,-0.10092439151074162,0.10676525907051061,-0.099572,0.106206,-0.8468350128806305
0.1640257403442527,-0.12912313107911422,-0.829982676716053,0.611174,0.0419515,0.159272,-0.09736698685460723,0.10435440326725097,-0.0960214,0.103857,-0.8642499132070409
0.18134512216505697,-0.13492931940438682,-0.8798769945600392,0.604298,0.0525116,0.203052,-0.09359762361084434,0.10190459710064194,-0.092346,0.101485,-0.8830880233103912
0.19455919567559704,-0.14255154558529834,-0.9098725873031287,0.596735,0.061311,0.252061,-0.08982254438383233,0.09924183711150504,-0.0888676,0.098691,-0.9005326866547322
0.20519618822926486,-0.1506166570421259,-0.9380463090514981,0.588622,0.0700076,0.298154,-0.08600640590222532,0.09642784320005758,-0.0852377,0.095845,-0.9182058141467653
0.21545428111857876,-0.15650193112752134,-0.9706120471834099,0.579914,0.0792718,0.334408,-0.08204512387606797,0.09362891240882529,-0.0813038,0.0932036,-0.9368143552888027
0.22652457438628804,-0.161978930266032,-1.0083815630579178,0.570883,0.0888531,0.36868,-0.07786601934111714,0.09076280751260415,-0.077066,0.090367,-0.9565441393720125
0.2369456967833883,-0.1714296374028689,-1.0417457408397661,0.561559,0.0973738,0.41395,-0.07355270556569876,0.08754637635065884,-0.0727996,0.0868634,-0.9764149128954163
0.24753338259769653,-0.18377144912846344,-1.0675530090897731,0.551855,0.105377,0.453901,-0.06906164264114621,0.0839876084477827,-0.0682965,0.0830957,-0.9959661312103636
0.2573307114520944,-0.19715508759792102,-1.0838465705201967,0.541334,0.112301,0.488618,-0.06445342573926979,0.08016249837236084,-0.0637454,0.0791953,-1.0148555400057149
0.26731684446876686,-0.21008164823921704,-1.0972145482605424,0.530201,0.119033,0.512088,-0.05967597009157831,0.07615346662748451,-0.0589543,0.0752193,-1.0336679620804057
0.277547719278532,-0.22372613520259432,-1.1210312197731858,0.0,0.0,3.33028,-0.05472255690107097,0.07189014916837776,-0.0539832,0.0709041,-1.0538389543851845
0.2880430401789929,-0.23871674912633337,-1.1335658518274805,0.0,0.0,3.33028,-0.049587967685412744,0.06731953002425443,-0.0488295,0.0662362,-1.0731687468629996
0.2984002269815075,-0.2516653156240896,-1.1519160291854589,0.0,0.0,3.33028,-0.0442945851178915,0.0626440569295985,-0.0435461,0.0617083,-1.0933236368394845
0.30736411940347286,-0.2603699883639403,-1.1592220768860164,0.0,0.0,3.33028,-0.03892759560358925,0.058041962517276634,-0.0382798,0.0574129,-1.1125633293278494
0.31300652507746723,-0.2658972941080438,-1.1182704269931112,0.0,0.0,3.33028,-0.033636760983423226,0.05351064303123829,-0.033229,0.0531112,-1.1266301683089095
0.3166260764586543,-0.26763016326971856,-0.9922316575704438,0.0,0.0,3.33028,-0.028389374923183237,0.04914172964039345,-0.0281278,0.0490165,-1.1313379596092916
0.31529749922693223,-0.26444424131085437,-0.7680984143695075,0.0,0.0,3.33028,-0.023411187414258856,0.04507026227054294,-0.0235072,0.0453005,-1.1247559728454741
0.3073569750788434,-0.2546170149947211,-0.47983078572772203,0.0,0.0,3.33028,-0.018891360378640688,0.04148881365422591,-0.0194652,0.042199,-1.1080658799098815
0.2927094843534318,-0.2396847382037999,-0.13386556462768012,0.0,0.0,3.33028,-0.014941966536090411,0.038402085838273405,-0.0160005,0.0394812,-1.078661673881173
0.2704852524310532,-0.21846657615099582,0.19294653893879576,0.0,0.0,3.33028,-0.011727816498017483,0.03596982237262358,-0.0133339,0.0375032,-1.0420918347016017
0.24328641719663185,-0.19197238026110638,0.49069173705153635,0.0,0.0,3.33028,-0.009198115736133593,0.03422583806407064,-0.0111637,0.0361405,-1.0001865383442938
0.21011014757893848,-0.1655166509537604,0.7718855872774144,0.0,0.0,3.33028,-0.007498753158602609,0.03290321793713066,-0.00989631,0.0348151,-0.9526916548558594
0.1735771936753095,-0.13696641189480332,1.0233356919275916,0.0,0.0,3.33028,-0.00655211491014685,0.03214235353594222,-0.00919225,0.0342056,-0.902397260329177
0.13537507661975173,-0.10797201432510718,1.2423329960130138,0.0,0.0,3.33028,-0.006300349126102071,0.03186765543424607,-0.00906111,0.033963,-0.8522290257436282
0.0969632985417967,-0.07747021110002986,1.4601220052552915,0.0,0.0,3.33028,-0.0066736775064529805,0.0321565194151135,-0.00944959,0.0343608,-0.799496513719953
0.05946864086655543,-0.046940171860617,1.659450424102576,0.0,0.0,3.33028,-0.007600965250191199,0.03293527887679729,-0.0103106,0.0351416,-0.7457293997671184
0.022982127317801568,-0.017925865982203748,1.8458014415336983,0.0,0.0,3.33028,-0.009061521025582095,0.03410231671608049,-0.0116983,0.0361991,-0.6912708341542522
-0.009449183392554635,0.006134762237441322,2.016841951729646,0.0,0.0,3.33028,-0.010837779269335613,0.03540610523913382,-0.0131815,0.0371449,-0.6367342520339416
-0.03465768000560561,0.021710795292852712,2.166603069056537,0.0,0.0,3.33028,-0.012655451979127562,0.036533963361397415,-0.0144772,0.0376596,-0.5833155364424746
-0.054181574384979836,0.03078512957455215,2.312968691206233,0.0,0.0,3.33028,-0.014500662390696738,0.03748122307001591,-0.0159116,0.038137,-0.5290018461467577
-0.06849360931283263,0.03286436491722505,2.424011079828126,0.0,0.0,3.33028,-0.016313708994681795,0.038111239437913114,-0.017348,0.0382615,-0.47725183121915815
-0.07346626812349209,0.031435863967960415,2.541063992552713,0.0,0.0,3.33028,-0.01773833976182924,0.038542633795219265,-0.0180977,0.0384394,-0.4239757029406939
-0.0696267102445653,0.026507907041907572,2.651058752053098,0.0,0.0,3.33028,-0.018659974181595533,0.03871982975715234,-0.0183825,0.0383637,-0.3695194074304317
-0.05940016449122149,0.019579964495176766,2.729493858914375,0.0,0.0,3.33028,-0.019097944052189543,0.038685963161986844,-0.0183589,0.0381853,-0.31723576671627907
-0.045510067051304885,0.013282290956259803,2.802608969712315,0.0,0.0,3.33028,-0.019130098755209896,0.03858291537168318,-0.0181263,0.0381278,-0.26488013622916906
-0.03167552038441944,0.008589026109852595,2.8626936176560904,0.0,0.0,3.33028,-0.018943684255163306,0.03848516921253233,-0.0179439,0.038146,-0.21295476556369622
-0.01928969481963627,0.005365954041041366,2.9201795514591664,0.0,0.0,3.33028,-0.018631689205670172,0.038409522464699704,-0.0177366,0.0381766,-0.16047916116587954
-0.008487737374175063,0.0034900579018297346,2.9793298506696444,0.0,0.0,3.33028,-0.01822622745668178,0.03837136580273025,-0.0174456,0.0382358,-0.10685433005396108
0.0005473365883324546,0.003819547804356255,3.0222087084744453,0.0,0.0,3.33028,-0.01776473969578149,0.03844898868006931,-0.0171118,0.0384728,-0.05410271695072653
0.008427226636512202,0.00473660840928835,3.0504496169935957,0.0,0.0,3.33028,-0.017235057763400768,0.03857072657768134,-0.0166656,0.038637,-0.0024832923223162386
0.013921863504236756,0.007069305358191821,3.0539124108145748,0.0,0.0,3.33028,-0.016736982142296724,0.03880072247174867,-0.0163399,0.0389693,0.046713873471591505
0.017649640427367833,0.008749291657759284,3.072178801526826,0.0,0.0,3.33028,-0.01626779608244833,0.039024892057142144,-0.0159984,0.0391463,0.09754450493056871
0.018095542452518085,0.009808145764681347,3.1085302466086775,0.0,0.0,3.33028,-0.015955924100639143,0.03923487955519572,-0.0159237,0.0393114,0.15076548532979467
0.015924602015537286,0.009386756406741477,3.122267808700827,0.0,0.0,3.33028,-0.01580991216550478,0.03936395263827618,-0.0159668,0.0393335,0.20211445298292094
0.012501437644371463,0.0075299170513849776,3.1300616107875436,0.0,0.0,3.33028,-0.015781417420466723,0.0393913886219009,-0.0160288,0.0392572,0.2529468486231385
0.00926816179392589,0.005689507259146598,2.6839952279470682,0.0,0.0,3.33028,-0.01579514013634774,0.03939020130301577,-0.0160288,0.0392572,0.2538970371612235
0.0065079119808174515,0.004070479975478363,2.0137927978698453,0.0,0.0,3.33028,-0.015829324413996967,0.03937420260412333,-0.0160288,0.0392572,0.24823832021071054
0.0031561424871270624,-0.0013100335540920842,3.5090860403779844,0.0,0.0,3.33028,-0.015946776929926482,0.039083634765683634,-0.016189,0.0386948,0.36821835148527404
0.0005572588946580466,-0.004003246676639611,3.5235910207471774,0.0,0.0,3.33028,-0.016068085902486262,0.03888463103060452,-0.0162559,0.03869,0.4505976769587981
-0.0012568669122316814,-0.003621524588787082,3.506818148366569,0.0,0.0,3.33028,-0.016179098167588307,0.03884581400513712,-0.0163102,0.0388734,0.5043274052686265
-0.0014895092773297665,-0.0013116445661733953,3.482701646329648,0.0,0.0,3.33028,-0.016214587582556228,0.038940571387626084,-0.0162314,0.0391075,0.5578176791925775
-0.002033538868536429,0.0018696664079618894,3.4614974759862065,0.0,0.0,3.33028,-0.016274384492760918,0.03912989549359995,-0.0163137,0.0393598,0.6112379024964045
-0.0027126981655167105,0.006056033182568173,3.4495062165721158,0.0,0.0,3.33028,-0.01635181904431578,0.039436562902950875,-0.0164009,0.0397391,0.6653112088605487
-0.004532948946173827,0.00937122381557475,3.4544066638031956,0.0,0.0,3.33028,-0.016515555532749353,0.03975262038257181,-0.0166471,0.0399922,0.7210465127398514
-0.005304165112325604,0.011024987186588205,3.44349868232692,0.0,0.0,3.33028,-0.016639066350115285,0.04001188711534129,-0.0166948,0.0401314,0.7750787388917008
-0.0060757406198359955,0.010298073528760332,3.449483216842694,0.0,0.0,3.33028,-0.01677494038151355,0.040140232030680775,-0.0168307,0.0400877,0.8308415160876512
-0.005954676897064506,0.008492106927455972,3.4398963575988444,0.0,0.0,3.33028,-0.016864148938928958,0.040185612189290364,-0.0168554,0.0400551,0.8849384736309976
-0.007389009479649231,0.0034942077501911983,3.401680145647733,0.0,0.0,3.33028,-0.017054244768841004,0.03999108428934744,-0.0171579,0.0396299,0.9357037130349344
-0.008505039990039221,-0.00307265410442498,3.3690173172468882,0.0,0.0,3.33028,-0.017246247575353476,0.03961286886345202,-0.0173269,0.0391383,0.986613708493196
-0.007689661822576372,-0.008471784494590495,3.3278270305206914,0.0,0.0,3.33028,-0.017328425115037165,0.03920678015448109,-0.0172695,0.0388166,1.0360401728345374
-0.006105855523030134,-0.009308144636039224,3.299289829428455,0.0,0.0,3.33028,-0.017346757281444934,0.039015941424009076,-0.0172323,0.0389555,1.0862166175592884
-0.004243883539780427,-0.008641198464706611,3.2661927491334626,0.0,0.0,3.33028,-0.01732135954266027,0.0389111016529782,-0.0171868,0.0389593,1.1353823649897028
-0.0030539193266147006,-0.006511067733723263,3.265997219873816,0.0,0.0,3.33028,-0.01731059540795786,0.03891366136958761,-0.0172246,0.0390676,1.1876201780842706
-0.0003463691939747937,-0.0024256881125869195,3.255081902716128,0.0,0.0,3.33028,-0.017180467126495597,0.03907956096398924,-0.0169848,0.0393748,1.2386308438201714
0.0002267751597501335,-0.0007111479397056432,3.241457070383855,0.0,0.0,3.33028,-0.017148119550245294,0.03915409494470862,-0.0171067,0.039278,1.2891833228548404
-0.0004995743944807036,-0.0008883224358310006,3.2197459396811907,0.0,0.0,3.33028,-0.017192508735519096,0.03913100390864318,-0.017245,0.0391182,1.3386215551519447
0.0003698142035522124,-0.0004206866599632486,3.2104195077618547,0.0,0.0,3.33028,-0.01714302829881317,0.03914770526157299,-0.0170802,0.0391815,1.3891087936999373
0.0018116267387405349,0.0004727221112140588,3.201553524864719,0.0,0.0,3.33028,-0.017041795786554306,0.03920003583000187,-0.0169376,0.0392646,1.4394785724026018
0.0037629122562437235,0.001050864340408115,3.1963218135014313,0.0,0.0,3.33028,-0.01688381398366724,0.039245819267178676,-0.0167428,0.0392876,1.490115003441306
0.0052350489561600886,0.0034036459084193296,3.2111719151153175,0.0,0.0,3.33028,-0.016726287229698492,0.039418171012120945,-0.0166199,0.0395882,1.542936652608158
0.00704987002121699,0.003964950143185409,3.2292432808993654,0.0,0.0,3.33028,-0.016522552076788006,0.03950973610225994,-0.0163914,0.0395503,1.5964338989557492
0.0064056377746386246,0.0022227658880582656,3.2324227713632943,0.0,0.0,3.33028,-0.016452343125220776,0.03945800281631987,-0.0164989,0.0393321,1.6484769205333867
0.006263653791422396,0.0004604063157630713,3.221727679589832,0.0,0.0,3.33028,-0.016359239211965308,0.039377060830444455,-0.0163695,0.0392497,1.698970670712099
0.005914030400869845,-0.0013060021069059835,3.203076600846877,0.0,0.0,3.33028,-0.016282133688820616,0.03926765342961324,-0.0163074,0.03914,1.748438297292828
0.004045266543339625,-0.0034513080399348403,3.1927308181831915,0.0,0.0,3.33028,-0.016311049627453347,0.03910493530010742,-0.0164461,0.0389499,1.7985497345651673
0.004487002559343584,-0.005104885937769621,3.2010485003192057,0.0,0.0,3.33028,-0.01621712303473134,0.03894039948102734,-0.0161852,0.0388209,1.850562408510489
0.0033931008018044375,-0.004497995245728925,3.2100589151453125,0.0,0.0,3.33028,-0.016217646758848202,0.03889884169563215,-0.0162967,0.0389427,1.9028216321369993
0.0010180901932654485,-0.0013895924831291203,3.1983125835099346,0.0,0.0,3.33028,-0.01632036458111441,0.03903236436750818,-0.016492,0.039257,1.9528219655302586
-0.00033999057861051245,0.0003944620105130151,2.741235913327311,0.0,0.0,3.33028,-0.016393855275372946,0.03912807133785842,-0.016492,0.039257,1.9537638740760932
-0.0032242106413338254,0.0032867210400161573,2.813993669732567,0.0,0.0,3.33028,-0.016589965428447387,0.03932558447465051,-0.0167984,0.0395346,2.002540213765856
-0.00630458075334112,0.006254938113939481,2.8640592353924874,0.0,0.0,3.33028,-0.016845190209291632,0.039574395197792156,-0.0170678,0.0397889,2.0536589515870953
-0.008741695244621282,0.006505169096438868,2.9159767889342176,0.0,0.0,3.33028,-0.01710717650603366,0.039691016502037914,-0.0172833,0.0397091,2.105980913820321
-0.009855017834039205,0.007177982659796189,2.9571512014537795,0.0,0.0,3.33028,-0.01732064326927951,0.03983957763285623,-0.0174011,0.0398882,2.1578227754789645
-0.009721875922844958,0.0063879186868751265,2.9878392867597325,0.0,0.0,3.33028,-0.017469521796052993,0.03990219572852061,-0.0174599,0.0398451,2.2089158201350854
-0.007345933379063159,0.005363874608274102,2.9936136814968006,0.0,0.0,3.33028,-0.017468002767256664,0.039936704820759984,-0.0172963,0.0398627,2.257414421333308
-0.0038435913442515907,0.00495320300646042,2.998464135094989,0.0,0.0,3.33028,-0.017354004529328934,0.03999537809581494,-0.0171009,0.0399657,2.305865453303061
-0.0012701411818166306,0.004924806729536907,3.010139805501039,0.0,0.0,3.33028,-0.017245376094179393,0.04007275212004824,-0.0170594,0.0400707,2.3551693480467026
0.0012490822751249102,0.003639541212763631,3.0281105881568373,0.0,0.0,3.33028,-0.017099157280815496,0.04006658256842199,-0.0169171,0.0399737,2.405403979104461
0.0047191516698854245,0.0007675317634490758,3.053299679289887,0.0,0.0,3.33028,-0.01684977227528603,0.039934952144442724,-0.016599,0.0397274,2.4567983809236282
0.006326127884121043,-0.0025750632254650835,3.071423781038153,0.0,0.0,3.33028,-0.01666803170681338,0.03972626005410017,-0.0165519,0.0394847,2.5078038360397406
0.006100030201128207,-0.005774037154616108,3.086793060940045,0.0,0.0,3.33028,-0.01658176054855081,0.03947358095909124,-0.0165981,0.0392424,2.558746086756124
0.006256561476109071,-0.007390628638723461,3.112594531752781,0.0,0.0,3.33028,-0.01647381208039806,0.03927432657565573,-0.0164625,0.0391575,2.6111378540757513
0.0054298757429566144,-0.008523608977625234,3.1453419362164317,0.0,0.0,3.33028,-0.016428357718602928,0.03908117734166635,-0.0164881,0.0389993,2.6648434245855963
0.0030846577353199145,-0.008189731507046214,3.177161250605343,0.0,0.0,3.33028,-0.016496517609617598,0.03896687160271484,-0.016666,0.038991,2.719034401728388
-0.0007645612763743015,-0.007700741843371005,3.1996625017390703,0.0,0.0,3.33028,-0.01670162763517805,0.038868162075422374,-0.0169798,0.0389035,2.772600504236484
-0.005606027097875447,-0.005767956479326877,3.2351906676224527,0.0,0.0,3.33028,-0.017033920714700813,0.03887272297102971,-0.0173838,0.0390124,2.8280114513591497
-0.008587648751590786,-0.003319800756273136,3.243743628358351,0.0,0.0,3.33028,-0.01732072648604859,0.03894227858688599,-0.0175362,0.0391192,2.8808217743362876
-0.00910776414285009,-0.0012295564531988792,3.23671426095748,0.0,0.0,3.33028,-0.017492512705557326,0.03902734385092787,-0.0175301,0.0391784,2.931916908890888
-0.0076108430791834965,0.0016974759906313109,3.2341590427857794,0.0,0.0,3.33028,-0.017539278326815615,0.039201171496597846,-0.0174311,0.0394127,2.9834223729708818
-0.005293581481619146,0.002553617730242959,3.2166757631102905,0.0,0.0,3.33028,-0.017507862058289546,0.03928492901484509,-0.0173404,0.0393468,3.033217127128
-0.0019182732218451328,0.0023549775504507426,3.2105864082850357,0.0,0.0,3.33028,-0.017369424151307548,0.03931265517396999,-0.0171255,0.0392983,3.084025559008705
0.0014111971015202504,0.0027594223968943014,3.2057243732263143,0.0,0.0,3.33028,-0.017180011570981358,0.0393770718944977,-0.0169394,0.0394063,3.1348545780891
0.003526692960520785,0.004242904758593289,3.2100722196781164,0.0,0.0,3.33028,-0.017017581008869954,0.039519292850842797,-0.0168647,0.0396265,-3.0965540086560126
0.004576402699587647,0.004450461083886791,3.2097494949178866,0.0,0.0,3.33028,-0.016891759606742496,0.03960090048096374,-0.0168159,0.0396159,-3.045229691657799
0.005049298902074184,0.0034437218917152917,3.2048641639426103,0.0,0.0,3.33028,-0.016787274894845255,0.039605554244690803,-0.0167531,0.0395328,-2.9944253124557667
0.005899061070984599,0.002695367382857523,3.181315284732281,0.0,0.0,3.33028,-0.016650309951302823,0.03961118150142189,-0.0165889,0.0395571,-2.9457765310685673
0.007220286370403996,0.0016698421728209365,3.1653177014264915,0.0,0.0,3.33028,-0.016468581282017343,0.03958651185801425,-0.0163731,0.0395124,-2.8965854589812348
0.009557818085498087,0.001763577581565329,3.14731559663634,0.0,0.0,3.33028,-0.016198526923372914,0.039619426002407566,-0.0160296,0.0396262,-2.8479030312619966
0.009673458894532855,0.0016086132162000985,2.6870356205424697,0.0,0.0,3.33028,-0.01603795704001809,0.03963739884419302,-0.0160296,0.0396262,-2.8471531771817604
0.006833224804567909,0.002048455697928436,3.1832067534118957,0.0,0.0,3.33028,-0.016070944172505344,0.039692213805730514,-0.0162762,0.039724,-2.7754424684195804
0.0032416347520627933,0.002050702508282083,3.263642526906556,0.0,0.0,3.33028,-0.016199045764363873,0.03972513762925739,-0.0164586,0.0397253,-2.704088506762882
0.0023251390122498317,0.00108919529025589,3.3114424546144825,0.0,0.0,3.33028,-0.016207767398914306,0.03969438545557401,-0.016274,0.0396249,-2.6429529275347705
0.0008260651554562412,0.0003686001732334344,3.3606056920317533,0.0,0.0,3.33028,-0.016269666096805573,0.03966417540728971,-0.016378,0.0396121,-2.583273901793534
0.00021937499263676276,-0.0014169278334522383,3.3693588941338053,0.0,0.0,3.33028,-0.0162965561873219,0.039552035148835804,-0.0163404,0.039423,-2.528378638916601
-0.0016671883898328336,-0.0024847794058398863,3.3612033386597577,0.0,0.0,3.33028,-0.01641776330523316,0.03945877066663847,-0.0165541,0.0393816,-2.4754019658705824
-0.003344956360367398,-0.0031613031953009333,3.3480700595561594,0.0,0.0,3.33028,-0.016555352369618817,0.03937429049487726,-0.0166766,0.0393254,-2.423067574046821
-0.004930703933950685,-0.004709336783134083,3.30363286580522,0.0,0.0,3.33028,-0.01671370242807328,0.03922137208694623,-0.0168283,0.0391095,-2.37434607559279
-0.005680883291520455,-0.006362974857506115,3.2661605890127454,0.0,0.0,3.33028,-0.016842186621831127,0.03903670382981851,-0.0168964,0.0389172,-2.325338408855456
-0.004404783233019887,-0.0076283466850444875,3.2190296051395704,0.0,0.0,3.33028,-0.016848720206214324,0.038851244906765774,-0.0167565,0.0387598,-2.2780181683181446
-0.005806068241467473,-0.009265859495141868,3.1960472821142782,0.0,0.0,3.33028,-0.017011833025217537,0.03862093850176546,-0.0171131,0.0385026,-2.2288804102722604
-0.006164296014780163,-0.010485619993755243,3.1882834280268595,0.0,0.0,3.33028,-0.017128411873981567,0.038392048702732905,-0.0171543,0.0383039,-2.178582895000567
-0.006013686714268184,-0.009934790431587253,3.183127677717534,0.0,0.0,3.33028,-0.017217084115754473,0.0382606930777499,-0.0172062,0.0383005,-2.128145122794479
-0.005590178367543106,-0.0073341563876129345,3.169467039080788,0.0,0.0,3.33028,-0.017285305771709128,0.03827365940221874,-0.0172547,0.0384616,-2.0787466534291803
-0.005807351302115906,-0.003529380374463196,3.159962026967271,0.0,0.0,3.33028,-0.017389105515326124,0.03840783940721995,-0.0174048,0.0386828,-2.029081062692217
-0.005678548448365507,-0.0003190486665272784,3.1439143538958905,0.0,0.0,3.33028,-0.01747350822442545,0.03856359824578795,-0.0174642,0.0387956,-1.9803044490087223
-0.0061297488517813355,0.004043048064319087,3.1393119853792246,0.0,0.0,3.33028,-0.01759419300028253,0.03884686338719226,-0.0176268,0.0391621,-1.930505743572662
-0.0050423513198825385,0.008001469566632195,3.145459562869529,0.0,0.0,3.33028,-0.017620383198833547,0.03917323587454619,-0.0175418,0.0394593,-1.8795856698288034
-0.0026643201873823253,0.010436445770056537,3.164625965031142,0.0,0.0,3.33028,-0.01754385370376123,0.039462231034156824,-0.017372,0.0396382,-1.8270469776020957
0.0014533420156010732,0.011823151382923872,3.169723395488281,0.0,0.0,3.33028,-0.017314272008519645,0.03972088663763448,-0.0170167,0.0398211,-1.7758049274864238
0.006001252252162793,0.010256708327268731,3.1783466715077178,0.0,0.0,3.33028,-0.01699036483867477,0.03980650248804412,-0.0166617,0.0396933,-1.724097998264816
0.009202291290514983,0.005933612131917499,3.18703043118562,1.98375,0.0,0.0,-0.016682730198796323,0.03968481815245122,-0.0164514,0.0393724,-1.672238089511614
0.011806032600953089,0.0008824516764901385,3.204197495775864,1.98375,0.0,0.0,-0.016363365151296595,0.0394458333339601,-0.0161752,0.0390808,-1.6192553777594745
0.012571115777292216,-0.00449027344873414,3.2265152934454226,1.98375,0.0,0.0,-0.016123890435748436,0.03910477191933777,-0.0160686,0.0387165,-1.565339443662818
0.013005099114243138,-0.008069145335859387,3.24104681453409,1.98375,0.0,0.0,-0.015894062770153164,0.038796335129155264,-0.0158627,0.0385377,-1.5119633218918378
0.011335590310525591,-0.00963610686561836,3.233353665789704,1.98375,0.0,0.0,-0.015796349236660668,0.038563639956727284,-0.015917,0.0384504,-1.4610121393925684
0.008987482228111666,-0.01608351558060116,3.2145694660853086,1.98375,0.0,0.0,-0.015770208751942093,0.03798323631689225,-0.0159399,0.0375173,-1.4113518948413097
0.008428199232651677,-0.028310407358325504,3.1843940782723883,1.98375,0.0,0.0,-0.015663382171609577,0.03691760350239843,-0.0157038,0.036034,-1.363161843436005
0.01197963443338601,-0.049584699446844765,3.1476923303089457,1.98375,0.0,0.0,-0.015293752356049068,0.03505823398912798,-0.0150371,0.0335208,-1.3160575664523841
0.020785960600004903,-0.0775707506151536,3.1061573847577635,1.98375,0.0,0.0,-0.014519908728035347,0.03241477417251794,-0.0138835,0.0303923,-1.2699944638765635
0.03212203811414144,-0.10855418139861962,3.0198128110507634,1.98375,0.0,0.0,-0.013437926830256235,0.029125386470567036,-0.0126187,0.0268863,-1.2291601048462064
0.04451929374543535,-0.1406221799001407,2.908085043541407,1.98375,0.0,0.0,-0.01210441522482411,0.025268565166615336,-0.0112085,0.0229511,-1.1913554286353187
0.05552101370654558,-0.17570871320054576,2.791959750943498,1.98375,0.0,0.0,-0.010664803738746285,0.020699106291023152,-0.00986974,0.0181635,-1.1554704310866706
0.07052396013509839,-0.21007804195833124,2.6815334573950533,1.98375,0.0,0.0,-0.008784651260117557,0.015615675911126498,-0.00770043,0.0131319,-1.1209412251542388
0.09155146626060652,-0.24413178235913519,2.5812257877413765,1.98375,0.0,0.0,-0.006266179453154032,0.010003199217273766,-0.00474658,0.00754223,-1.087366900910434
0.11617880574860495,-0.2764751271523226,2.521339181884637,1.98375,0.0,0.0,-0.0031732894099028245,0.003958933678200438,-0.00139354,0.00162157,-1.0517275317651626
0.14233360348771618,-0.3058363718536531,2.453291786334356,1.98375,0.0,0.0,0.0004146154255773142,-0.0024056844111463613,0.00230475,-0.00452754,-1.0182511455982899
0.1682882094641642,-0.3300923853448657,2.3950909888408947,1.98375,0.0,0.0,0.0044077627281310814,-0.00890258528833907,0.00628343,-0.0106555,-0.9847630607323906
0.19801840924014566,-0.3515401155970931,2.332227662141243,1.98375,0.0,0.0,0.009065781052860716,-0.015601932116593078,0.0112143,-0.0171519,-0.9527938727416585
0.23200441472646388,-0.3704793746045089,2.274793139973336,1.98375,0.0,0.0,0.014480825796828125,-0.022478612364907648,0.0169369,-0.0238473,-0.9212331773597331
0.2661022838616136,-0.38801297549435637,2.202125883571718,1.98375,0.0,0.0,0.02044704172168495,-0.029565395372137745,0.0229112,-0.0308325,-0.8921997889564913
0.29988881257214556,-0.4038112913585078,2.156453764694166,1.98375,0.0,0.0,0.026938241429266534,-0.03681799960031273,0.0293799,-0.0379597,-0.8614803412573765
0.3362069764901835,-0.4191776134117994,2.1144047540536137,1.98375,0.0,0.0,0.03413738718571767,-0.04429481859294221,0.036762,-0.0454053,-0.8313298493311184
0.37338847080911397,-0.4329831069531037,2.0219237239257573,1.98375,0.0,0.0,0.041974696695982125,-0.051914315333512685,0.0446617,-0.052912,-0.807109021875157
0.40469454300188556,-0.44655384304538853,1.8929380259865063,1.98375,0.0,0.0,0.05001849713108219,-0.05973918060219574,0.0522809,-0.0607199,-0.7872106791660061
0.4311406619306229,-0.4628736456089122,1.7748310268526641,1.98375,0.0,0.0,0.05824191245249502,-0.06796291320524224,0.0601531,-0.0691423,-0.7679781129825088
0.4560167521606162,-0.48156923711309446,1.6582882926098974,1.98375,0.0,0.0,0.06678467406500424,-0.07660482153845656,0.0685824,-0.0779559,-0.7507542858247885
0.4822935325079579,-0.4995310431635854,1.5775463807057213,1.98375,0.0,0.0,0.0758180500813489,-0.0854973501747345,0.077717,-0.0867954,-0.7319923250585979
0.5083621507219607,-0.5177579432120542,1.500913915348471,1.98375,0.0,0.0,0.08525809338044966,-0.09469479256793335,0.087142,-0.096012,-0.7144503129606328
0.5320485436265584,-0.5361938921424754,1.3963471403567485,1.98375,0.0,0.0,0.09495775018572437,-0.10419768518597368,0.0966695,-0.10553,-0.701000899871693
0.5515352057558749,-0.549022860012131,1.2566834723894016,1.98375,0.0,0.0,0.10475875306197699,-0.11362488613100864,0.106167,-0.114552,-0.6924811034259694
0.5685590770546931,-0.561263107070182,1.1057983466559884,1.98375,0.0,0.0,0.11470873211364961,-0.12321843134859341,0.115939,-0.124103,-0.6870774549210017
0.5853996715063471,-0.5771066760785478,0.9882481375520243,1.98375,0.0,0.0,0.12491897702225001,-0.13324602928129387,0.126136,-0.134391,-0.6809037748262677
0.605993143122515,-0.5925231816723482,0.8936723733930426,1.98375,0.0,0.0,0.13564676701508555,-0.1434988919678798,0.137135,-0.144613,-0.6746463457258731
0.6312746939372784,-0.6055149284649067,0.8291205769947957,1.98375,0.0,0.0,0.1470139725549148,-0.15383812255045126,0.148841,-0.154777,-0.6669841192686575
0.65581398556488,-0.6118790589426187,0.7365265938318759,1.98375,0.0,0.0,0.1587366135643706,-0.16394708196996788,0.16051,-0.164407,-0.6634505579564877
0.6776629876643977,-0.61786894994613,0.6463575449825932,1.98375,0.0,0.0,0.17067403331492498,-0.1741331272171289,0.172253,-0.174566,-0.6610455315613166
0.7000684200262932,-0.6243510999490874,0.5600981746336979,1.98375,0.0,0.0,0.1829978216456295,-0.18444755302673732,0.184617,-0.184916,-0.6597444603984746
0.7268873905076191,-0.6340770349633476,0.4817762656706589,1.98375,0.0,0.0,0.19597186750657328,-0.19508013369522445,0.19791,-0.195783,-0.6590465973855415
0.7543267795078569,-0.6427030944489179,0.4176081099486635,1.98375,0.0,0.0,0.20941603158373784,-0.2057956186442221,0.211399,-0.206419,-0.6581529170326089
0.7756509573668284,-0.6449226509683994,0.3605253433329335,1.98375,0.0,0.0,0.22289496090482439,-0.2162255988162782,0.224436,-0.216386,-0.6575749860181082
0.6971009949245676,-0.5715109963451398,0.30679795684893396,1.98375,0.0,0.0,0.23011258757344172,-0.22169125634161202,0.224436,-0.216386,-0.6575741422345532
0.5754737897266755,-0.46708896329576677,0.26115306486959017,1.98375,0.0,0.0,0.23322566023855593,-0.2239322902434525,0.224436,-0.216386,-0.6575771224359822
0.7180769581567957,-0.589114236959982,0.08663535984823159,1.98375,0.0,0.0,0.25186046517000094,-0.23947257245921946,0.262166,-0.248291,-0.6723134403293892
0.8326226983239214,-0.685523045322542,-0.006759531869256749,1.98375,0.0,0.0,0.2709220975668658,-0.2552718032438779,0.2792,-0.262239,-0.6812526832875423
0.9074188341363402,-0.7472307834108209,-0.08858395725617386,1.98375,0.0,0.0,0.2891886910489444,-0.27031955319282164,0.294594,-0.274779,-0.6903861709142743
0.9484421003318141,-0.77961917650495,-0.1554512283186339,1.98375,0.0,0.0,0.30641936251492935,-0.28441638080623494,0.309384,-0.286757,-0.6991966730916206
0.9685581432151587,-0.789864589959335,-0.21105633306828078,1.98375,0.0,0.0,0.3229242694633069,-0.2975675924314708,0.324378,-0.298308,-0.7078261458803042
0.9754437658991126,-0.7865516735418957,-0.2632454212920488,1.98375,0.0,0.0,0.3388763951769312,-0.3099864152661869,0.339374,-0.309747,-0.7169603764194827
0.9818864217564882,-0.7803638501627123,-0.2964181577659062,1.98375,0.0,0.0,0.35490940715892355,-0.3221621768058036,0.355375,-0.321715,-0.724832901490117
0.871718005454498,-0.686900663459765,-0.25368797125832315,1.98375,0.0,0.0,0.3633365653976324,-0.3284693248617363,0.355375,-0.321715,-0.7249027079625189
0.8333581774994926,-0.6416127070696411,-0.25367200379492383,1.98375,0.0,0.0,0.37474815820247914,-0.33646583479810344,0.371976,-0.333193,-0.7289600142878974
0.8387428873972893,-0.631389510427175,-0.25106138751747126,1.98375,0.0,0.0,0.3884378619744422,-0.34605580202125025,0.388827,-0.345317,-0.732736374207558
0.8651728303657505,-0.6356602561792318,-0.2476655078668649,1.98375,0.0,0.0,0.40360498144420726,-0.3564403650686558,0.405515,-0.356749,-0.7363860842917928
0.8957220154141529,-0.6456336447010459,-0.2685785954388779,1.98375,0.0,0.0,0.4194672952623688,-0.36727025091766086,0.421675,-0.367991,-0.7426105341233835
0.933265939250208,-0.6602143572215747,-0.281317520133246,1.98375,0.0,0.0,0.43628080492161087,-0.37856429241144707,0.438994,-0.379618,-0.7482976592635708
0.9672961408480139,-0.6799742238257905,-0.32718422387754853,1.98375,0.0,0.0,0.45346273186662794,-0.39043400933353967,0.455922,-0.391862,-0.7577926921897701
0.9991409081527481,-0.706557021060322,-0.3844488565796318,1.98375,0.0,0.0,0.47104466713183885,-0.4030709350910284,0.473346,-0.404992,-0.7693688565062166
1.0292552256826026,-0.7359275226742228,-0.43765883508276576,0.0,0.0,-12.2985,0.4890217219298697,-0.41631747543979064,0.491198,-0.41844,-0.7814718221886956
1.057072284730805,-0.7650272507537371,-0.4937254769458308,0.0,0.0,-12.2371,0.5073287384185411,-0.43001604349091027,0.509339,-0.432119,-0.7947559264704392
1.0790495059312397,-0.7895946409969666,-0.5416098335876481,0.0,0.0,-12.1763,0.5256947672766951,-0.4438805829554773,0.527283,-0.445656,-0.808048412660893
1.0943155275154668,-0.8072126871991339,-0.5988413207597613,0.0,0.0,-12.1082,0.5439687670292062,-0.457678792744006,0.545072,-0.458952,-0.8231433788114371
1.1084161960775079,-0.8288914392445936,-0.6660072641636565,0.0,0.0,-12.0358,0.5624099838547619,-0.4720273368133761,0.563429,-0.473594,-0.8403633271598467
1.1215497303114565,-0.8498590521809126,-0.7745379532919091,0.0,0.0,-11.9387,0.5810128759659483,-0.486675728861245,0.581962,-0.488191,-0.8636022616699927
1.1323777330536717,-0.8592070074365389,-0.908032882573685,0.0,0.0,-11.8148,0.5996734903220757,-0.5008914492423509,0.600456,-0.501567,-0.892573694261024
1.1278138119081018,-0.8524156131444298,-1.0285417236816339,0.0,0.0,-11.6854,0.6174898219025904,-0.5141897951989572,0.61716,-0.513699,-0.9231816770794552
1.1081582628934887,-0.8282317847068532,-1.148766944655276,0.0,0.0,-11.5457,0.6342354519240546,-0.5262296980983652,0.632815,-0.524482,-0.9558564563220017
1.0720464467485944,-0.7924276641578449,-1.2635847189407254,0.0,0.0,-11.4025,0.6495787006339526,-0.537114464328018,0.646969,-0.534527,-0.9900012103136804
1.0321445063969346,-0.7502430684046848,-1.3918045801156957,0.0,0.0,-11.2419,0.664093602381388,-0.5470045635460242,0.66121,-0.543956,-1.0279624354914305
0.9899266133102528,-0.7073853346550498,-1.5130490025359025,0.0,0.0,-11.0743,0.6778169698518177,-0.5561752093590481,0.674766,-0.553078,-1.067993578030431
0.945859538012119,-0.6658723343910713,-1.6212900972979645,0.0,0.0,-10.9061,0.6907426051132002,-0.5647490292057175,0.687558,-0.561749,-1.1082415932111849
0.8973078331233536,-0.6205392031904204,-1.7365790718342353,0.0,0.0,-10.7283,0.7026666968353875,-0.5724060994561644,0.699158,-0.56913,-1.15073726987161
0.845755127458747,-0.5680824017559805,-1.8314270610222434,0.0,0.0,-10.5512,0.7136155708246598,-0.5788669073143622,0.70989,-0.575076,-1.192438392064606
0.7924966935045474,-0.5176527028704777,-1.9160085898564312,0.0,0.0,-10.3795,0.7236268390696253,-0.5846224142444534,0.719778,-0.580978,-1.2333941656896132
0.7411812844876458,-0.4719302613922489,-1.9973430375282248,0.0,0.0,-10.2069,0.7329144220551416,-0.5898822338284186,0.729206,-0.586578,-1.2747092695371292
0.691488011253751,-0.4344082669024144,-2.0715063900409807,0.0,0.0,-10.0359,0.7414881948084066,-0.5949526103054577,0.737897,-0.592241,-1.3162352673583293
0.6416525133698135,-0.3976810343286271,-2.120860814274688,0.0,0.0,-9.87241,0.7492574729887641,-0.5994751750696382,0.745656,-0.596821,-1.3556229231232082
0.5892377245176168,-0.3602244155992269,-2.1561992031453143,0.0,0.0,-9.7149,0.7560588711817547,-0.6033618857808654,0.752271,-0.600655,-1.3937017376205538
0.5352347798391276,-0.32273596452036474,-2.1844001285025283,0.0,0.0,-9.55957,0.7619166427914145,-0.6066471862163304,0.758014,-0.603938,-1.431375640578596
0.4855698594798004,-0.2927453445473278,-2.212473927713991,0.0,0.0,-9.40448,0.7671971458249259,-0.6098283387913317,0.763608,-0.607661,-1.4694455607370063
0.43634674978474486,-0.26976245790098274,-2.2536142896664617,0.0,0.0,-9.2441,0.7717122173955717,-0.6129929093713362,0.768155,-0.611332,-1.5094558481156417
0.3884641839373847,-0.2516225996520111,-2.317041832454147,0.0,0.0,-9.07062,0.7755283400157374,-0.6161099171630197,0.772068,-0.614799,-1.552969036580991
0.344404542812071,-0.23180057684524857,-2.423234682331242,0.0,0.0,-8.86642,0.7788310678661826,-0.6188254825225481,0.775647,-0.617393,-1.6037215327146883
0.301950870199565,-0.21231522538446776,-2.5230348350445007,0.0,0.0,-8.64799,0.7815350089831521,-0.621246152219649,0.778467,-0.619838,-1.6585016733933167
0.2593477319518203,-0.19288838093379948,-2.633962896609558,0.0,0.0,-8.40991,0.7835498104493944,-0.623358924080561,0.780471,-0.621955,-1.7184377414197045
0.21645443174344808,-0.1740906779371716,-2.759530743520568,0.0,0.0,-8.14106,0.7848637796482173,-0.6252024577754361,0.781764,-0.623844,-1.786584995539544
0.17535569724043254,-0.15565596996678818,-2.8652653381553463,0.0,0.0,-7.84524,0.7856100913700053,-0.6267692251332918,0.78264,-0.625437,-1.8617224474446683
0.13645582326626926,-0.13604466468249243,-2.9446754967294964,0.0,0.0,-7.54215,0.7858441858280327,-0.627963254552574,0.783033,-0.626546,-1.9379261624965405
0.10359968254570799,-0.11293382976220716,-3.0398277415182076,0.0,0.0,-7.23493,0.7858554220153217,-0.6286121558376528,0.783481,-0.626942,-2.014169036969549
0.07540089013146611,-0.0870903693623212,-3.151260670296156,0.0,0.0,-6.92446,0.7856488483913651,-0.6287106350898138,0.783611,-0.626843,-2.091148030088628
0.05144963478351025,-0.06063998075079981,-3.275980053896767,0.0,0.0,-6.60542,0.7852718906872678,-0.6283554961056186,0.783541,-0.626444,-2.170313860722403
0.030758915984002974,-0.0367286663100804,-3.394176091427346,0.0,0.0,-6.28514,0.7847272607687011,-0.6277450042688578,0.783232,-0.626017,-2.249884521322547
0.010976461887828783,-0.013728445461922395,-3.516346272522636,0.0,0.0,-5.96534,0.783911623001756,-0.6268121620659467,0.782482,-0.62515,-2.329167068598124
-0.002568196120118174,0.005616168772927175,-3.6557034107837842,-0.834237,-0.929972,-5.63568,0.7831918348070943,-0.6257529815312998,0.782213,-0.624355,-2.4108170884424776
-0.012445272935026602,0.020496877446538414,-3.780023112033337,-0.754651,-0.994776,-5.30466,0.7824977889028356,-0.6246793874771451,0.781784,-0.623604,-2.49296232706113
-0.019900825938777504,0.03015493954785691,-3.905104575931811,0.576155,-1.46886,-4.97278,0.7818057921040108,-0.6237129613179087,0.781267,-0.623015,-2.575441042813498
-0.022237795334664176,0.03184947788326782,-4.009136942095055,0.691387,-1.41816,-4.65277,0.7813328862861258,-0.6231184595780627,0.781164,-0.622996,-2.6551095756878906
-0.022924923360643824,0.031328199465659554,-4.112587478232983,0.800145,-1.3594,-4.33819,0.7809316568335918,-0.622643328656874,0.780882,-0.622681,-2.7333526170856497
-0.021464099714124142,0.03393760600074139,-4.2271159465481665,0.906607,-1.29034,-4.01381,0.7806614303332428,-0.6219695745613436,0.780767,-0.621781,-2.8135483613308137
-0.013167856868089042,0.0439941165187286,-4.336823741198508,-0.302921,-1.20804,-3.67632,0.7808664535765287,-0.6207617560780893,0.781466,-0.620035,-2.895892702396195
-0.0014588893417365485,0.05742751062409608,-4.419752199304901,-0.203748,-1.22711,-3.34296,0.7814298254444515,-0.6191697940739467,0.782276,-0.618199,-2.977048210024511
0.00978962506229183,0.07358612833870568,-4.480150969601084,-0.106726,-1.23758,-3.01937,0.7821501011124604,-0.6171827384134992,0.782963,-0.616015,-3.0555342360608173
0.014091439032399908,0.09303584199950246,-4.524265167217348,-0.0115765,-1.24022,-2.70331,0.782591119854845,-0.6147195767748461,0.782902,-0.613314,-3.1322250868119728
0.017519919769883503,0.11386327924700576,-4.541250464927469,0.0802292,-1.23559,-2.39535,0.7830432332214418,-0.6118541410311332,0.783291,-0.610349,3.0767645124841785
0.017284675958639754,0.11157478274462806,-3.8113177071790822,0.0802292,-1.23559,-2.39535,0.7833080004167299,-0.61018361671523,0.783291,-0.610349,3.0760817611506504
0.015163233846300049,0.09747848433949331,-2.3560109906466957,0.0802292,-1.23559,-2.39535,0.78344431072808,-0.6093302996738613,0.783291,-0.610349,3.093819621568903
0.01300300419918931,0.13707112201082078,-5.7258896539087605,0.330822,-1.18812,-1.54,0.783544113795466,-0.6051532499359251,0.783388,-0.602292,2.9384922407940404
0.009865437028218474,0.16649914408227798,-5.603034358948711,0.429634,-1.1531,-1.18783,0.7835447432632658,-0.6010146814038847,0.783318,-0.598888,2.772881874093375
0.007722061643098327,0.18896481996229214,-5.544658741203248,0.517596,-1.1132,-0.860602,0.7835608957847732,-0.5968655319860682,0.783406,-0.595242,2.705475908287976
0.009988009269911126,0.20342617665838938,-5.377079781350785,0.596791,-1.06918,-0.551727,0.7838342462598261,-0.5928860820746924,0.783998,-0.591841,2.6323985767972324
0.018558508605861883,0.20983818167057286,-5.207546194498633,0.667484,-1.02236,-0.2607,0.7845606338218887,-0.5892073777896427,0.78518,-0.588744,2.563059246257471
0.027378217471772562,0.21273585794455196,-5.007728450477146,0.729118,-0.97519,0.00746227,0.7854406241414641,-0.5856584070145586,0.786078,-0.585449,2.499437072557147
0.035568437920532936,0.2144459409760549,-4.793677138634055,0.783589,-0.927758,0.259107,0.786420115520649,-0.582141582950066,0.787012,-0.582018,2.440100320239813
0.04462922613571797,0.21674727544422523,-4.570899527626571,0.831044,-0.880596,0.495125,0.7875882020066118,-0.5785583110488939,0.788243,-0.578392,2.3850055383489708
0.045956994517002,0.22088352343995657,-4.3305516808033335,0.871618,-0.835945,0.708463,0.7883900458676331,-0.5748169151521301,0.788486,-0.574518,2.3351800123289115
0.04366353800380646,0.22938777675215097,-4.080718251333389,0.906195,-0.793628,0.905419,0.7889737417309728,-0.5707205787620062,0.788808,-0.570106,2.2899654085280936
0.042555259890646964,0.23993426964871173,-3.857478332998383,0.937371,-0.751011,1.09799,0.7895990921804349,-0.5663531657434148,0.789519,-0.565591,2.2461730716070587
0.04030792028037945,0.24761784664591943,-3.6776620782154863,0.96635,-0.706689,1.28969,0.7901314089905114,-0.5620062707645659,0.789969,-0.561451,2.2021214248884338
0.036048954785903455,0.2552881827646345,-3.535505907707769,0.993609,-0.660882,1.48378,0.7904947836048544,-0.5575373138830604,0.790187,-0.556983,2.157636120835909
0.029728702889014382,0.26379188815929333,-3.4315261999583897,1.01969,-0.61277,1.68367,0.7906537470468911,-0.5528905391655281,0.790197,-0.552276,2.111821015839172
0.02260021863292197,0.27628594381611055,-3.3505293190957883,1.04378,-0.563178,1.88762,0.7906581557542164,-0.5478439106937576,0.790143,-0.546941,2.065512581131288
0.017926269186341073,0.2912982710594955,-3.252581421847103,1.06355,-0.516065,2.08005,0.7907107733422452,-0.5424308991855455,0.790373,-0.541346,2.0224580626348323
0.016151432109441474,0.3041916601627875,-3.1600078442416675,1.08024,-0.468901,2.26894,0.7908802625450396,-0.5369177694125836,0.790752,-0.535986,1.980232816294953
0.017917025428036335,0.3171470256456733,-3.0688530542384016,1.09428,-0.422755,2.45432,0.7912554054756937,-0.5311942482733661,0.791383,-0.530258,1.9393732440267961
0.02241871052277057,0.32890415009519625,-2.9614505851068227,1.10472,-0.379614,2.62753,0.7918396757239113,-0.5253426547226057,0.792165,-0.524493,1.9016880898560402
0.02986675042268503,0.33538065413001367,-2.8323297550230224,1.1113,-0.340287,2.78453,0.792690750847132,-0.5196520389548297,0.793229,-0.519184,1.8678305217356106
0.04152620776734872,0.3415591293530107,-2.66166620376988,1.11452,-0.30776,2.91975,0.7939394034077426,-0.5138775012405252,0.794782,-0.513431,1.8401054642206265
0.046297125485402574,0.34876095672932295,-2.462816897636856,1.1167,-0.281297,3.03324,0.7949192190301538,-0.507936456057767,0.795264,-0.507416,1.8174972199479595
0.04559632827952044,0.35776748149274995,-2.258543359466008,1.1173,-0.258802,3.13342,0.7956136446672504,-0.5017608765244739,0.795563,-0.50111,1.7983915797126706
0.04438089535983189,0.3664294077442469,-2.0756505599689827,1.11634,-0.237584,3.22942,0.796262835960626,-0.4954639733473133,0.796175,-0.494838,1.7804721068127287
0.04010317961872382,0.3757237155688721,-1.9214944365675604,1.11494,-0.21683,3.32436,0.7966901386330902,-0.4889866738068435,0.796381,-0.488315,1.7628362780840983
0.03146154104274084,0.3882555337598318,-1.778906210500665,1.11365,-0.198042,3.41435,0.7967605072133631,-0.48214663968719557,0.796136,-0.481241,1.7467282255945473
0.0207595468905492,0.40538684835896605,-1.6733840238842268,1.11246,-0.177732,3.51248,0.7965564033871758,-0.4748020325151861,0.795783,-0.473564,1.7291610560187975
0.01143305620264045,0.42443535305804325,-1.562549920720126,1.10998,-0.160185,3.60214,0.7962719995729689,-0.4670565825177435,0.795598,-0.46568,1.7140425502747239
0.003802154471524909,0.44367011877022694,-1.4474407511104863,1.10645,-0.145094,3.68406,0.7959504640694175,-0.45899404308372654,0.795399,-0.457604,1.7011178468425392
-0.0025667452587503064,0.4617392453719757,-1.3509733997971245,0.530121,1.35525,3.7671,0.7955902626906659,-0.4507008055833678,0.79513,-0.449395,1.688069638961603
-0.008739773540620811,0.4794300998524806,-1.2498071157517936,0.0,0.0,3.84268,0.7951411076052217,-0.44214346890800765,0.794695,-0.440865,1.6771506322466994
-0.014963941447852467,0.4992427897299331,-1.1864992047161604,0.527457,1.3637,3.93045,0.7945898033238803,-0.43316280805767376,0.79414,-0.431731,1.6638339063787444
-0.02173090146504741,0.5164418351565548,-1.114161466827742,0.512067,1.36894,4.00897,0.7939030294017877,-0.42403792723393197,0.793414,-0.422795,1.652598986802277
-0.03150385067410378,0.5317686858177867,-1.015949449551857,0.517188,1.3704,4.07202,0.7929092638900278,-0.4147616289192054,0.792203,-0.413654,1.6452563960210145
-0.04420266339435381,0.5366202008425458,-0.8984244468921954,0.511878,1.37122,4.11637,0.7915657079179156,-0.4059326055133019,0.790648,-0.405582,1.6414577898857778
-0.05844266874708632,0.5319711225373911,-0.731033680154709,0.501111,1.36955,4.13004,0.7899170856280229,-0.39765402402605354,0.788888,-0.39799,1.6448207388989813
-0.07616261274038083,0.5206431347887348,-0.5522576785821345,0.510754,1.36438,4.12622,0.787810571126286,-0.3898913577946216,0.78653,-0.39071,1.6520606666568793
-0.1012535705185216,0.5052796121938423,-0.3896275975874391,0.0,0.0,4.11382,0.7849332538157971,-0.38257672090202377,0.78312,-0.383687,1.660629708136028
-0.13230821721530686,0.4857331144175239,-0.19423994717951681,0.0,0.0,4.0725,0.7812602330467844,-0.37578442890599195,0.779016,-0.377197,1.67561470321309
-0.16535819720549486,0.46109504374061516,0.02521561685554982,0.0,0.0,4.00319,0.7769584302408509,-0.3696414750768859,0.77457,-0.371422,1.6968598176086955
-0.197254774368641,0.43008484907846783,0.23671789472774846,0.534464,1.32857,3.91614,0.7722040770227004,-0.36431397937827087,0.769899,-0.366555,1.72141796059896
-0.22740466395765813,0.3976702668173098,0.4553542424390008,0.550194,1.3142,3.8081,0.7670548487640266,-0.3595754881878874,0.764876,-0.361918,1.7507953053185876
-0.2499113806975471,0.3655457805477668,0.6677949988615273,0.577557,1.2958,3.68514,0.7619284978949995,-0.35533645261931307,0.760302,-0.357658,1.7837446442342761
-0.2594644989828975,0.3327850262790733,0.8938808924314352,0.5967,1.2768,3.53826,0.757298377319863,-0.3516534712985707,0.756608,-0.354021,1.8225172111495993
-0.2595219177199382,0.29797326138535024,1.1405328101047885,0.5967,1.2768,3.35839,0.7531431494926163,-0.3486302504584195,0.753139,-0.351146,1.869014627341511
-0.2547797340063635,0.26330434998665037,1.3371109291613728,0.658631,1.22819,3.17855,0.7493042955568343,-0.346154574083657,0.749647,-0.34866,1.9146219566152867
-0.22284354644385218,0.21475309463805287,1.1711928057775578,0.658631,1.22819,3.17855,0.7473390604437753,-0.34515133565163153,0.749647,-0.34866,1.91459178270552
-0.21049715191323612,0.1826685159083448,1.4589088260008625,0.926526,1.09249,2.99494,0.7445897603656294,-0.34383633662635354,0.745482,-0.346155,1.9593423660813574
-0.21425364500321242,0.16470028558766425,1.649483716355999,0.971503,1.04664,2.80638,0.7409734713200525,-0.34210148591057454,0.740702,-0.3434,2.008387406729421
-0.22813193626235279,0.153732154463455,1.8196746765955745,1.13666,0.888607,2.60631,0.7366279455553228,-0.3401913636331866,0.735625,-0.340984,2.058220719825636
-0.24910268860542112,0.14363388814046568,1.971913074884776,1.17399,0.830729,2.40257,0.7315914980149594,-0.33839922634588115,0.730076,-0.339129,2.108054770299117
-0.2699218273674876,0.134030182362304,2.118229510740433,1.20963,0.769033,2.1939,0.7262295413226438,-0.33673596686256374,0.724725,-0.33743,2.159095709221007
-0.29173057241965056,0.1241330702835048,2.23912005317201,1.24177,0.707085,1.98769,0.720469057420097,-0.3352457632043011,0.718893,-0.335961,2.208996618223733
-0.31716406916207757,0.11887659884065004,2.3362347795902783,1.27084,0.645604,1.78896,0.7141200081551707,-0.33360712941133364,0.712282,-0.333987,2.257189951500638
-0.3420339884358995,0.11575540520022756,2.4064766632461367,1.29524,0.585506,1.59853,0.7074012799771362,-0.3319114400063011,0.705604,-0.332137,2.303143282583079
-0.3646083619040884,0.11150864736019168,2.460767338340741,1.35248,0.400355,1.41055,0.700436387258803,-0.33034009860841906,0.698805,-0.330647,2.347990431996079
-0.38347482927868565,0.1063268002857492,2.5242538808081236,1.36537,0.335901,1.21471,0.6933554271860042,-0.32889852230713185,0.691992,-0.329273,2.3946232287014295
-0.4031664181334213,0.1016243251953997,2.602531689255703,1.36288,0.143634,1.00574,0.6859180564231814,-0.32750816518872405,0.684495,-0.327848,2.444161799087776
-0.4269885399020201,0.10063553605310609,2.6887113380178147,1.36619,0.0732669,0.786385,0.6778925585622214,-0.3259475429555485,0.676171,-0.326019,2.496262107998063
-0.45431091149290026,0.1032398615757466,2.7732415798716543,1.36609,0.00109164,0.560517,0.669254511893163,-0.32416520737068955,0.66728,-0.323977,2.5498513318137728
-0.48457308032669966,0.10958759455840264,2.8236781940961415,1.36263,-0.0667688,0.345855,0.6599849628731346,-0.32209373302861677,0.657798,-0.321635,2.6005794118886496
-0.44434765288194134,0.10023138508190967,2.4441701508889553,1.36263,-0.0667688,0.345855,0.6548910201050427,-0.32095885273273916,0.657798,-0.321635,2.601734199615892
-0.47389380060708414,0.10665702925506912,2.798224630440921,1.36433,-0.149641,0.0618177,0.6458282180167229,-0.31893036345391673,0.643693,-0.318466,2.6653573205656387
-0.5263375252862477,0.11878961894390566,2.8605380630163917,1.17178,-0.417548,-0.169727,0.6347789622935857,-0.31642178855240627,0.630989,-0.315545,2.720238331378662
-0.580823844563338,0.13330199472787452,2.883099109612728,0.865044,-0.615415,-0.381047,0.622755574930838,-0.3135617690824416,0.618818,-0.312513,2.7689013058167773
-0.6277714750920209,0.1433828181179361,2.8391425042705305,0.0,0.0,-0.563926,0.6103587748375126,-0.3107625131018127,0.606966,-0.310034,2.8099702963810893
-0.6606128171891971,0.14974513770781284,2.7199234548429847,0.0,0.0,-0.71367,0.5981433525599202,-0.3080477871621989,0.59577,-0.307588,2.84299696294045
-0.6804396727034051,0.15395734084536394,2.537113834829828,0.0,0.0,-0.834716,0.5862628317688898,-0.30537340421922554,0.58483,-0.305069,2.868888707613415
-0.6934968927338545,0.15581523548221995,2.3079193829501063,0.0,0.0,-0.931766,0.574512609018566,-0.3027872648841633,0.573569,-0.302653,2.888213340199242
-0.7044501373595371,0.15772468809000534,2.04367402031658,0.0,0.0,-1.00303,0.5626925605609197,-0.300167990835494,0.561901,-0.30003,2.900911104927802
-0.7033181317652849,0.16081335899408342,1.808291892850122,0.0,0.0,-1.06292,0.5514961931004216,-0.2974402096658917,0.551578,-0.297217,2.912048657362615
-0.68704429766807,0.16106771014483093,1.6150757193285528,0.0,0.0,-1.11935,0.5413189352186016,-0.2948503812510755,0.542495,-0.294832,2.9226724023922626
-0.6558698546337929,0.15789733185859248,1.4519368092092868,0.71748,-0.726573,-1.17105,0.5323871096047,-0.2924828855685832,0.53464,-0.292712,2.9325470449832345
-0.6126265360213676,0.15122365812626637,1.325327542385739,0.964008,-0.648548,-1.22415,0.524751925494075,-0.29039771213886995,0.527877,-0.29088,2.943111302668736
-0.5606656873676046,0.1393872527176756,1.1690644279999736,1.14792,-0.510158,-1.256,0.5183849338153376,-0.2887606158627254,0.52214,-0.289616,2.948282284839353
-0.5054700270517116,0.12520423095727737,0.9927625980451986,1.13113,-0.51162,-1.26907,0.5130631629628414,-0.28746803241789437,0.517052,-0.288493,2.94896239290728
-0.4484775124508944,0.11470210331696795,0.7918980242060376,1.11851,-0.506995,-1.25465,0.5087433092953417,-0.2861590404104076,0.512862,-0.286918,2.9441451146011812
-0.3855231440214864,0.10939629271155331,0.5461360485434226,1.1102,-0.493499,-1.20065,0.5057294626812148,-0.2846745638071199,0.510279,-0.285058,2.931090868269497
-0.32604788790234035,0.10900766216603452,0.28967330005739234,1.10834,-0.47309,-1.12221,0.5034928884628828,-0.28294991475009335,0.507791,-0.282978,2.9123269636103633
-0.27935691928533074,0.11782276121439353,0.04022117714935247,1.16745,-0.351031,-1.02218,0.5013627734058358,-0.2806230427198276,0.504737,-0.279986,2.88928582811968
-0.2474513938707,0.13215247358101304,-0.2076126613517144,1.19468,-0.203752,-0.902588,0.499002276312023,-0.27779056850470984,0.501308,-0.276755,2.8614625261639994
-0.2262196743647678,0.14949753858219483,-0.4527712683313022,1.19556,-0.165733,-0.762072,0.4964466426131487,-0.2745294796629422,0.497981,-0.273276,2.8289202784269083
-0.21504808558805183,0.1670260909143158,-0.6721496342081257,1.19596,-0.125089,-0.614077,0.49356566031384647,-0.27097873978262027,0.494373,-0.269712,2.7946040788513
-0.21234450337121938,0.18291275568346485,-0.859120639864865,1.19514,-0.0842463,-0.466859,0.49030361962375696,-0.2672560851296177,0.490499,-0.266108,2.7605009798287363
-0.21757020089857948,0.19445730736884356,-1.03810271712389,1.19293,-0.0406466,-0.315479,0.48656064664328363,-0.26356629267946946,0.486183,-0.262732,2.724540256823355
-0.23147819708553846,0.20131529157166697,-1.1806568565090392,1.18925,0.00144429,-0.173683,0.4821600922479358,-0.2600016074668174,0.481155,-0.259506,2.690142582593832
-0.2520919964661515,0.2055758981584461,-1.3038476521981468,1.18424,0.0425006,-0.0353841,0.4770937020159803,-0.2564989022020362,0.475604,-0.256191,2.6562885224674715
-0.27490842111988445,0.20659261003354143,-1.404799888147522,1.17734,0.0823255,0.0971778,0.4715518796255626,-0.2531424749427815,0.469903,-0.253069,2.623371224478797
-0.2997057973932508,0.20850764214636233,-1.496972440411819,1.16955,0.121486,0.231855,0.4655140374960182,-0.24971039405082301,0.463722,-0.249572,2.590099288880283
-0.32801102353879263,0.20955025419620718,-1.5668331666475137,1.16068,0.159521,0.358022,0.45884754006145256,-0.24630534667645984,0.456802,-0.24623,2.55801107762965
-0.35443454814907766,0.21375290108088565,-1.627009319648912,1.15047,0.195539,0.487243,0.4518525547188776,-0.2426747136153778,0.449943,-0.242371,2.5260730318857214
-0.3787495917424194,0.21838282494370923,-1.6706622845768988,1.1388,0.230332,0.610913,0.44457418065315585,-0.23894859173561037,0.442817,-0.238614,2.4950947583362164
-0.40143562546235956,0.22436269573238096,-1.6999381715062205,1.13522,0.0605061,0.731061,0.43701445663500416,-0.23505914864978086,0.435375,-0.234627,2.465095247127494
-0.42319157600510443,0.22846274418250007,-1.7290540174580924,1.12749,0.0965863,0.849597,0.42915324210756484,-0.23119829911153125,0.427581,-0.230902,2.434685473078214
-0.4430374335102878,0.23470587483562655,-1.7571167071737683,1.11854,0.131878,0.972565,0.42107020498999004,-0.22713017370884755,0.419636,-0.226679,2.403914478988875
-0.4589622822982188,0.24302296279540986,-1.7625742101365767,1.10801,0.163633,1.08927,0.4129288445825796,-0.222825052841934,0.411778,-0.222224,2.375195021224546
-0.47279023991280916,0.2522998008415338,-1.7448719625281528,1.09692,0.19242,1.19613,0.40467130808265833,-0.2183234113144824,0.403672,-0.217653,2.3489135994953463
-0.48867937561435515,0.2613304176967422,-1.697972363615039,1.08641,0.218274,1.2872,0.3960562636970377,-0.21368961759301885,0.394908,-0.213037,2.325969500691933
-0.5024202195835162,0.2706697341720882,-1.654682714418533,1.07419,0.242231,1.37985,0.38732901262150543,-0.20889092645699683,0.386336,-0.208216,2.3032766735388406
-0.51342138007544,0.27863510478022985,-1.5860112283390426,1.06138,0.261923,1.45843,0.3785630233074624,-0.2040336352060037,0.377768,-0.203458,2.283958702538172
-0.5251162489381052,0.2833503497205385,-1.5297413471851975,1.04814,0.282824,1.53442,0.3695751556842899,-0.19926375765285775,0.36873,-0.198923,2.264332352648129
-0.5423324381681016,0.28834511363640575,-1.460206408370514,1.03713,0.302269,1.59947,0.3600351661689763,-0.194399957712716,0.358791,-0.194039,2.2470714652094452
-0.5621686860608746,0.296391605533049,-1.378768233465115,1.02663,0.318179,1.65836,0.3500465105299967,-0.1892544976161683,0.348613,-0.188673,2.232091775461738
-0.5816939275897217,0.30579524719110024,-1.2736216985785926,1.01608,0.329398,1.70277,0.33976103496405324,-0.1838905750592552,0.33835,-0.183211,2.2208142696338404
-0.5969345941772883,0.3103397794259275,-1.1988118378807546,1.00173,0.341289,1.7487,0.3294464006356215,-0.17869742071987352,0.328345,-0.178369,2.2080172820385275
-0.6084427671942619,0.3096748071559045,-1.1057258535441432,0.987442,0.349478,1.77793,0.31913466369416393,-0.17377594430134236,0.318303,-0.173824,2.198510417247275
-0.6198579488476804,0.3090326940039627,-0.9808138350910498,0.976385,0.3532,1.78908,0.30864494346665033,-0.16886359626630332,0.30782,-0.16891,2.1937201085520135
-0.6373987666578873,0.3167224551473165,-0.8268091890985335,0.971402,0.353514,1.78611,0.297567626174648,-0.16341071767562823,0.2963,-0.162855,2.193836989212093
-0.6569705074835678,0.3283947561635299,-0.6308187540199619,0.967285,0.346564,1.7557,0.2860753953390601,-0.15757152476872047,0.284661,-0.156728,2.2008424345837
-0.6721384378110598,0.33589037508518915,-0.4366426986803115,0.959418,0.335152,1.70724,0.2745611441881676,-0.1518216875565946,0.273465,-0.15128,2.2110233838282665
-0.6815904786744778,0.33981044951426265,-0.22811588743239838,0.951488,0.317529,1.63777,0.26318207273537375,-0.14618829288899918,0.262499,-0.145905,2.22639975482118
-0.6940032779456742,0.3419519130053727,-0.02797491077069489,0.947144,0.300852,1.5495,0.2514560385204995,-0.14060975761750427,0.250559,-0.140455,2.2448293571428968
-0.7067511152615352,0.3423098309438064,0.18353437134760173,0.0,0.0,1.438,0.23950925078924978,-0.13511486573511244,0.238588,-0.135089,2.2684182360279137
-0.7191321738183958,0.3455756476993379,0.3910612028644811,0.0,0.0,1.31563,0.22738274470725037,-0.12942201150446397,0.226488,-0.129186,2.2958290661644263
-0.7293408578652961,0.34402046532969954,0.5796783122458157,0.0,0.0,1.17313,0.2152017532362848,-0.12399561129045206,0.214464,-0.124108,2.3250276290430243
-0.7420186930818042,0.34057537011082256,0.7597703342844946,0.0,0.0,1.01367,0.2026941919319958,-0.11871903253902667,0.201778,-0.118968,2.356559074966764
-0.7559510390861303,0.3401694206787127,0.9303087095148319,0.0,0.0,0.848,0.189900851941593,-0.11329666316227134,0.188894,-0.113326,2.3901489363618897
-0.7662753896406793,0.3372205742563828,1.0764446403748085,0.0,0.0,0.672709,0.17712311213347035,-0.10804889506097103,0.176377,-0.108262,2.4235894430573968
-0.7621829394911748,0.3239983166930494,1.194491186707318,0.0,0.0,0.492505,0.16513324999654602,-0.10352746417740766,0.165429,-0.104483,2.455566303062986
-0.7453036504094319,0.3022566587128736,1.3049869615832,0.0,0.0,0.301742,0.1540541806688274,-0.09978079077622722,0.155274,-0.101352,2.4880879546953247
-0.7171940299536811,0.27438307727364186,1.3969949184377906,0.0,0.0,0.106875,0.14398759581835485,-0.0967873537023609,0.146019,-0.0988017,2.5200626630695893
-0.673916741472577,0.24253436667748943,1.482749845943863,0.0,0.0,-0.0843374,0.1353734705860341,-0.09450268216112255,0.138501,-0.0968043,2.552566922757106
-0.6220780374663366,0.21020007692248677,1.5586630490714577,0.0,0.0,-0.276162,0.12801776086969546,-0.09275969070425423,0.131764,-0.0950964,2.5852431608679596
-0.5230756453691159,0.16900840698594813,1.3468971040314577,0.0,0.0,-0.276162,0.12460937215236491,-0.09211959244438918,0.131764,-0.0950964,2.5857532790931463
-0.41088917942036574,0.12795381683401735,1.0986754821881606,0.0,0.0,-0.276162,0.12365659576055006,-0.09212949881961432,0.131764,-0.0950964,2.5847281894393377
-0.4110146995620374,0.10798015215778739,1.809585327501781,0.0,0.0,-0.792767,0.11707407099194292,-0.09140265874080752,0.117065,-0.0928461,2.6627303619587646
-0.3945510397564145,0.0869776808739558,1.856210314737629,0.0,0.0,-0.996932,0.111586217041992,-0.091063409745307,0.112776,-0.0925812,2.7030116235588917
-0.35982953321038713,0.06367053955236925,1.852761495292483,0.0,0.0,-1.17001,0.10756877317846925,-0.09121255764406545,0.110078,-0.0928969,2.732293583837125
-0.31064085323654855,0.04107567957978148,1.8343268754595914,0.0,0.0,-1.31636,0.10506327074473472,-0.09168753223843579,0.108618,-0.0933204,2.759956710608486
-0.2523935958353186,0.019753390130498233,1.77214447986457,0.0,0.0,-1.43001,0.10394363251883883,-0.09243989737494657,0.108153,-0.0939808,2.7827034608195396
-0.19133744081947746,0.00242402200550388,1.6031196052120718,0.486198,-0.320797,-1.48168,0.10394164129136507,-0.09326945470669386,0.108354,-0.0945218,2.7936889982626885
-0.13004213371265994,-0.009597844612240232,1.3268641770620309,0.561516,-0.231631,-1.46779,0.10493235843411614,-0.09402541309635223,0.109362,-0.0948942,2.792462951486407
-0.07383763365345976,-0.016645498679620854,0.9599653623382409,0.561895,-0.225674,-1.39658,0.10656725691715535,-0.09464488561897509,0.110629,-0.0951542,2.7781892911782973
-0.026436513273548214,-0.019273036603448316,0.5638565385722412,0.490753,0.199325,-1.28099,0.1085194527107367,-0.09508491513356089,0.111945,-0.0952748,2.753758879388156
0.010589825568721803,-0.018867735144764232,0.21433315575636996,0.487053,0.214172,-1.14565,0.11054420935125754,-0.09536649001048925,0.11322,-0.0953372,2.7254051667744013
0.033421595206766144,-0.013556283864848064,-0.07633993432644098,0.209413,-0.43987,-1.00538,0.11222301143504969,-0.09531724382875646,0.113873,-0.0949334,2.6959960167344397
0.040187563579842316,-0.0026884183674209926,-0.30816873260518574,0.584932,-0.158771,-0.873948,0.11320504226157796,-0.0948156904485044,0.113694,-0.0940303,2.667772675427683
0.03477443588822021,0.011963075382233682,-0.4555638180905165,0.586347,-0.144085,-0.768104,0.11349019170057277,-0.09389012275135121,0.113099,-0.0928313,2.64562527749481
0.01953629466306884,0.0274948446208558,-0.5673484121266309,0.586275,-0.131253,-0.680109,0.1130392181346952,-0.09267193781552838,0.111938,-0.0915495,2.625602552536007
-0.003414321382053845,0.04157625954038777,-0.6417276934739852,0.585007,-0.120408,-0.613842,0.11183457726463383,-0.0913011247379806,0.110176,-0.0902835,2.6081614078978497
-0.027464477957555213,0.058220156574782835,-0.7180586164048562,0.583399,-0.108177,-0.526715,0.11019003800423421,-0.08953560820183129,0.108452,-0.0883328,2.589433547611772
-0.05027639519185415,0.07391360313657082,-0.7766839660477988,0.581299,-0.096521,-0.44575,0.10824255388688173,-0.087566621786533,0.106594,-0.0864325,2.571423134412357
-0.07234775556396827,0.08674323294941731,-0.8206510599665219,0.578569,-0.0854512,-0.375695,0.10597903589972298,-0.08553586170578688,0.104384,-0.0846087,2.5541358853544907
-0.0755092428099655,0.08341366507580471,-0.7024417443078025,0.578569,-0.0854512,-0.375695,0.10461247190063795,-0.08436808137933327,0.104384,-0.0846087,2.553963373353484
-0.10909705313079238,0.0999741523867162,-0.9530661464686455,0.571693,-0.0620137,-0.242887,0.10118389774475034,-0.08193868041282784,0.0987566,-0.0807419,2.5174133006303365
-0.13651700694100652,0.11053813135421114,-1.004459301994708,0.567458,-0.0492541,-0.17568,0.09762566388907024,-0.07964072941318477,0.0956441,-0.0788773,2.4957754233538325
-0.13505209093317866,0.10327396975833744,-0.8618249138194489,0.567458,-0.0492541,-0.17568,0.09553823458965961,-0.0783523392213501,0.0956441,-0.0788773,2.495562459664656
-0.13983980259065612,0.10044727860005513,-0.9409550281948875,0.562442,-0.0363706,-0.103371,0.09306089462119459,-0.0768868228825557,0.0927149,-0.0770911,2.473824351411747
-0.1504887953096435,0.10004233951936385,-1.0170266739787288,0.557106,-0.0228327,-0.0363214,0.09011947312083643,-0.07530643617756161,0.0893499,-0.0753357,2.450183090678087
-0.16362157354089285,0.1033460987723286,-1.097514176994289,0.55106,-0.00874812,0.043293,0.08684346939983675,-0.073487353503349,0.0858944,-0.0732486,2.4247398956899966
-0.17735541146285885,0.10734837259739888,-1.1751725626069822,0.54421,0.00546382,0.119363,0.08331760631393746,-0.07156923321099745,0.0823251,-0.07128,2.398257011449761
-0.19112462785646306,0.11218347792803962,-1.255142324185792,0.536666,0.0200321,0.198471,0.07956966301780115,-0.06953201963029418,0.0785746,-0.0691826,2.370237534083644
-0.20733321884748587,0.11827187563385151,-1.3514876888801513,0.528779,0.0362946,0.278628,0.07544014984335953,-0.06733459158859417,0.0742688,-0.0668946,2.3389627612613997
-0.22248778785073656,0.12576122832502434,-1.4443000310106402,0.0,0.0,1.475,0.07112097860238256,-0.06494713471352496,0.0700258,-0.0644059,2.306310224322469
-0.2344442118115437,0.1326486924867304,-1.5321434836357666,0.0,0.0,1.475,0.06677075754463102,-0.0624796379015503,0.0659067,-0.0619819,2.27271308859336
-0.24226027433112649,0.14028920828448252,-1.6086930442347673,0.0,0.0,1.475,0.06250294512522232,-0.059852158851305445,0.0619381,-0.0593,2.2390593030890193
-0.2487237154501537,0.1483703568251381,-1.676205234583188,0.0,0.0,1.475,0.05819949493419443,-0.057073302155554714,0.0577324,-0.0564893,2.205334913006776
-0.25486437322317956,0.15979129837341574,-1.7108585720932017,0.0,0.0,1.475,0.05381396827847295,-0.053944359718250824,0.0533702,-0.053119,2.174456580585203
-0.2622033864500183,0.1723860221931217,-1.6847985005527613,0.0,0.0,1.475,0.049250970098081465,-0.050555085702232855,0.0487206,-0.0496449,2.1500131889542446
-0.26580024110108885,0.18126411796429995,-1.550687205507781,0.0,0.0,1.475,0.04481793469354937,-0.047209995317980466,0.044558,-0.0465684,2.1371836410289764
-0.2650799597405218,0.18362703520659557,-1.303471502238475,0.0,0.0,1.475,0.0406127472670177,-0.044153561464902624,0.0406648,-0.0439828,2.136595028366812
-0.2574960055673979,0.17895155480739178,-0.9985034023221047,0.0,0.0,1.475,0.036872828700177905,-0.04152461602006175,0.0374209,-0.0418625,2.144949128645644
-0.24325930943703256,0.1673619964101591,-0.6466169071911161,0.0,0.0,1.475,0.03369405352028459,-0.039427554810493794,0.0347229,-0.0402651,2.163856446802845
-0.22272099796731865,0.14861633335396834,-0.32962620435048273,0.0,0.0,1.475,0.031159653285634564,-0.03798900300649199,0.0326439,-0.0393437,2.1864933321978595
-0.19848558755289603,0.1252259027690983,-0.05166301705819487,0.0,0.0,1.475,0.029198274215463213,-0.037157438560386016,0.0309497,-0.0388478,2.21175035205657
-0.1720220883247815,0.10014862834514551,0.1957490690082958,0.0,0.0,1.475,0.027771956426541608,-0.03681163504219767,0.0296844,-0.0386239,2.239217408327115
-0.1416351885973175,0.07451946990626927,0.4062645319703096,0.0,0.0,1.475,0.027028423171683424,-0.03690355191757621,0.0292244,-0.0387557,2.2670802725676795
-0.10878222152374774,0.04952469778807449,0.5833975162122509,0.0,0.0,1.475,0.02693410733533004,-0.03736359725464291,0.0293083,-0.0391699,2.294595097515767
-0.07321729423927642,0.02592223818890009,0.7397399744644569,0.0,0.0,1.475,0.0275447215047297,-0.038131515812540095,0.0301149,-0.0398372,2.3224594203578453
-0.03756602934769645,0.004955782686056714,0.8522745309937226,0.0,0.0,1.475,0.028730082125710342,-0.03910281250574696,0.0313065,-0.040618,2.3475870809075126
-0.0050683676990258344,-0.011736355840208625,0.9276832186977972,0.0,0.0,1.475,0.03027738427134693,-0.040127005519566404,0.0326259,-0.0413333,2.369904885182271
0.02152459411243609,-0.024566048168844522,0.993253379099339,0.0,0.0,1.475,0.03195430052529091,-0.04116293377637069,0.0338761,-0.0420901,2.392114487390597
0.040861177837048054,-0.03237169913010861,1.035479477947314,0.0,0.0,1.475,0.033576998811366304,-0.042072007289174006,0.0349744,-0.0426361,2.412726209159053
0.05232219804148486,-0.03563633854226129,1.0633561435052943,0.0,0.0,1.475,0.034988443908607295,-0.04280577357887133,0.0358167,-0.0430417,2.4323656438882435
0.05696176036181078,-0.03716656086655188,1.095759059308295,0.0,0.0,1.475,0.036132311719841624,-0.043477115083590194,0.0364676,-0.0435877,2.452921413528938
0.05539717583215478,-0.03776218689501559,1.1384104518080538,0.0,0.0,1.475,0.03694026817753315,-0.04411115576157556,0.0368272,-0.0441542,2.475143703583514
0.04814282593991981,-0.037595605514577066,1.1986097752087685,0.0,0.0,1.475,0.0373470517140849,-0.04470433837360023,0.0368228,-0.0446923,2.5000537496327335
0.03852162379933008,-0.03623070849936596,1.2692018428528613,0.0,0.0,1.475,0.03748129755094394,-0.04521563731559732,0.036786,-0.045117,2.5272351030782048
0.02891555006013374,-0.0335652862951631,1.3285677073862792,0.0,0.0,1.475,0.03746260426340203,-0.04561912265813909,0.0367684,-0.0454265,2.5543729477661454
0.020131085745334388,-0.029166617248028697,1.3625630412706904,0.0,0.0,1.475,0.0373445288327367,-0.04586537959250776,0.0367097,-0.0455475,2.579513181363004
0.01313253859361442,-0.02364073686631462,1.3720416622276843,0.0,0.0,1.475,0.0372039655606494,-0.04596674002425808,0.0366982,-0.0455674,2.6023713693675767
0.008373119239774383,-0.017870981019394157,1.3723687243551637,0.0,0.0,1.475,0.0370994500150069,-0.04596356422664106,0.0367555,-0.0455466,2.624359699917656
0.003161785884927209,-0.012316522893737995,1.3797174294023455,0.0,0.0,1.475,0.036888908584439904,-0.04588230525842363,0.0365123,-0.0454809,2.647113326713326
-0.00042481580862154585,-0.007404016656265697,1.404258308587215,0.0,0.0,1.475,0.036702393740792046,-0.04575461317881072,0.0364432,-0.0453996,2.671868138870271
-0.00374691606773125,-0.0032871160157346875,1.418474890168372,0.0,0.0,1.475,0.03647597895691168,-0.045600916972516836,0.0362359,-0.0453034,2.695917254222242
-0.005165003478250219,0.0010265927215944628,1.425195953049009,0.0,0.0,1.475,0.036322281237702994,-0.04536833974693838,0.0362198,-0.0450566,2.719353855563082
-0.005308390189040574,0.003160746864657607,1.2187643137025679,0.0,0.0,1.475,0.03623016215925969,-0.04521082939122634,0.0362198,-0.0450566,2.7196146936834826
-0.0053302720985143,0.004876063155558569,1.3233225682048417,0.0,0.0,1.475,0.03614378134480959,-0.04504686114318461,0.0361422,-0.0449229,2.7487597820990377
-0.004419683357868187,0.006480714418558738,1.377231345519026,0.0,0.0,1.475,0.036118694281334414,-0.04486276368904632,0.0361845,-0.0447468,2.7763450759186004
-0.002876628919198568,0.005478167568298418,1.4012133844003722,0.0,0.0,1.475,0.03614998774233171,-0.04482534872421277,0.0362615,-0.0448978,2.8011606221928553
-0.0008600964948555969,0.004511940668409351,1.4090907422965957,0.0,0.0,1.475,0.03623727080363174,-0.04480157346612906,0.036383,-0.0448714,2.8244627948036642
0.0014357662305153518,0.001481648971427673,1.3951472253842636,0.0,0.0,1.475,0.03637528437875768,-0.044929709237227396,0.0365412,-0.0451487,2.8454732879003144
0.003622163057741784,-0.0008807458927733752,1.3842333890220455,0.0,0.0,1.475,0.036542795175119665,-0.0450621762859111,0.0367008,-0.0452329,2.866619904111292
0.00513580158306525,-0.001904279420028426,1.3777424897021193,0.0,0.0,1.475,0.036700813548671656,-0.045143932075367474,0.0368102,-0.0452179,2.888065922011612
0.0051373453988167615,-0.0018002106739311832,1.3827653952434922,0.0,0.0,1.475,0.03678308843272437,-0.045167520759176856,0.0367832,-0.04516,2.910655426573633
0.003291019346512356,-0.0001415035486511632,1.3920589440479856,0.0,0.0,1.475,0.03674322885469534,-0.04508667015604578,0.0366098,-0.0449668,2.9338015585750226
0.0016586100155854809,0.0005315515346898803,1.38591570885092,0.0,0.0,1.475,0.036687969687503305,-0.04504443982112206,0.03657,-0.0449958,2.9553957956702304
-0.0008830820047860048,0.0027048798105197406,1.3892870069596897,0.0,0.0,1.475,0.03654648102147678,-0.044892260396975414,0.0363628,-0.0447352,2.977936924548393
-0.0034135311362692264,0.003209899923861186,1.3929391184727038,0.0,0.0,1.475,0.03636506852912963,-0.044815596400642324,0.0361822,-0.0447791,3.000566647409928
-0.005766205225393126,0.003069976142081881,1.3816266439550762,0.0,0.0,1.475,0.03615492122067844,-0.0447734880969999,0.0359849,-0.0447836,3.0216106879170033
-0.008902327589730672,0.00226324614914163,1.3709246763141043,0.0,0.0,1.475,0.03585533885110419,-0.044777699864510905,0.0356287,-0.044836,3.042559779848119
-0.011962133401587173,0.0020022742231998792,1.3639175821574876,0.0,0.0,1.475,0.03551062366586422,-0.04475874028389375,0.0352895,-0.0447776,3.063736403440021
-0.01361871154519611,0.002129492691550125,1.3694020203788069,0.0,0.0,1.475,0.03520971630045473,-0.04471829372529402,0.03509,-0.0447091,3.086155007565853
-0.01379372046771483,0.0012147475088277906,1.3842913913585668,0.0,0.0,1.475,0.03498024740865461,-0.04474469390681218,0.0349676,-0.0448108,3.109706642732123
-0.012285849568620982,0.0007967390579753232,1.4030143671517963,0.0,0.0,1.475,0.03485923035899677,-0.044752891690486844,0.0349682,-0.0447831,3.1339435130531696
-0.00839756058450062,0.000442946674415067,1.4064080955749563,0.0,0.0,1.475,0.03491970415680743,-0.044763532407277436,0.0352007,-0.0447891,-3.1264131579561827
-0.005697969274544523,0.000842911497007038,1.4090291453029344,0.0,0.0,1.475,0.03496380803551011,-0.04473000434662408,0.0351589,-0.0447011,-3.103622413075152
-0.003338737354656694,0.0014349084110343588,1.422282794710357,0.0,0.0,1.475,0.035028604863109936,-0.044677381972405825,0.0351991,-0.0446346,-3.079621954826214
-0.0024909349127167717,0.002102826920940805,1.4369361106594145,0.0,0.0,1.475,0.0350312316727212,-0.04461026861522936,0.0350925,-0.044562,-3.055233107994105
-0.0019213009228010803,0.003593868703922856,1.440774748113193,0.0,0.0,1.475,0.03502903413399539,-0.044478053447533215,0.0350702,-0.0443703,-3.0318135587393567
-0.0020332668368271663,0.00493624354138341,1.4320435340416686,0.0,0.0,1.475,0.034990891465564694,-0.04433180970037803,0.0349828,-0.0442348,-3.0097217762498043
-0.002017073170083828,0.006572588830504763,1.4157241592736076,0.0,0.0,1.475,0.03495942972869056,-0.0441446541282679,0.0349606,-0.0440264,-2.988575011470043
-0.002433018425281518,0.007178858118404362,1.4090035931408642,0.0,0.0,1.475,0.034899659208094756,-0.04399941339721683,0.0348696,-0.0439556,-2.966643948615688
-0.0018153570789930787,0.006482575483766847,1.4056230187176058,0.0,0.0,1.475,0.03490156333037061,-0.04393058158827203,0.0349462,-0.0439809,-2.9444669024568038
-0.0008817918847657646,0.005187983218962147,1.4122329893991157,0.0,0.0,1.475,0.034934233836862824,-0.04391244341340754,0.0350017,-0.044006,-2.9212560183950216
0.0006616541042307783,0.0032536475493893436,1.3938465784374827,0.0,0.0,1.475,0.035022159446077304,-0.04395731093475591,0.0351337,-0.0440971,-2.9006921265318923
0.001754002709354514,0.001573814575471789,1.3768745044212396,0.0,0.0,1.475,0.035104959000858596,-0.04401630313756092,0.0351839,-0.0441377,-2.880204887392951
0.003170996398567034,0.0017365755669797296,1.3697023605753287,0.0,0.0,1.475,0.035226697802497466,-0.043980362284705275,0.0353291,-0.0439686,-2.858943548041899
0.0025123981413669545,0.0025530295074852726,1.3807403169466177,0.0,0.0,1.475,0.03523389506645799,-0.043898602858166456,0.0351863,-0.0438396,-2.8358299976602472
0.0010923946601855104,0.002894523828148305,1.397742509935508,0.0,0.0,1.475,0.03518021970680691,-0.043835178845881076,0.0350776,-0.0438105,-2.8118450753418225
-0.0010640449451076836,0.003364741092532031,1.405961320671859,0.0,0.0,1.475,0.03505513989967256,-0.04375778129543067,0.0348993,-0.0437238,-2.7885575121663213
-0.002998748183512985,0.003007346711104427,1.3998113225324544,0.0,0.0,1.475,0.03491021562842251,-0.04372757210089793,0.0347704,-0.0437534,-2.7667441648038666
-0.00383296961207251,0.001444600942508291,1.3991461489887473,0.0,0.0,1.475,0.03480708686516994,-0.04378276470462055,0.0347468,-0.0438957,-2.74441939189287
-0.002725542014815336,0.0005987209828735107,1.3948238270179445,0.0,0.0,1.475,0.034818969283986645,-0.043815570605176726,0.034899,-0.0438767,-2.722505993572428
-0.000484250812835279,-0.001018683983952565,1.3960884629801518,0.0,0.0,1.475,0.034923528111153124,-0.04391291463620805,0.0350855,-0.0440298,-2.7000511571096077
0.0023552721644696088,-0.002682177295720908,1.3982004163594781,0.0,0.0,1.475,0.03510349556264181,-0.044039183959552766,0.0353087,-0.0441594,-2.677481943318299
0.003947464197285947,-0.0041961842954159,1.3915300527707648,0.0,0.0,1.475,0.03524643670490725,-0.04418218692005245,0.0353615,-0.0442916,-2.655843752263641
0.004285702748718507,-0.004992382135310498,1.392712096006943,0.0,0.0,1.475,0.03533195643951667,-0.04430196099395313,0.0353564,-0.0443595,-2.633451078133633
0.0036495511342342717,-0.005406913366051291,1.3926911745307964,0.0,0.0,1.475,0.03535847290994582,-0.044409242979524574,0.0353125,-0.0444392,-2.6111699806763715
0.0031591043704414495,-0.004832724318939221,1.3870513154410318,0.0,0.0,1.475,0.03538444322515529,-0.044457795047334214,0.035349,-0.0444163,-2.5895047523964156
0.0016278421885416955,-0.004090405268705234,1.387890737949474,0.0,0.0,1.475,0.035333760064030495,-0.044486045335593694,0.0352231,-0.0444324,-2.5672207668041747
-0.001639398946965882,-0.0020792675959709042,1.3948920376158864,0.0,0.0,1.475,0.035143814440447924,-0.04441853933265615,0.0349077,-0.0442732,-2.5442463848642545
-0.003902693126331018,-0.0013247427727046028,1.4032878980962105,0.0,0.0,1.475,0.034967961982898095,-0.04440192741290303,0.0348044,-0.0443474,-2.520997652807559
-0.003853687948947198,-0.0011099407605105907,1.4177951400196438,0.0,0.0,1.475,0.03490875853196714,-0.0444089231447,0.0349123,-0.0443934,-2.4969329945902627
-0.0022312853809259136,-0.00034186884900152777,1.425111567154442,0.0,0.0,1.475,0.034954353473453034,-0.04437590642333645,0.0350716,-0.0443204,-2.473426715303609
-0.0013261594361201792,-0.0004316512974969631,1.445901237728376,0.0,0.0,1.475,0.034978489062414124,-0.044387311671863404,0.0350439,-0.0443938,-2.448318321703754
-0.0010686750201626318,-0.0011643101781541585,1.4557133064547554,0.0,0.0,1.475,0.034974292316551976,-0.044442652778025615,0.0349929,-0.0444956,-2.424068927713918
-0.0003336705160737279,-0.0019095171905292984,1.4370908811288747,0.0,0.0,1.475,0.035005783266336354,-0.04451054595940514,0.0350589,-0.0445644,-2.4028515509232706
-0.0005963223962377712,-0.003708983777295294,1.4167625195444689,0.0,0.0,1.475,0.03498308112173098,-0.044660057548703246,0.0349641,-0.0447901,-2.3820123519165786
-0.000934099127276316,-0.004716379535636366,1.3910397214137744,0.0,0.0,1.475,0.0349512101860064,-0.044785998307096064,0.0349268,-0.0448588,-2.3620679039919423
-0.0021334791861952937,-0.0047838743772363485,1.3790629835598385,0.0,0.0,1.475,0.03485697586497317,-0.04486592233529864,0.0347703,-0.0448708,-2.341069681176784
-0.0028304257059542106,-0.004919271893262981,1.399318851448709,0.0,0.0,1.475,0.034776766388861416,-0.044951415197651855,0.0347264,-0.0449612,-2.316828365449253
-0.003755298560222387,-0.0049422272298509625,1.42010073588161,0.0,0.0,1.475,0.0346703379918757,-0.045031641081594846,0.0346035,-0.0450333,-2.2920778000420867
-0.0037094321075331247,-0.004828646880236284,1.4339023179390589,0.0,0.0,1.475,0.03461328535888142,-0.04510320813633977,0.0346166,-0.045095,-2.2677822721365066
-0.0038245859161125787,-0.005013170489628132,1.4310788464698951,0.0,0.0,1.475,0.03454632184584808,-0.045192664991356934,0.034538,-0.045206,-2.2451573005301038
-0.0030190121442613942,-0.0037515602642730042,1.4255238114148552,0.0,0.0,1.475,0.03453838342139702,-0.04518947306622575,0.0345966,-0.0450983,-2.2228648793584194
-0.0022795683432036886,-0.0032153517104378726,1.419634764177553,0.0,0.0,1.475,0.034538962450676815,-0.04521405030259513,0.0345924,-0.0451753,-2.2006946089089188
-0.0026451635738303386,-0.0047228753742674864,1.4272373653443655,0.0,0.0,1.475,0.03447832055169167,-0.045365155452724695,0.0344519,-0.0454741,-2.1771568991784003
-0.0025302437641401155,-0.00496409281957033,1.2234240006978938,0.0,0.0,1.475,0.0344435950646016,-0.04545666788533146,0.0344519,-0.0454741,-2.176846096279738
-0.002177660402648248,-0.004516083953162334,0.988897126391648,0.0,0.0,1.475,0.03442641977994365,-0.04550647635620403,0.0344519,-0.0454741,-2.177931809825665
-0.004194473896806966,-0.0049284862541516495,1.1883750487972333,0.0,0.0,1.475,0.03425824950850303,-0.04560599683136353,0.0341125,-0.0456358,-2.144872935285631
-0.0072343073356579595,-0.005209225539519839,1.262646115580605,0.0,0.0,1.475,0.03399018031795048,-0.045703411751741835,0.0337705,-0.0457237,-2.1153271080993568
-0.009299208791297146,-0.005760918134620972,1.3125232710483603,0.0,0.0,1.475,0.03373792469189058,-0.04582323070875733,0.0335887,-0.0458631,-2.0887249448615735
-0.008349887421256667,-0.00544940739139457,1.3484287345706072,0.0,0.0,1.475,0.033651895181807556,-0.045894812016034285,0.0337205,-0.0458723,-2.0634125778031427
-0.006059717353730727,-0.0036036842270081816,1.3720015052312586,0.0,0.0,1.475,0.033669695771325905,-0.045859985285660335,0.0338352,-0.0457266,-2.03909921043568
-0.002767513910812448,-0.0014953296997241732,1.3744278702598387,0.0,0.0,1.475,0.03379038160294094,-0.04577826492466546,0.0340283,-0.0456259,-2.016872285356853
0.0004700476589868216,0.0005490391876067399,1.3715334682848725,0.0,0.0,1.475,0.0339601304193158,-0.04566704086021854,0.0341941,-0.0455193,-1.9951973316396165
0.0015153844841602716,0.0023243285416178865,1.3712842538042633,0.0,0.0,1.475,0.0340367564115966,-0.045540895229850054,0.0341123,-0.0454126,-1.9732797728875273
0.0018123842419870296,0.0035586958598194515,1.3722796341027395,1.72895,0.0,0.0,0.03408063665256895,-0.045422104297006716,0.0341021,-0.0453329,-1.9512309108073778
0.002380153113742881,0.003969644597448345,1.3960359522821488,1.72895,0.0,0.0,0.03414716892090349,-0.04533799812365042,0.0341882,-0.0453083,-1.9266811788334401
0.0028292839925990396,0.003635653031862711,1.4149258893916634,1.72895,0.0,0.0,0.0342149425590733,-0.04529656335738567,0.0342474,-0.0453207,-1.902196366770781
0.0032201694256164637,0.0019944131747928967,1.4139384225749798,1.72895,0.0,0.0,0.03428605179563787,-0.0453468921549036,0.0343143,-0.0454655,-1.8796690584426983
0.001818369553751384,0.0019299619716058542,1.3918575927862082,1.72895,0.0,0.0,0.03424490418253135,-0.0453192422905915,0.0341436,-0.0453239,-1.8594493084764383
-0.000382153591891012,0.0009208434342791113,1.3526904994691915,1.72895,0.0,0.0,0.03412852569466926,-0.04535507380664467,0.0339695,-0.045428,-1.841298157316999
-0.0031291119080015667,-0.006473970070945524,1.3239404087255824,1.72895,0.0,0.0,0.03394081504643886,-0.04582919737081309,0.0337423,-0.0463636,-1.8226082379138604
-0.0055865534145846255,-0.022892498324363245,1.3117519089503964,1.72895,0.0,0.0,0.03372829247089371,-0.04701817857389414,0.0335507,-0.0482047,-1.8026996331677956
-0.006203047858791937,-0.046675940651324535,1.3251722970202882,1.72895,0.0,0.0,0.033598152340857654,-0.04895673669357402,0.0335536,-0.0506755,-1.7802721712840535
-0.0060209602957441224,-0.0763239172071381,1.3505958486120662,1.72895,0.0,0.0,0.033510941037658865,-0.05166352309656566,0.0335241,-0.0538061,-1.7562216652522848
-0.0027126078695222083,-0.1115613729396805,1.38486752054866,1.72895,0.0,0.0,0.03363331456077955,-0.05521418696406969,0.0338724,-0.0577607,-1.7306762629537589
0.005306070328921544,-0.1497960166063662,1.3988430168967474,1.72895,0.0,0.0,0.034120012402533956,-0.059526788518274976,0.0346995,-0.0622899,-1.7068822375259463
0.01575078306898641,-0.18824850365028215,1.3887870956223112,1.72895,0.0,0.0,0.034895389625749305,-0.06446554558257273,0.0356502,-0.0672444,-1.6856301299702536
0.024898352456472754,-0.22846939232997826,1.3715725370865266,1.72895,0.0,0.0,0.03575213057236825,-0.07013644810898512,0.0364132,-0.0730431,-1.665254568570976
0.03599206326820223,-0.26989181936345086,1.366139183585527,1.72895,0.0,0.0,0.036883888338030586,-0.07653031627003834,0.0376856,-0.0795238,-1.6438851908020697
0.04801471762962517,-0.3104475673300471,1.345684064137974,1.72895,0.0,0.0,0.03825455616830492,-0.08352964875856192,0.0391234,-0.0864605,-1.6242411524016531
0.056180251383128564,-0.347081196422385,1.2881523015892524,1.72895,0.0,0.0,0.039562599559535394,-0.09091858939393513,0.0401527,-0.093566,-1.6087842613114869
0.060504117925777305,-0.38190757621568655,1.1935551783340912,1.72895,0.0,0.0,0.040747326176689615,-0.09877419428022724,0.0410598,-0.101291,-1.5976644184131548
0.06621978986815519,-0.4163810971116553,1.0618640803282666,1.72895,0.0,0.0,0.04209324426689483,-0.10716369441249338,0.0425063,-0.109655,-1.591376693610875
0.06933262164969622,-0.44982787085242043,0.9143005184997762,1.72895,0.0,0.0,0.04335854429461313,-0.11603689457709027,0.0435835,-0.118454,-1.5885161102860668
0.06981344264281185,-0.48166056670880947,0.787562134385412,1.72895,0.0,0.0,0.0444996524025511,-0.1253385395018762,0.0445344,-0.127639,-1.5861244706942854
0.0664445797315046,-0.5128503151218838,0.6528465862013733,1.72895,0.0,0.0,0.04539395836387908,-0.13510700352749277,0.0451505,-0.137361,-1.5869795845441574
0.0633083872498154,-0.5444989603929891,0.5491669825901921,1.72895,0.0,0.0,0.046249743918290405,-0.14540484032638104,0.0460231,-0.147692,-1.586986242570977
0.06155895596730341,-0.5727783984833774,0.4388540369710253,1.72895,0.0,0.0,0.04714702653885669,-0.15598632356965397,0.0470206,-0.15803,-1.5896526774868696
0.0572910718352243,-0.5958404737486831,0.31053795030157727,1.72895,0.0,0.0,0.04784982813001798,-0.1666753678871579,0.0475414,-0.168342,-1.5961267509293722
0.05230979860499216,-0.6146890988124788,0.212013875607989,1.72895,0.0,0.0,0.04843718277834237,-0.17745486222823145,0.0480772,-0.178817,-1.6016323494662328
0.048956313644082664,-0.6351993471859195,0.09414715571384531,1.72895,0.0,0.0,0.049052447042123866,-0.1886457813276428,0.0488101,-0.190128,-1.610999197778577
0.04281903383297463,-0.6594957976435646,-0.04063280748984517,1.72895,0.0,0.0,0.04943002416254915,-0.20041516302110912,0.0489865,-0.202171,-1.6243719368040868
0.0350544360669871,-0.6850415684184051,-0.16632141279766582,1.72895,0.0,0.0,0.04960182591044938,-0.21265587811240463,0.0490407,-0.214502,-1.6392548012638712
0.03039177739694869,-0.7140601591644268,-0.28363770661797594,1.72895,0.0,0.0,0.0498544573891903,-0.2255349070606018,0.0495175,-0.227632,-1.6554243856136046
0.028878315119925183,-0.7414865122234877,-0.3839736254491849,1.72895,0.0,0.0,0.050240673714353326,-0.23877297365499275,0.0501313,-0.240755,-1.6716442308236277
0.027231151770534246,-0.7656399677605821,-0.4623337580923752,1.72895,0.0,0.0,0.05059383591943095,-0.2522334968667766,0.0504748,-0.253979,-1.6868917205841143
0.02391239271484985,-0.7900971010018517,-0.5366961648450672,1.72895,0.0,0.0,0.05081013749742202,-0.2661005509227143,0.0505703,-0.267868,-1.702826026048488
0.023339055066104297,-0.8203618581005123,-0.5907290610187882,1.72895,0.0,0.0,0.051154833519139464,-0.2807428500801541,0.0511134,-0.28293,-1.7176165086651252
0.026821913124218017,-0.8509262692765965,-0.6385643178163729,1.72895,0.0,0.0,0.05175850352354042,-0.2958891949124195,0.0520102,-0.298098,-1.7324694269302632
0.029769301901388844,-0.8748971968152153,-0.7238036531226038,1.72895,0.0,0.0,0.05238250040093733,-0.3110886876581626,0.0525955,-0.312821,-1.7522896293164028
0.03195965468755849,-0.892436142237393,-0.7950577979283926,1.72895,0.0,0.0,0.05300360928895652,-0.3262465091376334,0.0531619,-0.327514,-1.7723136884502306
0.03332143101774011,-0.9119809033853251,-0.8184990308806859,1.72895,0.0,0.0,0.053604988207640474,-0.34181755440730105,0.0537034,-0.34323,-1.787782951671309
0.03381768205341913,-0.9370847378533869,-0.860908692576574,1.72895,0.0,0.0,0.05417093731623979,-0.35806881562159387,0.0542068,-0.359883,-1.8055546497381636
0.03126578025476183,-0.9630707920253598,-0.8938807344681451,1.72895,0.0,0.0,0.05454331885379067,-0.3747800600544038,0.0543589,-0.376658,-1.8230544170209957
0.030719647189760436,-0.9846845253406771,-0.9041924745413655,1.72895,0.0,0.0,0.05500746751944677,-0.391618035536381,0.054968,-0.39318,-1.8385107274753878
0.03231543843946635,-1.0048399406958584,-0.9070380381562195,1.72895,0.0,0.0,0.05560447659950129,-0.4087054241241442,0.0557198,-0.410162,-1.85328739810449
0.029885643780357244,-1.0271715010862865,-0.9198087216439481,0.0,0.0,-10.8859,0.05596089451002988,-0.42625916016779064,0.0557853,-0.427873,-1.869178361800884
0.024630625701575728,-1.053549729541277,-0.9254684457880604,0.0,0.0,-10.8463,0.056091665558082225,-0.44443771870843257,0.0557119,-0.446344,-1.8845148303316155
0.021133213245334355,-1.0784854305621716,-0.9332955024572056,0.0,0.0,-10.8006,0.056254548282380065,-0.462942966158745,0.0560018,-0.464745,-1.90017287541791
0.020759015779018848,-1.0958965335303714,-0.9437885324823108,0.0,0.0,-10.7493,0.05656794221136784,-0.48134974795663527,0.0565409,-0.482608,-1.916250481444227
0.015865899999924268,-1.1123077512231354,-0.9805986900632065,0.0,0.0,-10.6921,0.05657661188425058,-0.4999690068878038,0.056223,-0.501155,-1.9353882836934393
0.003203481016484591,-1.1295223028153405,-1.0687435077504495,0.0442633,-0.10756,-10.6137,0.05599337784365832,-0.5189039521785576,0.0550783,-0.520148,-1.9611643820939753
-0.007112184634650244,-1.1368985529532036,-1.1832828653486422,0.0475259,-0.105875,-10.5045,0.05536268449962729,-0.5374639388938031,0.0546172,-0.537997,-1.992845515231966
-0.009779492246488709,-1.127862868431057,-1.2996788664343586,0.0512158,-0.104126,-10.3734,0.055072558911311235,-0.5550569838192305,0.0548798,-0.554404,-2.0282043344984606
-0.005873355205910391,-1.102751528465697,-1.4416053972644391,0.0,0.0,-10.2119,0.05517431432734922,-0.5714427267798455,0.0554566,-0.569628,-2.0703694426930204
0.002615581638442466,-1.0557434983119507,-1.5486147729959598,0.0,0.0,-10.0477,0.055641528116575405,-0.5859791397506253,0.056255,-0.582582,-2.1120530519777416
0.010022412379837264,-0.9872772740301035,-1.6564255848252352,0.0,0.0,-9.88177,0.05617302891853903,-0.5983448638292729,0.0567083,-0.593397,-2.1542008095070795
0.01273180074634063,-0.8373639791641729,-1.4815263905317129,0.0,0.0,-9.88177,0.05651250002944972,-0.6042308173599406,0.0567083,-0.593397,-2.1550717820300385
0.012674645746687491,-0.6622486410293859,-1.1514505653925706,0.0,0.0,-9.88177,0.05671243043304801,-0.6060520990155555,0.0567083,-0.593397,-2.152363109635495
0.016402010087403135,-0.7137023446657097,-2.393712884797049,0.0,0.0,-9.42376,0.05716163373373668,-0.620049583776896,0.057431,-0.623768,-2.2505254893436692
0.01707940042387177,-0.7351742277964937,-2.395050961532706,0.0,0.0,-9.22389,0.05746884688217777,-0.6328882866551566,0.0575178,-0.63444,-2.328248364258958
0.016233748984031977,-0.7266244784898533,-2.4280611213074854,0.0,0.0,-9.02399,0.057686212880332516,-0.6440858666311368,0.0576251,-0.643468,-2.373676912283539
0.015244751353153936,-0.6955216902642678,-2.525735837984068,0.0,0.0,-8.82566,0.05788057211134229,-0.6536557121013333,0.0578091,-0.651408,-2.4238201495007674
0.012044844522820694,-0.6470805439330912,-2.6228820323956885,0.0,0.0,-8.61965,0.05791294837726808,-0.661581707075563,0.0576817,-0.658081,-2.4762811539559118
0.005127672539691991,-0.5864266950211194,-2.7665552555081474,0.192314,-0.133009,-8.38424,0.05764838480327601,-0.667925285164117,0.0571485,-0.663542,-2.536542095269448
-0.0029288765649364947,-0.5225416593297872,-2.893211824967403,0.199395,-0.120214,-8.13906,0.057197824422650416,-0.6730847940564053,0.0566156,-0.668468,-2.5991871685673797
-0.00896508587608598,-0.4561825674255142,-3.0128221514807096,0.206157,-0.106986,-7.8866,0.05675192007829159,-0.6770585872259719,0.0563157,-0.672263,-2.663016406545916
-0.013035021920498477,-0.3885512277060128,-3.160055517836011,0.288904,-0.125274,-7.61055,0.056339422971623275,-0.6798865290412665,0.0560453,-0.674999,-2.7326382139814656
-0.016322187720603534,-0.32509086022653877,-3.2742159334469196,0.295919,-0.104754,-7.33738,0.05591355434060755,-0.6819081044644653,0.055676,-0.677322,-2.80153312364648
-0.020914764887573628,-0.26917367641038753,-3.387201753214845,0.300848,-0.0835592,-7.06417,0.05534879279365038,-0.6834129795361257,0.0550169,-0.679372,-2.8707694751941397
-0.029804041903366055,-0.21639867046271455,-3.496178191367371,0.30312,-0.0617337,-6.79106,0.05442650335546717,-0.6842309030705596,0.0537841,-0.680417,-2.9407324628297533
-0.038988762712438514,-0.16649611720020527,-3.5749315749639656,0.303955,-0.0408976,-6.52826,0.053342454257662916,-0.6843943188946933,0.0526787,-0.680788,-3.007834321955003
-0.04535069236528256,-0.1195205672993401,-3.6401614573123244,0.346709,-0.0236714,-6.27,0.052298058982532813,-0.6839527924929799,0.0518383,-0.680558,-3.0733852249215614
-0.04963287146230628,-0.07491635933364146,-3.69709858823857,0.344783,-0.00103441,-6.01322,0.051289361187423034,-0.6829164221989273,0.0509799,-0.679693,-3.138551124550558
-0.05631061747334556,-0.035017019399913994,-3.7517177444690515,0.350294,0.0219809,-5.75758,0.05005378215339988,-0.6814774144564081,0.0495712,-0.678594,3.078959194756517
-0.06735024700469505,-0.0017546807653096921,-3.81091481380355,0.345131,0.0450518,-5.49923,0.048423003358074465,-0.6798387768101494,0.0476252,-0.677435,3.01183057441018
-0.08412924631460349,0.026132168496607693,-3.8358418903752374,0.0,0.0,-5.25717,0.046236171667967715,-0.6780233051263266,0.0450236,-0.676008,2.947791464243256
-0.10250971849009563,0.0497143392207374,-3.8233877184565532,0.0,0.0,-5.03194,0.04367500566306236,-0.6760462179668231,0.0423467,-0.674342,2.8878277591640344
-0.12013677915124082,0.06663779444395407,-3.8268505133202146,0.0,0.0,-4.80085,0.04086955870590214,-0.6741320110955231,0.0395957,-0.672909,2.826293002370081
-0.1369914482659268,0.07745479837045703,-3.7861580068103695,0.469956,-1.20433,-4.59047,0.03783314011454782,-0.6723507148240674,0.0366151,-0.671569,2.769499756502733
-0.15471770851721223,0.08670094173017201,-3.7453680707816455,0.536104,-1.1734,-4.38366,0.03446942758470453,-0.6705001930947656,0.0331884,-0.669832,2.712997142152786
-0.17224138427744254,0.09322651308406943,-3.7447932598732723,0.603755,-1.13613,-4.16456,0.030835487366316895,-0.6686815849136704,0.0295691,-0.66821,2.6531295140060394
-0.1833367531127915,0.09286489299517345,-3.8024779753606675,0.677229,-1.0927,-3.9162,0.02734613148273039,-0.6672138667207583,0.0265443,-0.66724,2.586804935153918
-0.1862393186257624,0.0907765757557483,-3.863403296804915,0.75008,-1.04263,-3.65512,0.02422086034627824,-0.6658660831144644,0.0240111,-0.666017,2.517989512692963
-0.18087731657633935,0.09128720078738635,-3.9629051867249863,0.825655,-0.982056,-3.36428,0.021595503007561617,-0.6643799014525171,0.021983,-0.664343,2.442491408713422
-0.16650745602978967,0.09954233064993127,-4.055304945727412,0.900385,-0.914499,-3.05657,0.019651430097858483,-0.6623735753023665,0.0206899,-0.661777,2.3638792639718065
-0.14045592323172873,0.11047562429845843,-4.136141257387693,0.969459,-0.840746,-2.74072,0.0187095280959964,-0.6600581187592246,0.0205922,-0.659268,2.285138048133971
-0.109092189711674,0.12031486995455326,-4.177360998673283,0.0,0.0,-2.44672,0.018535630107142948,-0.6576400549500833,0.0208022,-0.656929,2.212366783282544
-0.07679636619080121,0.1329328499916553,-4.1765672767157485,0.0,0.0,-2.17566,0.018925170552135363,-0.6548808663644582,0.0212591,-0.653969,2.145629164212658
-0.04577803652343755,0.15421511879107277,-4.111333368535523,0.0,0.0,-1.93042,0.019746991484042985,-0.6513470104438652,0.0219886,-0.649809,2.085756515676969
-0.019941369340096014,0.18322729040332042,-3.971888726495661,1.16056,-0.535253,-1.71366,0.020722555837074223,-0.6469616290464327,0.0225897,-0.644865,2.0329129414203315
0.0011137296711916933,0.21402029877176276,-3.7510272050936635,1.16572,-0.516596,-1.52732,0.02179540648564388,-0.6419943251716279,0.023317,-0.639769,1.987980436653174
0.019786668108422605,0.23555593375366965,-3.430904061673819,1.17987,-0.474071,-1.37877,0.023047658612674795,-0.637146320514021,0.0243971,-0.63559,1.953195808048435
0.03570536438135033,0.24381192601019452,-3.081612844094673,1.18934,-0.438044,-1.25354,0.024416600042587954,-0.6328316376251837,0.025567,-0.632235,1.924308538242981
0.039890461301175635,0.21993228345025784,-2.426914547808143,1.18934,-0.438044,-1.25354,0.025264554671828234,-0.6305092845699817,0.025567,-0.632235,1.92651902043153
0.04589007123721445,0.20039388630815536,-2.2806859977790914,1.19653,-0.405235,-1.13981,0.02629942485687438,-0.6282820143163231,0.026733,-0.629694,1.8975094400076953
0.05568613891113351,0.20927344757367985,-2.5314180698174766,1.21211,-0.330455,-0.885317,0.02768126540273983,-0.6244887012251857,0.0283892,-0.623847,1.8373946964860255
0.05436333348058798,0.18971306695387785,-2.2706735952309214,1.21211,-0.330455,-0.885317,0.02848479547370421,-0.6224334256314601,0.0283892,-0.623847,1.8347424419423162
0.04765109023873714,0.18376559425971514,-2.1888606945152778,1.21918,-0.290818,-0.755638,0.02891087517243712,-0.6197911926705072,0.0284258,-0.620221,1.8049744926812301
0.0403796157219526,0.18861431410562435,-2.1966976276034362,1.2259,-0.246389,-0.609184,0.029192589263128784,-0.6165304035134914,0.0286671,-0.61618,1.769146834894367
0.03352967230909418,0.1994368689018863,-2.2329824670897285,1.2315,-0.197649,-0.449169,0.029385826381263948,-0.6127971159700045,0.0288908,-0.612015,1.7299599115114508
0.026893365087853994,0.2166590589584148,-2.291658915334565,1.23569,-0.144729,-0.276262,0.029483587487178296,-0.6084675998320394,0.029004,-0.607223,1.6874285975974446
0.02184780258136391,0.23749409572472938,-2.3668308015956714,1.23774,-0.0878646,-0.0898021,0.02958032878574154,-0.6036236902272462,0.0292157,-0.602118,1.6417027006238274
0.017123017662977965,0.25986647170937466,-2.431932968474051,1.23699,-0.0307986,0.0967967,0.02961754708057129,-0.5983447894618175,0.0292761,-0.596728,1.5957164871286706
0.01134297422246494,0.2865108610630299,-2.483361861451483,1.23401,0.0251322,0.279171,0.029509407682451,-0.5924255160003175,0.0290917,-0.5905,1.5504599934702088
0.0076870096441048405,0.31474813784890254,-2.539584047618327,1.22809,0.0822618,0.46865,0.029449206403786853,-0.585974629549993,0.029185,-0.583934,1.5039447814210543
0.005830475131341557,0.3416796696627872,-2.574014852520322,1.21933,0.136761,0.651647,0.02944946659177354,-0.5791582669882347,0.0293153,-0.577212,1.4591262273718453
0.0032082286733166815,0.3670772063240583,-2.5837795394252296,1.20844,0.187591,0.822945,0.02936940246690528,-0.572012409420003,0.0291799,-0.570177,1.416799084946831
-0.0023623754147845104,0.39297181027286665,-2.5760715930340274,1.17711,0.317308,0.984265,0.029052472082275953,-0.5644273310920174,0.0286499,-0.562556,1.3763225931217848
-0.009827392098621017,0.41826376346785776,-2.550857368596687,1.16007,0.360883,1.13659,0.028521176017880345,-0.5564677791962064,0.0279817,-0.55464,1.3378560248418416
-0.014627653751056124,0.4426290836004458,-2.513066661569012,1.14181,0.401788,1.28513,0.02804660157446621,-0.5481648139989787,0.0276997,-0.546404,1.3010658359670222
-0.01775363830600337,0.4654420292295316,-2.4605367088274703,1.12267,0.43935,1.4251,0.02760590621978245,-0.5395746282061161,0.02738,-0.537926,1.2663649496474372
-0.021131755194438426,0.488231900491613,-2.4018650253586005,1.10303,0.474626,1.55826,0.027098527123098497,-0.5306209606857135,0.0268544,-0.528974,1.2330435448349348
-0.0219629658440706,0.5121975199933294,-2.3127757949407597,1.08459,0.504581,1.67776,0.026705469284540814,-0.5212249287447562,0.0266454,-0.519493,1.2037553720139254
-0.024333054888974758,0.5343168431165342,-2.2289899643871887,1.06461,0.533081,1.79194,0.026197379751153833,-0.5115675020345035,0.0260261,-0.509969,1.1750626869057528
-0.031207480689586228,0.5519170375520379,-2.133159531435989,1.05438,0.53946,1.89082,0.02535359565541464,-0.5018549171584096,0.0248568,-0.500583,1.149025056350243
-0.039560675181142715,0.5678175937404069,-2.0048248596902445,0.0,0.0,1.97105,0.024302062160681065,-0.49197308902389425,0.0236984,-0.490824,1.1276613776783608
-0.047511452490028694,0.5868094740546547,-1.8396971145891092,0.0,0.0,2.03043,0.02314348058880678,-0.4816324904307548,0.0225689,-0.48026,1.1116274900306409
-0.05336363296882559,0.6103074420144163,-1.6310583935537246,0.0,0.0,2.06498,0.02199642082581065,-0.47069013286695793,0.0215735,-0.468992,1.1021529559965078
-0.058171590748024665,0.6341065832521697,-1.3456255886862356,0.0,0.0,2.057,0.020824757752167557,-0.4593518978230972,0.0204773,-0.457632,1.1032583974158399
-0.05395633257923216,0.57321561307939,-1.1174136353589779,0.0,0.0,2.057,0.0201726750021535,-0.45323157874108866,0.0204773,-0.457632,1.1032240780599454
-0.05701738190197454,0.5956627439851863,-0.7860822776960834,0.0,0.0,1.98917,0.019107013530941463,-0.44257619179229946,0.0188858,-0.440954,1.1186346448238667
-0.061850869683123796,0.6389189248557822,-0.43630079998607185,0.0,0.0,1.89111,0.017875202734486,-0.43018600402559154,0.0175259,-0.42706,1.1422134899509098
-0.06698031630230109,0.669591310760416,-0.15476635034648056,0.0,0.0,1.78526,0.016546490857534884,-0.41793560812125835,0.0161758,-0.415719,1.1660100897841905
-0.07336299923994509,0.6715941762152599,0.10806776973589644,0.0,0.0,1.66124,0.015052858764772564,-0.4070897415224495,0.0145916,-0.406945,1.1935217698190042
-0.0783526951972087,0.6476320615354408,0.3282412783999368,0.0,0.0,1.53725,0.013549191465426547,-0.39792832453898586,0.0131886,-0.39966,1.221248815688431
-0.08307932087178621,0.603196475576294,0.5230751485341909,0.0,0.0,1.40795,0.011983080106907625,-0.3905037636450532,0.0116415,-0.393715,1.2497844098116615
-0.08680043943078827,0.5446572798656025,0.7080821455010802,1.00112,0.299434,1.27047,0.010407814900969703,-0.3847225349482204,0.0101389,-0.388953,1.2804452564195317
-0.08545307395156942,0.4774778037801415,0.8724409700587828,0.992159,0.263063,1.13556,0.009108079639806128,-0.3804491258882858,0.00920545,-0.385304,1.3118155587322229
-0.08309904476191833,0.404982802929984,1.0135069229122995,0.981879,0.227772,0.998949,0.007896450849970935,-0.37760198768010045,0.00806657,-0.382841,1.3429437209520567
-0.07852182778238295,0.33148171086247313,1.1501377525469465,0.978692,0.193529,0.858918,0.006869457244424832,-0.3759812802627497,0.00720024,-0.381293,1.3756162169747896
-0.07123684374792881,0.26218158507944095,1.2601505424310595,0.975056,0.160846,0.725705,0.006094704441558754,-0.3752588724258198,0.00662117,-0.380267,1.4073164033733847
-0.06390479165036499,0.20317516030591573,1.3261344481683905,0.973896,0.132758,0.60665,0.005439622963393175,-0.37496476960181446,0.00596949,-0.379229,1.4352770868647238
-0.05778141863571853,0.15985072250543975,1.391851480742641,0.972863,0.104329,0.484482,0.0048219508429979685,-0.3745780632357042,0.00526447,-0.377709,1.4639229535407874
-0.05286867947773706,0.13385224016617805,1.4208721017550565,0.971574,0.0791622,0.375027,0.0042222199886711295,-0.37373916190527934,0.00457725,-0.375618,1.4894755577788348
-0.05028412262278693,0.12332670763005787,1.4013821615155124,0.969606,0.058962,0.283802,0.0035471812560069907,-0.3722933490036063,0.00373396,-0.373054,1.5100783999586682
-0.05181918894373698,0.1259870207580205,1.3701580753631046,0.967191,0.0402532,0.194301,0.0026411549785917373,-0.3701442534393923,0.00253022,-0.369952,1.5292257838927095
-0.05528272531715565,0.1366569950184479,1.3142769362450641,0.964221,0.024618,0.116984,0.0015830801519824272,-0.36742308939854945,0.00133278,-0.366652,1.545312148795512
-0.058569037829355096,0.15482192118048066,1.241053568408125,0.959935,0.0115649,0.051025,0.0004813046758610496,-0.3640357287514578,0.000243812,-0.362723,1.5587948177280662
-0.063164944589435,0.17914401851776135,1.1402581431766372,0.956397,0.00241495,-0.00209751,-0.0007596265859052,-0.35995069040763494,-0.00109176,-0.358193,1.5683133210413456
-0.06631329719531007,0.2071359039155395,1.0355777842639076,0.952628,-0.00485521,-0.0454996,-0.0019783973033155777,-0.3552338957960742,-0.00220592,-0.353211,1.5759163405183634
-0.06640637695490491,0.23624312708883624,0.9421333710407773,0.948571,-0.0114826,-0.0837554,-0.003045563384350204,-0.3499954981586959,-0.00305229,-0.347892,1.5829284630724973
-0.06408027274333734,0.26417880314197073,0.8320248962896466,0.94417,-0.0148882,-0.107618,-0.003954291089438724,-0.3443688337028866,-0.00378619,-0.34235,1.5865913765733568
-0.06235355259851642,0.29109092042595813,0.7552212226580589,0.939567,-0.0198599,-0.14131,-0.004865425268027429,-0.3383628639540927,-0.00474064,-0.336418,1.5919585319179648
-0.06355953275363385,0.31755090776984185,0.6676812017787916,0.934894,-0.0224197,-0.169471,-0.00594280716440967,-0.33195618977934105,-0.00602996,-0.330044,1.594814067199219
-0.06696823533200734,0.34108382711492463,0.549975419620722,0.927004,-0.0206099,-0.181281,-0.007185102534056881,-0.32531965870647994,-0.00743144,-0.323619,1.5930619236133683
-0.07188374843447748,0.3611691823936638,0.43971510683877263,0.921254,-0.0178906,-0.190933,-0.008581549523408968,-0.31853451282875866,-0.00893678,-0.317083,1.5902170463096514
-0.07680522214470505,0.38052816853469157,0.3574458485736111,0.915633,-0.0161871,-0.205578,-0.010057038766844942,-0.311476020149034,-0.0104127,-0.310077,1.5884955048751974
-0.08435048148428313,0.39791255069913994,0.2521914055430524,0.905898,-0.0109297,-0.211565,-0.011784725068303784,-0.3042383210051081,-0.01233,-0.302982,1.5828978602266857
-0.09276287196209633,0.4121327179067792,0.1457114385635777,0.898903,-0.0041475,-0.212207,-0.013690459909838965,-0.29693165198038746,-0.0142984,-0.295904,1.575425425226997
-0.09849969075537554,0.42631536614046595,0.058142488061125056,0.892203,0.00230402,-0.211557,-0.015553916042726264,-0.2893999405883678,-0.0159685,-0.288375,1.5682324862515344
-0.10273230176844282,0.4427843052767415,-0.010944378880688166,0.885908,0.00815644,-0.216276,-0.01740972096030407,-0.28149016448056824,-0.0177156,-0.2803,1.5616241204759882
-0.106767430356884,0.459019972078906,-0.10806291769681069,0.87859,0.0175894,-0.20828,-0.01932019246652445,-0.27333230653701396,-0.0196118,-0.272159,1.5508251760750404
-0.11267042407880291,0.4759737682939058,-0.16512779417036505,0.849509,0.0238121,-0.219228,-0.02141870704226841,-0.26486720375471184,-0.0218453,-0.263642,1.5427988017008956
-0.11672942947605393,0.4949845532650932,-0.21792507502946998,0.843083,0.030758,-0.227337,-0.02348976695588168,-0.2559948566177946,-0.0237831,-0.254621,1.5343676740334842
-0.12013294226315176,0.5114477763201714,-0.2732515042339517,0.834562,0.0384354,-0.235381,-0.025582437585855104,-0.2469867513952594,-0.0258284,-0.245797,1.5248098420677878
-0.12405008107266655,0.5231882150710344,-0.3388687619158271,0.824203,0.0475507,-0.241,-0.02776351926007116,-0.23802744889351654,-0.0280466,-0.237179,1.5132132260892974
-0.12938686685551154,0.5291461955101724,-0.4198947934857592,0.732157,0.0528308,-0.242364,-0.030101125317096276,-0.2292625666950316,-0.0304868,-0.228832,1.4988010904453128
-0.1332848510592,0.5340620111683129,-0.5134604767030371,0.722904,0.0646935,-0.233775,-0.03242900351022262,-0.22047125234144882,-0.0327107,-0.220116,1.4815665956707782
-0.13205586653622545,0.5429672130419468,-0.6334653507180117,0.715549,0.0798633,-0.203197,-0.034480315297349094,-0.21133755420070402,-0.0343915,-0.210694,1.4596394757710458
-0.12453350518814785,0.5567997287397474,-0.7598567312423138,0.708728,0.097079,-0.157109,-0.036095920157461235,-0.2017356374826696,-0.0355523,-0.200736,1.4345977975411026
-0.1117410777887106,0.5682673937677687,-0.8847242017078205,0.697339,0.114917,-0.0976804,-0.037242773190718316,-0.1920687362943338,-0.0363183,-0.19124,1.4073783720296138
-0.0979594986067085,0.5732499151589256,-0.9957804299213402,0.681965,0.131921,-0.0394132,-0.038119556442174775,-0.182647072979465,-0.0371236,-0.182287,1.3796466457479124
-0.08627021460101666,0.574392274478718,-1.1013758045383595,0.666109,0.148891,0.0148064,-0.03891415208219121,-0.17339955513456043,-0.0380694,-0.173317,1.3508569838437934
-0.07539561997580474,0.5807610311339069,-1.1739345166505615,0.65521,0.164789,0.0530317,-0.03957557674387585,-0.16378825235102684,-0.0387897,-0.163328,1.3244112431032011
-0.06756180495646424,0.5936034646499785,-1.2086552059451352,0.646408,0.178377,0.0599282,-0.04026402804906326,-0.15364708699385018,-0.0396979,-0.152719,1.3015752481611322
-0.06367226073213934,0.6084647242522235,-1.2171894417953635,0.635998,0.189454,0.0395418,-0.04108788655591509,-0.14316698194678712,-0.0408068,-0.142093,1.2812877948516987
-0.061459852286193134,0.6215129062050742,-1.1944446762152223,0.623538,0.197334,-0.00399512,-0.04196038461230477,-0.13256895586180584,-0.0418005,-0.131626,1.2642692463323837
-0.0643711933393878,0.631722453385431,-1.1522392661236178,0.610026,0.202952,-0.0893134,-0.04313620546980829,-0.12194981561254191,-0.0433466,-0.121212,1.2495869565101103
-0.0704312005296667,0.6451876894736883,-1.0736011843214077,0.0,0.0,-0.228564,-0.04456676011509438,-0.11095209520559282,-0.0450047,-0.109979,1.2393040874813854
-0.07918016438153692,0.658075046615665,-0.9653512073876367,0.0,0.0,-0.422844,-0.04627203668709869,-0.09977713349949625,-0.0469043,-0.0988458,1.233120226791276
-0.08998180645293066,0.6653721047219054,-0.8372647580988586,0.0,0.0,-0.66985,-0.04825299533452596,-0.08876553811806741,-0.0490336,-0.0882382,1.2305945768621631
-0.10169918320184411,0.6654608809753497,-0.6887216220087494,0.0,0.0,-0.97339,-0.05046731773329797,-0.07811371561321546,-0.0513141,-0.0781073,1.2322630582408471
-0.1111466434238863,0.6629549537528279,-0.5487295514475485,0.0,1.0803,0.0,-0.05271905829485341,-0.06763200360110899,-0.0534018,-0.0678131,1.2355583221099635
-0.11653846768884343,0.6593410458870095,-0.41645569275503147,0.0,1.0803,0.0,-0.05485384783889126,-0.057263632917994745,-0.0552435,-0.0575248,1.2405636824802737
-0.11918226773173428,0.6500899466865044,-0.2876834469185859,0.0,1.0803,0.0,-0.05689323991539244,-0.047325748760387816,-0.0570843,-0.0479943,1.2475412583178398
-0.11726678021360618,0.6263972074291426,-0.17348150399449647,0.0,1.0803,0.0,-0.05867352696169946,-0.03849059155244031,-0.0585351,-0.0402028,1.2551962383916149
-0.11505254544858041,0.585732703463046,-0.015986468767774237,0.0,1.0803,0.0,-0.060403416595311135,-0.031156489264602835,-0.0602434,-0.0340952,1.269595156538988
-0.11793197999134498,0.539779176699337,0.11342331582301815,0.0,1.0803,0.0,-0.0624346112646806,-0.024822666279956017,-0.0626427,-0.0281436,1.2837605013346962
-0.1273771400921398,0.49706996721835034,0.22356617836364262,0.0,1.0803,0.0,-0.06494592451822621,-0.019009624077245758,-0.0656285,-0.0220961,1.2979420876513739
-0.1401253760840843,0.4585479577899889,0.3057267013950649,0.0,1.0803,0.0,-0.06782672039953719,-0.013603121392982453,-0.068748,-0.016387,1.3107609814577434
-0.15348883986775866,0.4262333375400068,0.3921540113716099,0.0,1.0803,0.0,-0.07095215959613532,-0.008402612164740059,-0.0719179,-0.0107379,1.325322461456465
-0.14272043818029298,0.36007254233847363,0.3368913394556159,0.0,1.0803,0.0,-0.07269610247526954,-0.005956643125865754,-0.0719179,-0.0107379,1.3254254909406942
-0.1205941697341193,0.28388541938325695,0.285630833763159,0.0,1.0803,0.0,-0.07351690395370031,-0.005232068272304876,-0.0719179,-0.0107379,1.3253790273870072
-0.1616635548882328,0.3168959414039907,0.7023937553943249,0.0,1.0803,0.0,-0.07816142962590719,0.0014923612769870758,-0.0811294,0.00387794,1.3733424591717658
-0.19272945220670065,0.33910816574430724,0.7952051260715969,0.0,1.0803,0.0,-0.0828017539020409,0.008031104252615976,-0.0850468,0.00963632,1.3983708807990127
-0.21131712271516698,0.34701322491293507,0.8737160912468346,0.0,1.0803,0.0,-0.0871142206890118,0.013979423334184412,-0.0884575,0.0145507,1.4204350411866984
-0.2221391778540069,0.3446187593986922,0.9369623562033018,0.0,1.0803,0.0,-0.09121072013884925,0.019373341370874965,-0.0919928,0.0192003,1.4416970693906836
-0.22602175614772324,0.3323438716804289,1.007077178853543,0.0,1.0803,0.0,-0.0950216168525386,0.024075772035688173,-0.0953022,0.0231887,1.4646588279919968
-0.2268834347239861,0.3123000230088526,1.0688407826818211,0.0,1.0803,0.0,-0.09869492888304167,0.028068213261564605,-0.0987572,0.0266197,1.4878641277046922
-0.22541594877349458,0.28929293171671566,1.109836473184043,0.0,1.0803,0.0,-0.10222805113295737,0.03154405857384699,-0.102122,0.0298814,1.5096500507435477
-0.2248832937226924,0.2676413433264637,1.1325481035918732,0.0,1.0803,0.0,-0.10579949350080259,0.034741400144722843,-0.105761,0.0331767,1.5299504064556577
-0.2259916835653174,0.24972151752049632,1.1515691453378434,0.0,1.0803,0.0,-0.10947089974518703,0.03783901602961514,-0.109551,0.036544,1.55016302029601
-0.2285154957356036,0.23684956676792576,1.1716533833451763,0.0,1.0803,0.0,-0.11325361110561856,0.04098362012253292,-0.113436,0.0400534,1.5707920754107318
-0.2281840852120666,0.22658608057393634,1.1862654354582427,0.0,1.0803,0.0,-0.11688795011787562,0.04409471363521424,-0.116864,0.043353,1.5911468632107504
-0.20162663645707696,0.1950263276437605,1.014679722072105,0.0,1.0803,0.0,-0.11878323304477331,0.04563373567108343,-0.116864,0.043353,1.5913650841161784
-0.1864775533577495,0.17667510066559033,1.0801900283411008,0.0,1.0803,0.0,-0.12100778215134592,0.04754099219389522,-0.119913,0.0462148,1.613748407827071
-0.17835888738768485,0.16202730221244427,1.1177571747385378,0.0,1.0803,0.0,-0.12345471343595447,0.04939945570253809,-0.122868,0.0483409,1.6353332257748523
-0.19348112420956595,0.16178598361723892,1.3778043411870677,0.0,1.0803,0.0,-0.127308157954546,0.051975939424491004,-0.128401,0.0519585,1.6828967806921753
-0.17900704071202705,0.14295303599136794,1.2379606919029125,0.0,1.0803,0.0,-0.12944700180527752,0.05331950480688175,-0.128401,0.0519585,1.6839583399863294
-0.1677831139897884,0.12727788975859283,1.27814867741393,0.0,1.0803,0.0,-0.13156912200408136,0.054570499272593664,-0.130758,0.0534377,1.7074612610796485
-0.15800064827470403,0.11298960841918507,1.3215682350443767,0.0,1.0803,0.0,-0.1336069516214815,0.05566237439946889,-0.1329,0.0546298,1.7328170731752124
-0.14812922041000687,0.09986654479385033,1.354267819386135,0.0,1.0803,0.0,-0.13548238066889665,0.05660266735225453,-0.134769,0.0556543,1.7577147425261548
-0.13894804423270143,0.08648170085488902,1.3726067062778622,0.0,1.0803,0.0,-0.13724549809697212,0.05731568548829307,-0.136582,0.0563484,1.7814640791101681
-0.13032174583651301,0.074720985888398,1.3975457711740253,0.0,1.0803,0.0,-0.13889839862118455,0.05792191419929254,-0.138275,0.057072,1.8062084655751174
-0.12352467717103394,0.0636644624508715,1.422958880120369,0.0,1.0803,0.0,-0.1405342052701572,0.05838652423374251,-0.140043,0.0575875,1.8314283638914548
-0.1183387805627006,0.05032497657128228,1.458835003003069,0.0,1.0803,0.0,-0.1421677703414328,0.05852330758734721,-0.141793,0.0575593,1.8582409261588595
-0.11217300744805715,0.037081233346001524,1.491865261702735,0.0,1.0803,0.0,-0.14365358329444108,0.058452988531694,-0.143208,0.0574959,1.8853638258969965
-0.10664925211917263,0.024722177844496193,1.5156425088194163,0.0,1.0803,0.0,-0.1450831864525935,0.05822925460756448,-0.144684,0.0573361,1.9119499352013238
-0.10220066631219181,0.01244679920182411,1.5433466114562475,0.0,1.0803,0.0,-0.1464954869380728,0.05781330751343141,-0.146174,0.0569262,1.939326599465341
-0.0971441461401355,0.0006466003253964916,1.5789218778430854,0.0,1.0803,0.0,-0.14779642066579154,0.05723236759177712,-0.147431,0.0563796,1.968061402150143
-0.09163935669019634,-0.009918962901071774,1.614155346371338,0.0,1.0803,0.0,-0.14898681584120943,0.056544243903179706,-0.148589,0.0557807,1.9973825336186595
-0.08666704265243556,-0.018201079200446686,1.6532397055973405,0.0,1.0803,0.0,-0.15012433532239117,0.05583802553718774,-0.149765,0.0552395,2.0277203546537734
-0.08157937237536844,-0.024562822517438118,1.6838676344068606,0.0,1.0803,0.0,-0.1511746717973455,0.05512624551655839,-0.150807,0.0546665,2.057735705077406
-0.07683183680825233,-0.031061382762766154,1.6914081678805193,0.0,1.0803,0.0,-0.1521660912067536,0.05430363289589104,-0.151823,0.053834,2.0855430101206056
-0.07451639071070729,-0.0385240630187511,1.6749188833005715,0.0,1.0803,0.0,-0.1532423308571466,0.05331330717073012,-0.153075,0.052774,2.110785837346411
-0.07503242847857157,-0.04504344927656293,1.6373091824196626,0.0,1.0803,0.0,-0.15446870738407242,0.052265937933958465,-0.154506,0.0517948,2.133582882466381
-0.07662067239076537,-0.05318610608873184,1.5823956217970279,0.0,1.0803,0.0,-0.15577422202461674,0.051006947187466636,-0.155889,0.0504185,2.1540907054316354
-0.07755181543513791,-0.059221643982722484,1.5198040590100792,0.0,1.0803,0.0,-0.15706170887890408,0.04975697155683872,-0.157129,0.0493208,2.1730391402179303
-0.07783699688231474,-0.0627340134688828,1.4482020898598662,0.0,1.0803,0.0,-0.1583213907290483,0.04857722918538159,-0.158342,0.0483234,2.1900995025704075
-0.07830107762037718,-0.06436642139522344,1.398625500749635,0.0,1.0803,0.0,-0.15959746217427925,0.047465569585997756,-0.159631,0.0473476,2.208279905823931
-0.08016355268453097,-0.06492509647856981,1.3726326852099404,0.0,1.0803,0.0,-0.16097340410108035,0.046398773896270756,-0.161108,0.0463584,2.22797050712812
-0.08324921170697111,-0.06607683619717471,1.3583226593037347,0.0,1.0803,0.0,-0.16246000799442728,0.04528383302992382,-0.162683,0.0452006,2.248412585807459
-0.08663135107118462,-0.06955508397484347,1.3506292046294912,0.0,1.0803,0.0,-0.16401558218375145,0.043996663304299216,-0.16426,0.0437453,2.2693169840334932
-0.08908349497990878,-0.0710906320772204,1.3300245484029336,0.0,1.0803,0.0,-0.16556379037178678,0.042782269795597065,-0.165741,0.0426713,2.288689198516426
-0.09109883780020772,-0.06919303706661489,1.3149926810823631,0.0,1.0803,0.0,-0.16712235677301127,0.04177026608011371,-0.167268,0.0419074,2.308363378368196
-0.09318780728759643,-0.06791157652580886,1.2945997709586603,0.0,1.0803,0.0,-0.168718035978316,0.04074789240662091,-0.168869,0.0408405,2.3272084703253655
-0.09861478012314366,-0.06664189333919462,1.2975491396823893,0.0,1.0803,0.0,-0.17056780774933766,0.03974524352329079,-0.17096,0.039837,2.348237340394721
-0.10499854686672572,-0.06463845248518016,1.2898208081275837,0.0,1.0803,0.0,-0.1725676629115831,0.038811416895050924,-0.173029,0.0389562,2.368147283660124
-0.1113100794134026,-0.06222401656066469,1.3001939092528612,0.0,1.0803,0.0,-0.1746648830763264,0.03793681542305255,-0.175121,0.0381113,2.3899105957618056
-0.11737442420012406,-0.059352342329422096,1.3120205519341779,0.0,1.0803,0.0,-0.17684674664904934,0.0371310720808361,-0.177285,0.0373386,2.4120293482743698
-0.12361298293348463,-0.05714555144007669,1.334064145370887,0.0,1.0803,0.0,-0.17913715669109312,0.03632732135290516,-0.179588,0.0364868,2.4354808563414236
-0.12885984039127568,-0.056786329362167966,1.360902567086548,0.0,1.0803,0.0,-0.1814618241873265,0.03543674001835059,-0.181841,0.0354627,2.4598677518681242
-0.1317101923556874,-0.05712785520947319,1.390754459269757,0.0,1.0803,0.0,-0.1837120129818266,0.03450558112422392,-0.183918,0.0344809,2.485056090890707
-0.13216275817658596,-0.05830968041041543,1.4091535622360898,0.0,1.0803,0.0,-0.1858492943253542,0.0335134072241547,-0.185882,0.033428,2.5094242006654968
-0.1294896047917864,-0.06068692757101023,1.4408096906243106,0.0,1.0803,0.0,-0.18778718136908357,0.03242329704828951,-0.187594,0.0322515,2.5355439257529824
-0.12358526402339871,-0.06167342000860233,1.4547623432615573,0.0,1.0803,0.0,-0.18946869030503777,0.03138709106798295,-0.189042,0.0313158,2.560207644209846
-0.11529581959176402,-0.061758090799672045,1.4721798610718226,0.0,1.0803,0.0,-0.19089805512094854,0.03039471892285465,-0.190299,0.0303886,2.5854345737808697
-0.107340728821257,-0.061085206865955234,1.492534175980282,0.0,1.0803,0.0,-0.1922168923106953,0.029451072547385836,-0.191642,0.0294997,2.6112822534108595
-0.10060293794250948,-0.06207750258100111,1.5165852003180094,0.0,1.0803,0.0,-0.19348892142918417,0.028408110454723,-0.193002,0.0283364,2.637889511626775
-0.09459342386383077,-0.06184458831223613,1.5342593251683843,0.0,1.0803,0.0,-0.19470129088800042,0.027430267932833572,-0.194267,0.0274471,2.66417454670806
-0.08740438418007708,-0.06302944208044126,1.5619039275361308,0.0,1.0803,0.0,-0.19573953192675012,0.026362426090297403,-0.19522,0.0262768,2.691846673937061
-0.07965009627455415,-0.0649196275282365,1.5669212989589218,0.0,1.0803,0.0,-0.19662538084547446,0.025228998451365805,-0.196065,0.0250924,2.717415283017389
-0.07478808487123591,-0.06771914705029357,1.5678567281125049,0.0,1.0803,0.0,-0.19757836405742138,0.024005213498777263,-0.197227,0.0238029,2.7425891342209896
-0.0714928916681054,-0.07102470142626151,1.5640950991608564,0.0,1.0803,0.0,-0.19855713445872403,0.022703183231901587,-0.198319,0.0224643,2.767263479701451
-0.061505411811715774,-0.06453863159725495,1.3352824991117591,0.0,1.0803,0.0,-0.19904076742394314,0.02199556975179806,-0.198319,0.0224643,2.7675114683421036
-0.049177678747520444,-0.05368880412010679,1.0736158951044272,0.0,0.0,1.90805,-0.19920989102203399,0.021680213109111435,-0.198319,0.0224643,2.766300921808408
-0.05759150654853104,-0.06897832422108191,1.7112784313955127,0.0,0.0,1.90805,-0.2005529560384844,0.01981043114332016,-0.201161,0.0187055,2.83371713613691
-0.06163543472156921,-0.08319023679100479,1.7423572065532722,0.0,0.0,1.90805,-0.2017417565449909,0.017767255440651112,-0.202034,0.0167402,2.8710588423999677
-0.06178052200593215,-0.09312128264316283,1.724152813893007,0.0,0.0,1.90805,-0.20273751494501244,0.015779689095231322,-0.202748,0.015062,2.896623920326
-0.057075902026838474,-0.09722857989223553,1.6896588364481206,0.0,0.0,1.90805,-0.20341498981642697,0.014018222962094422,-0.203075,0.0137214,2.920540139949446
-0.04845294639319976,-0.0958212890865012,1.6543273506542213,0.0,0.0,1.90805,-0.2037581570490213,0.012555599002931765,-0.203135,0.0126573,2.9438789300310755
-0.037407593894173016,-0.08968550114530387,1.62022786401647,0.0,0.0,1.90805,-0.20380321694105005,0.011428083650744875,-0.203005,0.0118715,2.9667780569310827
-0.02645377323706978,-0.08003071325805114,1.5962076162837022,0.0,0.0,1.90805,-0.20367760218911027,0.010631375300446125,-0.202886,0.0113291,2.990180311791108
-0.014335553342832692,-0.06832330686035472,1.6046945878425884,0.0,0.0,1.90805,-0.20329975008726994,0.010124838262882728,-0.202424,0.0109709,3.016622358447747
-0.005778254706936806,-0.05551441405072533,1.6350573110441529,0.0,0.0,1.90805,-0.20296341220018996,0.009878436899828102,-0.202345,0.0108041,3.0456740301052507
-0.0014287487861432127,-0.04161169123130469,1.7008750642785446,0.0,0.0,1.90805,-0.20276832670994258,0.009909288843686727,-0.202454,0.010914,3.0794296304210897
0.0007406170342108675,-0.027349045190922648,1.7719603071925336,0.0,0.0,1.90805,-0.20264777404132592,0.010186378192376685,-0.202491,0.0112171,3.115432807107748
0.0020119721301351976,-0.01682327711208824,1.8243055827757464,0.0,0.0,1.90805,-0.20255187730095048,0.010444631981588643,-0.20246,0.0112053,-3.132779890313283
0.0030648025511658887,-0.009056426427537932,1.850510046528259,0.0,0.0,1.90805,-0.20245008512975873,0.01068891127738471,-0.202374,0.0112502,-3.10040035206544
0.0015186329712477545,-0.004341773963285514,1.8400734200921045,0.0,0.0,1.90805,-0.20250326261972754,0.010855685163740922,-0.202615,0.0111964,-3.071989448052672
-0.0009531626260461583,-0.0020011599096685997,1.811247294429522,0.0,0.0,1.90805,-0.20264237019884637,0.010940950324584796,-0.202821,0.0111101,-3.0456340641694815
-0.0021266319891708723,-0.00044403083997102003,1.7787329974714425,0.0,0.0,1.90805,-0.2027351966290318,0.011011870607846724,-0.20282,0.0111244,-3.0200432224749227
-0.00396783646371293,-0.0018898530703067985,1.7591099546461253,0.0,0.0,1.90805,-0.2028909412675018,0.010909185556083657,-0.203024,0.0108047,-2.993623545595072
-0.007014429944179607,-0.003811062041191806,1.7636651521352062,0.0,0.0,1.90805,-0.2031558311526214,0.010751940435195971,-0.203376,0.0106131,-2.964994078631951
-0.009998617926467564,-0.0066284968361109715,1.7793282264081973,0.0,0.0,1.90805,-0.20346534102461192,0.010504708185778276,-0.203681,0.0103011,-2.9350440324719766
-0.012048702346749724,-0.008442058933897623,1.8032674159035207,0.0,0.0,1.90805,-0.20376084609409287,0.010278761094720803,-0.203909,0.0101477,-2.9038706349219336
-0.01344616735538395,-0.008928331714112048,1.797985643577945,0.0,0.0,1.90805,-0.20404600908599207,0.010111541582957436,-0.204147,0.0100764,-2.875624772800694
-0.01462305522683389,-0.009186674570487137,1.7941275849737157,0.0,0.0,1.90805,-0.20433894958293178,0.009951609720552243,-0.204424,0.00993294,-2.847276458004095
-0.015794373442650816,-0.009994643268064237,1.7983136579291332,0.0,0.0,1.90805,-0.20465035208647184,0.009751209653232075,-0.204735,0.00969282,-2.8181138183808954
-0.01532418799807733,-0.01037791508834498,1.807634426656813,0.0,0.0,1.90805,-0.20487197899590137,0.009565957989720304,-0.204838,0.00953826,-2.788308483864657
-0.014159486060115625,-0.009655324879464716,1.8283408152473002,0.0,0.0,1.90805,-0.2050401697735076,0.0094476804129641,-0.204956,0.0094999,-2.7570682151533465
-0.012239190232476702,-0.00816658552574521,1.8358278410269226,0.0,0.0,1.90805,-0.20513977444487028,0.009391612942633425,-0.205001,0.0094992,-2.7269569429331746
-0.010052373337310048,-0.007063192049912238,1.8363049386276837,0.0,0.0,1.90805,-0.20519103518202342,0.009333890818735155,-0.205033,0.00941363,-2.6975304469196293
-0.006772358129318012,-0.0057573937796552566,1.8334170259832125,0.0,0.0,1.90805,-0.20513503758717994,0.009307203586523849,-0.204898,0.00940157,-2.668467313831782
-0.002166079240355649,-0.003108476958272433,1.8281805806769098,0.0,0.0,1.90805,-0.20493888297903531,0.009390200140025269,-0.204606,0.00958163,-2.639705148878919
0.0012994249072889198,-0.0006601683274060433,1.8266710973226676,0.0,0.0,1.90805,-0.20474444235755926,0.00950231753666315,-0.204494,0.00967925,-2.6106186155413376
0.0044477577002291005,4.273993884594204e-05,1.8248804999862833,0.0,0.0,1.90805,-0.20451552126485867,0.009538222772281292,-0.204288,0.00958902,-2.5815883430824433
0.005281411716687601,0.00028377561336929746,1.83925634893089,0.0,0.0,1.90805,-0.20438924585987367,0.009554841021400728,-0.204329,0.00957226,-2.5508129319451323
0.004636378141942355,0.00018656585679665915,1.8389489067285354,0.0,0.0,1.90805,-0.20434738521546025,0.009552955079058225,-0.204394,0.00954593,-2.521419706670706
0.0022891616455174564,0.00020932907225476853,1.8339615872833601,0.0,0.0,1.90805,-0.2044283731843847,0.00955744496565519,-0.204598,0.00955909,-2.492545341278849
-0.00022034222312827118,-0.000358721867516416,1.8250626559778216,0.0,0.0,1.90805,-0.20455764512682958,0.00952324146336839,-0.204739,0.00948219,-2.464171753163751
-0.002567794041787271,-0.0014926806760727036,1.8296537987285166,0.0,0.0,1.90805,-0.20471635617830056,0.009442538052950084,-0.204886,0.00936059,-2.434474161410617
-0.004436328952693511,-0.003814880625709142,1.8341976721291091,0.0,0.0,1.90805,-0.20488096617278984,0.009265138939275025,-0.205016,0.00909732,-2.4046941961179367
-0.005354502537206177,-0.005102544124592389,1.853596344016926,0.0,0.0,1.90805,-0.20501264614573894,0.009118975863927473,-0.205079,0.00902592,-2.373187187601875
-0.004745158428210784,-0.005521514485448185,1.8544549243758377,0.0,0.0,1.90805,-0.20505803560599556,0.009009637824076907,-0.205014,0.00897936,-2.3434308260108834
-0.0033940638813921573,-0.00380548299260121,1.868107772315982,0.0,0.0,1.90805,-0.20504463984954993,0.00903473717115759,-0.204947,0.00915875,-2.3122523013891083
-0.0009373767308481773,-0.002199845831046793,1.8490980577059457,0.0,0.0,1.90805,-0.20493653795567837,0.009079995062803997,-0.204759,0.00919603,-2.284520439363657
0.003091780937154731,-0.0008855040110755941,1.8381516719656659,0.0,0.0,1.90805,-0.2046851760316427,0.009131686167920034,-0.204394,0.00922667,-2.2560903804407424
0.0066307612634680544,-0.000220776399450192,1.8377827316880828,0.0,0.0,1.90805,-0.20440175227687438,0.009161461982125071,-0.204146,0.0092095,-2.226719666031725
0.008268770815712902,0.0006619708988885493,1.8357580882324493,0.0,0.0,1.90805,-0.2041873743999405,0.009216286305026277,-0.204069,0.00928008,-2.1975381178953812
0.008710136130708505,0.0010177580467600257,1.832107638282392,0.0,0.0,1.90805,-0.2040258962451993,0.00925039825120213,-0.203994,0.00927611,-2.168566610124474
0.008930797351315798,0.0005086905357941089,1.8255139991515337,0.0,0.0,1.90805,-0.20387194657341512,0.00923302889482495,-0.203856,0.00919624,-2.1399738773256898
0.008960093151907152,0.00020756788423858337,1.836609930524374,0.0,0.0,1.90805,-0.20372711712612482,0.009221261297507409,-0.203725,0.0091995,-2.1095600176652334
0.007939359368837972,2.6304465463281983e-05,1.5791764741749146,0.0,0.0,1.90805,-0.20365123440510208,0.00921259940372404,-0.203725,0.0091995,-2.1090524799677297
0.0034674973136861256,-0.0025289942256131377,2.012233293202156,0.0,0.0,1.90805,-0.2038198309521334,0.00904409433776921,-0.204143,0.00885943,-2.053845234576556
0.0008973207548820558,-0.004706986870713291,2.0153743656801657,0.0,0.0,1.90805,-0.2039342604800609,0.008859647477984933,-0.20412,0.00870225,-2.0208440066896665
-0.000548722162277925,-0.005300197334823364,1.7393904171013295,0.0,0.0,1.90805,-0.20401549849549264,0.008745119672299056,-0.20412,0.00870225,-2.0201688304923504
-0.0019486968782119426,-0.005401057191180233,1.7420588759198063,0.0,0.0,1.90805,-0.2041168277164175,0.008653648861629634,-0.204218,0.00864636,-1.9921317077838143
-0.0018257929787588955,-0.005173357242002929,1.7415196193079698,0.0,0.0,1.90805,-0.20413988192338572,0.008582284757224763,-0.204131,0.00859874,-1.9643194888126876
-0.0024249271935641633,-0.005215424290770276,1.738476177303936,0.0,0.0,1.90805,-0.2042087022346944,0.008496730068751906,-0.204252,0.00849369,-1.936797094106223
-0.0019660226028163606,-0.00477432887208685,1.7481760014805148,0.0,0.0,1.90805,-0.20421716375993368,0.008442443259457432,-0.204184,0.00847432,-1.907898822785517
0.00014143500359085947,-0.003158101341040393,1.7638417274276637,0.0,0.0,1.90805,-0.20410930010668535,0.008472899726220917,-0.203957,0.0085897,-1.8781438916450206
0.002071238279193364,-0.0009794621566870548,1.7817248352151722,0.0,0.0,1.90805,-0.20397946152172286,0.00856639579841933,-0.20384,0.00872384,-1.8478656208826474
0.003605628288888425,0.0010181888350443342,1.7969345615282344,0.0,0.0,1.90805,-0.20384488610345614,0.008682785312313849,-0.203734,0.00882715,-1.817603500876691
0.004438118146734169,0.0035374506892735256,1.7949650152486614,0.0,0.0,1.90805,-0.20373216172936476,0.008865619944319196,-0.203672,0.00904768,-1.7890780875792933
0.0032757131710243544,0.004736875876777767,1.785894738959899,0.0,0.0,1.90805,-0.20373799622157335,0.009001510873709337,-0.203822,0.00908819,-1.7613613949311184
0.003113724825895847,0.0017445728674564385,1.765398266913244,0.0,0.0,1.90805,-0.20369629355230215,0.008879485425848186,-0.203708,0.00866324,-1.7350207374370203
0.0026690931912871233,-1.9893447556873717e-05,1.5027940139912057,0.0,0.0,1.90805,-0.20367586770695614,0.008790753078888148,-0.203708,0.00866324,-1.734814744543908
0.0020054070381551625,-0.0010855082065274494,1.7328466700663019,0.0,0.0,1.90805,-0.2036770372454372,0.008719989018346697,-0.203725,0.00864298,-1.6929171737676412
0.001181204667247712,-0.0007781621217945831,1.8046038117730872,0.0,0.0,1.90805,-0.2036994371842936,0.008722938952265597,-0.203759,0.00874515,-1.654107406374947
0.0014163471010037818,0.0010223875781758093,1.8506831721572925,0.0,0.0,1.90805,-0.20366499309046046,0.00882951927512086,-0.203648,0.00895964,-1.6189878424960633
0.0016861317470552634,0.00359764827149582,1.875991608045052,0.0,0.0,1.90805,-0.20362449658690682,0.009016123063783207,-0.203605,0.00920223,-1.5862594274406474
0.0018633199832073775,0.0063160850758665526,1.9064292777390208,0.0,0.0,1.90805,-0.20358580490159675,0.009253396123981654,-0.203573,0.00944985,-1.5527046386476695
0.000858746207314149,0.006971379058369074,1.9221288097385927,0.0,0.0,1.90805,-0.20362240224392808,0.009397773724295103,-0.203695,0.00944513,-1.5203639461158776
0.0002059007786035361,0.006144600201606975,1.9145233655404656,0.0,0.0,1.90805,-0.20365182067447554,0.00945465901118164,-0.203699,0.00939491,-1.490472537511165
-0.0010766526234839008,0.0056771569161536035,1.9131502134182496,0.0,0.0,1.90805,-0.2037333134285721,0.009522070827679502,-0.203826,0.00948829,-1.459988749358633
-0.0016364354605649563,0.005089658089878258,1.905896439233268,0.0,0.0,1.90805,-0.20378754604944418,0.009574066908099702,-0.203828,0.00953161,-1.4301732386898793
-0.001342098170600881,0.004648528578140378,1.8833909061215457,0.0,0.0,1.90805,-0.20379427093827499,0.009626339204352904,-0.203773,0.00959446,-1.40211904772993
-0.0014017583106443231,0.0047320285719323766,1.8549575119738737,0.0,0.0,1.90805,-0.20381968852741528,0.00970623568741213,-0.203824,0.00971227,-1.3749854037854405
-0.0024487899573601498,0.0070146021873429,1.8365316129129414,0.0,0.0,1.90805,-0.20391133393155195,0.009932844745817291,-0.203987,0.0100978,-1.347234231715214
-0.004352925957276668,0.007781513648545902,1.8188531558370555,0.0,0.0,1.90805,-0.20407639338098713,0.010095777439183436,-0.204214,0.0101512,-1.3197342170255943
-0.006130409130811783,0.005909563818506288,1.8179480431261883,0.0,0.0,1.90805,-0.20426354622890738,0.010096530613929258,-0.204392,0.00996125,-1.2907291876784779
-0.006010208686478732,0.0017823565011057625,1.8301231209681168,0.0,0.0,1.90805,-0.2043536865521944,0.009918241807422188,-0.204345,0.00961998,-1.2603009923038166
-0.005136860095106212,-0.003517356693142035,1.8272198782538587,0.0,0.0,1.90805,-0.20439211447653094,0.009596405549913676,-0.204329,0.00921341,-1.2313472116727786
-0.004946766674032693,-0.008666958808680396,1.8154807873874395,0.0,0.0,1.90805,-0.20446173752346034,0.009199697439264808,-0.204448,0.00882755,-1.2033989574359705
-0.003480567429725703,-0.01103375439989393,1.792952638077952,0.0,0.0,1.90805,-0.2044439581462759,0.008904561742404844,-0.204338,0.00873352,-1.1767793463192722
-0.0008164563439732341,-0.010256171174364385,1.7925032208078475,0.0,0.0,1.90805,-0.20432352790725097,0.008779426220421781,-0.204131,0.00883562,-1.1481396007730469
0.0012185250954916075,-0.008220240796800804,1.7960073755799162,0.0,0.0,1.90805,-0.20420206245543962,0.008749918967440116,-0.204055,0.00889705,-1.1190732237168606
0.002826948138130306,-0.00652814075626254,1.8089178750363228,0.0,0.0,1.90805,-0.20407623626508278,0.008730256630734226,-0.20396,0.00885254,-1.0889016453518734
0.004294009563839826,-0.004684144149255637,1.8073344281496297,0.0,0.0,1.90805,-0.2039340204537307,0.008747709487845097,-0.203828,0.00888097,-1.0601384820107547
0.005517611432897366,-0.0025476589897285556,1.8085174013441978,0.0,0.0,1.90805,-0.20378442630790355,0.008814002152689392,-0.203696,0.0089684,-1.0310910909221007
0.007245842480417027,-0.0007588256170036336,1.802549646594663,0.0,0.0,1.90805,-0.20358189445676816,0.008891495981542864,-0.203457,0.00902077,-1.0028143798790263
0.007592443138197306,-0.0008792572923851226,1.787290478837179,0.0,0.0,1.90805,-0.20344304786667908,0.008871393262619914,-0.203418,0.00886269,-0.9756347748316238
0.0077121810829150015,-0.0004714182797420094,1.7689816996228318,0.0,0.0,1.90805,-0.20331365312863203,0.008884286607535472,-0.203305,0.00891376,-0.9489945847044267
0.007331030972253657,-0.00046407531614672576,1.7916696505725078,0.0,0.0,1.90805,-0.20321545534033977,0.008877229344419766,-0.203243,0.00887776,-0.918279521340083
0.005034081239966465,-0.0002071952559728199,1.8052965693796152,0.0,0.0,1.90805,-0.20325000582378758,0.008886785991665558,-0.203416,0.00890535,-0.8880342163876815
0.0034836640457327345,-0.0006889348274727036,1.8389655326452752,0.0,0.0,1.90805,-0.20327195565644088,0.008851623980556916,-0.203384,0.00881681,-0.8553114600997195
0.003080536030436428,-7.344229297933714e-05,1.8523663875939924,0.0,0.0,1.90805,-0.20324286705822656,0.008881290064374067,-0.203272,0.00892577,-0.8242850057500148
0.0026944735584976654,-0.00011170769803821864,1.8505988520817418,0.0,0.0,1.90805,-0.20321910033763682,0.008877585334522084,-0.203247,0.00887482,-0.7948482974400509
0.002282469169838852,-0.0006156126656069587,1.8498536832739427,0.0,0.0,1.90805,-0.20320322558738224,0.00884248581215521,-0.203233,0.00880607,-0.7653203131444344
0.0041231592573034515,-0.001713467463945869,1.8348195886863239,0.0,0.0,1.90805,-0.20304502155917312,0.008760058916428826,-0.202912,0.00868072,-0.7373727582650406
0.006262637671060984,-0.001815100016354883,1.8203528318051296,0.0,0.0,1.90805,-0.20283761416147855,0.008725924702226768,-0.202683,0.00871858,-0.7095541397388712
0.0051671530081337305,-0.00203156276326714,1.8107504408162427,0.0,0.0,1.90805,-0.20280983236667313,0.008682573161384557,-0.202889,0.00866693,-0.6814524091064142
0.002978597415153377,-0.0020598781966848444,1.8038283502442687,0.0,0.0,1.90805,-0.20287183916711568,0.008648196277712655,-0.20303,0.00864615,-0.6532267013200911
0.0005372777457384468,-0.002331590135265559,1.8061268599572073,0.0,0.0,1.90805,-0.20298557260949188,0.008597275866983854,-0.203162,0.00857764,-0.6241160920413069
-0.001269575048989719,-0.0017515042143723225,1.8145304784446021,0.0,0.0,1.90805,-0.20309642376797274,0.008598318801979168,-0.203227,0.00864024,-0.5942866668672085
-0.0038875493389015237,-0.001569208228553131,1.8330359701931926,0.0,0.0,1.90805,-0.20328980627081614,0.008582345975524175,-0.203479,0.00859552,-0.5631713587103885
-0.00578812625496306,-0.0022178690127779206,1.830148520769116,0.0,0.0,1.90805,-0.20347765058609013,0.008514356912892429,-0.203615,0.00846748,-0.5341761572569143
-0.005338186150209032,-0.0038851533809112406,1.8277068527683236,0.0,0.0,1.90805,-0.2035405159214343,0.008368650009559154,-0.203508,0.00824816,-0.5051607471997682
-0.0034597666529289665,-0.0047008881168020085,1.8352206461979392,0.0,0.0,1.90805,-0.20350174815880795,0.008252560883246903,-0.203366,0.00819361,-0.47509483426898796
0.00012544221028479166,-0.005114882991033562,1.8421959304921938,0.0,0.0,1.90805,-0.20332009308481303,0.008149978259480503,-0.203061,0.00812006,-0.44494842657744044
0.004418736763124084,-0.00487755838521483,1.840473972978192,0.0,0.0,1.90805,-0.20303426447053602,0.008083829210026641,-0.202724,0.00810098,-0.41566636829266335
0.007877190776742479,-0.005001701012743002,1.8407343329274446,0.0,0.0,1.90805,-0.2027349328639585,0.007997581442822508,-0.202485,0.00798861,-0.38619023987918466
0.0081655211770385,-0.004802057222971963,1.8543546934192536,0.0,0.0,1.90805,-0.20258983683704584,0.007930752297924877,-0.202569,0.00794518,-0.3552372702576203
0.005832652130851814,-0.004300518238801006,1.8467577187998965,0.0,0.0,1.90805,-0.20261341003475608,0.00788707517089223,-0.202782,0.00792332,-0.32643446852351293
0.0017357337094394132,-0.0030512122181053924,1.836443852351014,0.0,0.0,1.90805,-0.20279092708694813,0.007900856124463847,-0.203087,0.00799114,-0.2979995796854275
-0.003271262120821996,-0.0020225369414465623,1.832724672808565,0.0,0.0,1.90805,-0.20309415832081104,0.007920040495421872,-0.203456,0.00799438,-0.2690156408194856
-0.007300170480523146,-0.0005195225672407187,1.8392573446651104,0.0,0.0,1.90805,-0.20341284198517565,0.007987041326558968,-0.203704,0.00809566,-0.2389789408237598
-0.009080511703010373,0.0009909421158237413,1.849630276708919,0.0,0.0,1.90805,-0.2036473396856493,0.00807858291343476,-0.203776,0.00818774,-0.20838744472147847
-0.009379496572379001,0.0033552510958930895,1.848050476603015,0.0,0.0,1.90805,-0.20381239319407246,0.008250737958074725,-0.203834,0.0084216,-0.17897248544977093
-0.010012086693923943,0.00474659764376764,1.8435998333001888,0.0,0.0,1.90805,-0.20400428446925506,0.008396401250154048,-0.20405,0.00849695,-0.14989186424505416
-0.008780090584875347,0.003834174734377409,1.8415162539232046,0.0,0.0,1.90805,-0.20408303293630847,0.00841202826894539,-0.203994,0.00834609,-0.1206210881803346
-0.006131392937577083,0.0031497675409465466,1.8347740734728628,0.0,0.0,1.90805,-0.2040484140208725,0.008428130206582014,-0.203857,0.00837867,-0.09189552019458617
-0.0023264058471153017,0.0019082420528494094,1.8294716086264002,0.0,0.0,1.90805,-0.203894975846751,0.008396451598059627,-0.20362,0.00830673,-0.06311305357394735
0.0022712228219924245,-0.0007086514060461184,1.8285839142292142,0.0,0.0,1.90805,-0.20362825785167676,0.008253985620528866,-0.203296,0.00806487,-0.03393798802423216
0.005349215958355746,-0.0028301799930829786,1.8211011058685265,0.0,0.0,1.90805,-0.20338843801328185,0.008102396977366186,-0.203166,0.00794908,-0.005503581554615835
0.006504411534067636,-0.004127117170315767,1.8181051930139824,1.77865,0.0,0.0,-0.20322648277511654,0.00797137604689946,-0.203143,0.00787765,0.02331032747772244
0.005025912269941964,-0.004227873375476533,1.817841290829987,1.77865,0.0,0.0,-0.20322015296546134,0.007898681371045635,-0.203327,0.0078914,0.052371142804279174
0.0029933125983806134,-0.0034467759758368965,1.8238384072090084,1.77865,0.0,0.0,-0.20327410966831017,0.00788267226082124,-0.203421,0.00793912,0.08211761206143339
0.0015856675598074975,-0.002640301566631864,1.565901736216173,1.77865,0.0,0.0,-0.20331927340350855,0.007880838334837431,-0.203421,0.00793912,0.08257902498178732
0.0006671708433870619,-0.0019138245480676826,1.2104252109044717,1.77865,0.0,0.0,-0.2033546227938936,0.007886619524025822,-0.203421,0.00793912,0.08005202208016232
0.0034201766482969327,0.00437545930717733,1.9190989261183211,1.77865,0.0,0.0,-0.2031619520816544,0.008271770927449207,-0.202963,0.00872628,0.14716311448873448
0.01500626909818178,0.010156415919610228,1.918303561705856,1.77865,0.0,0.0,-0.20234129471511977,0.008723946325151152,-0.201504,0.00914172,0.17749196737538322
0.036254237308244765,0.016540581950022358,1.7791555669468755,1.77865,0.0,0.0,-0.20069653163555984,0.009308494056233125,-0.199161,0.00976986,0.1924998475847247
0.06520061174978417,0.025032389802152756,1.5293617331153508,1.77865,0.0,0.0,-0.19820287406769058,0.010134520636818996,-0.196111,0.0107482,0.1975333427781757
0.10126675608964295,0.032783491104143796,1.2951778221578951,1.77865,0.0,0.0,-0.19477540005947921,0.011047449441510388,-0.192169,0.0116076,0.20093385521828835
0.14133988433840142,0.04038177306336784,1.0717358099057095,1.77865,0.0,0.0,-0.19050597365515037,0.012074293270879121,-0.18761,0.0126234,0.20058816583671188
0.18322983615736171,0.049581378572163395,0.883640164882608,1.77865,0.0,0.0,-0.18547527044742224,0.013328570066437884,-0.182448,0.0139934,0.19951349964810391
0.22209943408999705,0.06088778690819059,0.6948810550227484,1.77865,0.0,0.0,-0.1799739978626185,0.014869317278824574,-0.177165,0.0156864,0.19464072819349906
0.2581998521534491,0.07095083952710886,0.5606123672144503,1.77865,0.0,0.0,-0.17403387692627068,0.016508771142450498,-0.171425,0.017236,0.1920186190942307
0.2946129876473108,0.08080025068570891,0.4709199012779899,1.77865,0.0,0.0,-0.16749547614623553,0.018295110417290456,-0.164864,0.0190069,0.19157881217492875
0.33045513296972057,0.09293959436723512,0.42791013938581207,1.77865,0.0,0.0,-0.16041221227275876,0.02039042335530468,-0.157822,0.0212677,0.19453988393110952
0.3657427126485098,0.10816660976474644,0.40275733272817815,1.77865,0.0,0.0,-0.15279213535428093,0.022884085897960732,-0.150242,0.0239845,0.19868040361985864
0.4001726379929143,0.123977581974302,0.4129123143474234,1.77865,0.0,0.0,-0.14466415505810376,0.025659984961389774,-0.142176,0.0268026,0.20622168677484606
0.4349865978468491,0.1430761735353805,0.44221333273621455,1.77865,0.0,0.0,-0.1359599081652574,0.028906197843881227,-0.133444,0.0302864,0.21602739498124096
0.46698740973985925,0.16493977876611476,0.46014271584148525,1.77865,0.0,0.0,-0.12688460977706306,0.03264077798719954,-0.124572,0.0342208,0.22507490220378487
0.4905957469135643,0.18758027233688004,0.4428713723772436,1.77865,0.0,0.0,-0.11785210894344329,0.0367765344250659,-0.116146,0.0384127,0.23054589216656848
0.511579091225313,0.207175393844984,0.41663079307712847,1.77865,0.0,0.0,-0.10861540800155542,0.041073215003972825,-0.107099,0.0424893,0.2347944567736774
0.5329285813856623,0.22556218916806242,0.36924414277087664,1.77865,0.0,0.0,-0.09901876834487847,0.045603537380627335,-0.0974759,0.0469323,0.23634930157970174
0.5552483927011169,0.24388603177820967,0.3053382269834465,1.77865,0.0,0.0,-0.08901639075920001,0.05042388679830785,-0.0874034,0.0517481,0.23539076635664577
0.5779266887024259,0.2601283550932376,0.2538515264221446,1.77865,0.0,0.0,-0.07863319745157413,0.05539981241529321,-0.0769943,0.0565736,0.234749354670985
0.5989280524088275,0.2728505218621924,0.19782592136663726,1.77865,0.0,0.0,-0.067998010213149,0.0604029043498622,-0.0664803,0.0613223,0.23276976866595903
0.6213869805251689,0.2820196952119064,0.1411617111668155,1.77865,0.0,0.0,-0.056930444343932796,0.06537466931403398,-0.0553074,0.0660373,0.22981224603625153
0.6412507296893508,0.29521580241443596,0.10187323194990838,1.77865,0.0,0.0,-0.045675097970482706,0.07075935399133708,-0.0442396,0.071713,0.22781767658846502
0.6562070549142929,0.3104944891301432,0.06704910179922319,1.77865,0.0,0.0,-0.03442635207524659,0.07649285175533795,-0.0333455,0.077597,0.22567165848696036
0.6682810229559131,0.3200564284591391,-0.022638518264854968,1.77865,0.0,0.0,-0.023128852128813222,0.08209288520781749,-0.0222563,0.0827839,0.2169961708479333
0.6803030783076331,0.32388378680014557,-0.0996726565908988,1.77865,0.0,0.0,-0.01164160054292791,0.08746680744511959,-0.0107728,0.0877434,0.20816065378492685
0.698080824240691,0.3290823436225901,-0.13359535177761817,1.77865,0.0,0.0,0.0004185016881013109,0.09299261474006355,0.00170325,0.0933683,0.20283183748373296
0.7204367263946293,0.3379182238805557,-0.1699733124593615,1.77865,0.0,0.0,0.013065701056163346,0.09884205547988446,0.0146813,0.0994806,0.19672338003195636
0.6488098738049126,0.3034601496577494,-0.14554705674346102,1.77865,0.0,0.0,0.0198575736568385,0.10197078929934812,0.0146813,0.0994806,0.19666950495626184
0.6277018349678883,0.2940859947156438,-0.1868687070400519,1.77865,0.0,0.0,0.02884311932849495,0.10620644413620807,0.0273177,0.105529,0.18989362515323385
0.6362319059975555,0.29770065625202313,-0.2366658631541253,1.77865,0.0,0.0,0.03945025546327374,0.111150778452317,0.0400667,0.111412,0.1814453788416375
0.666720247615574,0.30930685194257496,-0.28122298359781467,1.77865,0.0,0.0,0.05164549224805923,0.11668125247952413,0.0538488,0.11752,0.17274819057893315
0.7088381901214404,0.322003031318625,-0.36330541015834616,1.77865,0.0,0.0,0.06509735329899453,0.1224694823865543,0.0681411,0.123387,0.15918440966237768
0.7475050249475125,0.3329332254287475,-0.4311370643585669,1.77865,0.0,0.0,0.07899495526381571,0.12834410523580536,0.0817893,0.129134,0.1456989671766456
0.7779451664694402,0.3429275159788218,-0.48481771441590144,1.77865,0.0,0.0,0.09296737553510354,0.13433174038614443,0.0951672,0.135054,0.1327460941054614
0.8088141233623248,0.352578220700205,-0.5472559504004257,1.77865,0.0,0.0,0.10745518623949614,0.14045657037950046,0.109686,0.141154,0.1179863207943482
0.844989561086045,0.36055780901022244,-0.6374012632238144,1.77865,0.0,0.0,0.12278770161128681,0.14662533732017857,0.125402,0.147202,0.09899514190843371
0.8772746925492388,0.36391633952140384,-0.7473534751473907,1.77865,0.0,0.0,0.13844184323744124,0.15261628832997454,0.140775,0.152859,0.07585247225348986
0.9003695744389112,0.3661497597347999,-0.8397457152778177,1.77865,0.0,0.0,0.15400499704355192,0.15858659692563243,0.155674,0.158748,0.05260610029988298
0.9143611573267588,0.3679998506167263,-0.9044912830567018,1.77865,0.0,0.0,0.1693358671733953,0.1645672990715266,0.170347,0.164701,0.0313439231766711
0.9292941258861734,0.36571406236769577,-0.9589055472172077,1.77865,0.0,0.0,0.18495283584608613,0.17030418756682417,0.186032,0.170139,0.010519829381818294
0.9451022781848734,0.3588876097764856,-1.0082650027192694,1.77865,0.0,0.0,0.20086658874851357,0.17570432876484107,0.202009,0.175211,-0.010505654499824034
0.9584339531887612,0.3561520748553075,-0.995618330750349,1.77865,0.0,0.0,0.21686955688294107,0.18126568950942135,0.217833,0.181068,-0.02519332854453366
0.971640787040079,0.3530292440949942,-0.9884380607771414,1.77865,0.0,0.0,0.23307757880622784,0.18675767830380552,0.234032,0.186532,-0.040364175156937576
0.9865651868153926,0.3461194410581822,-0.9617851928518563,1.77865,0.0,0.0,0.24961045508830895,0.19194935226999668,0.250689,0.19145,-0.053334924782790984
1.0057196278993439,0.3446071531279526,-0.9466224322069264,1.77865,0.0,0.0,0.2666617617540135,0.1973872888475729,0.268046,0.197278,-0.06713500316152857
1.026638995533736,0.34439755435318503,-0.9436696381029289,1.77865,0.0,0.0,0.2841362154151896,0.2028871471211858,0.285648,0.202872,-0.0819671267475538
1.0489808455592244,0.3396531534817162,-0.9348320561971031,1.77865,0.0,0.0,0.3020394165644495,0.20808386467100737,0.303654,0.207741,-0.09611281268836246
1.0719321196501483,0.3370781630455012,-0.9425674263902611,1.77865,0.0,0.0,0.3203403751802241,0.21334808740548658,0.321999,0.213162,-0.11189996256411676
1.0888839207234051,0.3343729262080941,-0.921819516530656,1.77865,0.0,0.0,0.3386119404286394,0.21856249995107546,0.339837,0.218367,-0.12471274035775828
1.103994395866604,0.3309151797767293,-0.9076699923800463,1.77865,0.0,0.0,0.3570330079383904,0.22368388172895468,0.358125,0.223434,-0.1379602140672885
1.1198648684402062,0.3303693844344111,-0.8923584480566846,1.77865,0.0,0.0,0.3757460850353725,0.22894244311316664,0.376893,0.228903,-0.1508445171659323
1.1401074742812238,0.3297236532170256,-0.878048538892246,1.77865,0.0,0.0,0.3950021231099485,0.23418566520123532,0.396465,0.234139,-0.16359162629328203
1.157113088391049,0.32573996847471975,-0.8838022399860834,1.77865,0.0,0.0,0.4143680515099796,0.23919788982962667,0.415597,0.23891,-0.17825677130489676
1.175585595394645,0.3180960524791716,-0.8952401396424342,1.77865,0.0,0.0,0.43410304323558385,0.2439044045741544,0.435438,0.243352,-0.19364967009579392
1.1938373127547777,0.3082320000630184,-0.8840513735979808,1.77865,0.0,0.0,0.45411899908976205,0.2483418476657194,0.455438,0.247629,-0.20674069905018785
1.2161794753352126,0.29739509893013993,-0.8730960699156267,1.77865,0.0,0.0,0.47469739397697186,0.25255715273989765,0.476312,0.251774,-0.21970783443547506
1.233955292655999,0.28680452310904375,-0.906806897189011,1.77865,0.0,0.0,0.49533139106355245,0.25661535149390835,0.496616,0.25585,-0.23730270625890476
1.2464815455208034,0.27201703168862323,-0.9521962912219938,1.77865,0.0,0.0,0.5159027625034652,0.26022665092521513,0.516808,0.259158,-0.25696139783016314
1.2607581720324268,0.25799051723355243,-0.9730555650489175,1.77865,0.0,0.0,0.5367902678625579,0.2636516572339278,0.537822,0.262638,-0.27460951680928447
1.273409281923167,0.2453184200400743,-1.0067333696685719,1.77865,0.0,0.0,0.5577987394330544,0.26694177726101165,0.558713,0.266026,-0.293950986770024
1.1327751870326492,0.21033478302577013,-0.8667020708852509,1.77865,0.0,0.0,0.56887623535539,0.26855417026227313,0.558713,0.266026,-0.2942344282758667
1.148987338485092,0.19198955511373095,-1.0758577850982216,1.77865,0.0,0.0,0.5880723928519846,0.2707067586580514,0.589244,0.269381,-0.3271697844806764
1.2268900287825686,0.18294465074795335,-1.176921150933117,1.77865,0.0,0.0,0.611606188986336,0.27318065011171694,0.617236,0.272527,-0.3591171869367425
1.313231802127963,0.1771505212659468,-1.2239766331285675,1.77865,0.0,0.0,0.6369443198982856,0.2757247256415386,0.643184,0.275306,-0.384372424485332
1.3740950488507906,0.1688315957652244,-1.2695042394218703,1.77865,0.0,0.0,0.6619795822378008,0.2780091856359129,0.666378,0.277408,-0.40938265337224305
1.4094402026354143,0.15456972332997176,-1.3051858428774143,1.77865,0.0,0.0,0.6863017039250316,0.27976766590132973,0.688856,0.278737,-0.4338828641995046
1.4265187743450367,0.13832563104799403,-1.3137722027457592,1.77865,0.0,0.0,0.7099817790669188,0.28116691542303407,0.711216,0.279993,-0.45575413148924715
1.430146014679525,0.11906550928983159,-1.3328022436057123,1.77865,0.0,0.0,0.7330458694175216,0.2821068754947302,0.733308,0.280715,-0.47885994403257787
1.4298699130432266,0.0988818259950556,-1.3590410541686748,1.77865,0.0,0.0,0.7559099530982433,0.28267761872132185,0.75589,0.281219,-0.5031154379725801
1.4251012035299593,0.07695069024181896,-1.3789633598193844,1.77865,0.0,0.0,0.7784726213890206,0.2828099022560615,0.778128,0.281225,-0.5271207668736461
1.4198239572462144,0.057502762016087575,-1.3883381398601404,1.77865,0.0,0.0,0.8009253719287048,0.2827554477464139,0.800544,0.28135,-0.5502374557434865
1.418750389761905,0.033687157264920706,-1.4188299244140783,1.77865,0.0,0.0,0.8235715837397142,0.2821010875954759,0.823494,0.28038,-0.5758135021035852
1.420885235940962,0.008241275002253065,-1.439006471252766,1.77865,0.0,0.0,0.8464127205972548,0.2809579032223115,0.846567,0.279119,-0.6008347829306504
1.4214136222707112,-0.016609714405883796,-1.4511583789171856,1.77865,0.0,0.0,0.8691818149878093,0.2794469119683304,0.86922,0.277651,-0.6252320456716466
1.417912759959165,-0.04411575035228823,-1.4730152086894432,1.77865,0.0,0.0,0.8916929975938392,0.27736278480591603,0.89144,0.275375,-0.6508818070119428
1.4152778843754734,-0.0719525986306963,-1.4917157071719447,1.77865,0.0,0.0,0.9142054151387334,0.27481669169415135,0.914015,0.272805,-0.6765736768188885
1.25025668537972,-0.07817083258591179,-1.2823749945512706,1.77865,0.0,0.0,0.9259406236215558,0.2732543744936527,0.914015,0.272805,-0.676964370631149
1.0195093925209584,-0.07237963495592198,-1.0290850656015114,1.77865,0.0,0.0,0.9306904658375578,0.27238648623526196,0.914015,0.272805,-0.6756614551559178
0.7811170548162223,-0.060986072005995026,-0.8531769887257803,1.77865,0.0,0.0,0.9312429519905966,0.27198161885699407,0.914015,0.272805,-0.6761756074331143
0.5662967763494084,-0.04798405481453289,-0.7150780906389556,1.77865,0.0,0.0,0.9295394647527919,0.27186538033725377,0.914015,0.272805,-0.6764248646970383
0.3886262705249137,-0.03564540559243117,-0.6021173561475106,1.77865,0.0,0.0,0.9268547538862197,0.27191332009755925,0.914015,0.272805,-0.6765219555909542
0.2509010305368209,-0.025079891544268415,-0.508933389146248,1.77865,0.0,0.0,0.9239680204924079,0.27204145965079984,0.914015,0.272805,-0.6765740474085107
0.14996224363741356,-0.01666207100885193,-0.4313081785304553,1.77865,0.0,0.0,0.9213095657206729,0.2721966674946607,0.914015,0.272805,-0.6766011291977037
0.07990667600610313,-0.010339226452730011,-0.36617836163750356,1.77865,0.0,0.0,0.9190777212579334,0.2723480655888287,0.914015,0.272805,-0.6766139373024307
0.034080382311991994,-0.005841588922554128,-0.31126458022395304,1.77865,0.0,0.0,0.9173267389395584,0.27247996823015785,0.914015,0.272805,-0.6766189370341177
0.006206733712146098,-0.0028172259703799335,-0.2648076664512655,1.77865,0.0,0.0,0.9160293511511501,0.27258643769114455,0.914015,0.272805,-0.6766197420542726
-0.009068091914128454,-0.0009119879296458303,-0.22541353367826983,1.77865,0.0,0.0,0.915118869214455,0.2726673137395587,0.914015,0.272805,-0.6766183858109274
-0.015996926773199412,0.00018848335990723003,-0.19195484721255945,1.77865,0.0,0.0,0.9145157276469208,0.2727254719970198,0.914015,0.272805,-0.6766160142429926
-0.01776586084171248,0.0007414162744190027,-0.16350604780191572,1.77865,0.0,0.0,0.9141428359510222,0.27276504107431915,0.914015,0.272805,-0.6766132658720302
-0.01663547269186434,0.0009444601785118388,-0.1392987611793102,1.77865,0.0,0.0,0.9139333099886354,0.2727903265811084,0.914015,0.272805,-0.6766104872032348
-0.014121602636466567,0.000941295279140818,-0.11869000408114634,1.77865,0.0,0.0,0.9138333295946424,0.27280522871848545,0.914015,0.272805,-0.6766078567295469
-0.011175874696865968,0.0008308027223451466,-0.10113867945735053,1.77865,0.0,0.0,0.9138021204250547,0.2728129849901307,0.914015,0.272805,-0.676605457014822
-0.00834521407849376,0.0006770337292756013,-0.08618762927032016,1.77865,0.0,0.0,0.9138104360207022,0.272816112457958,0.914015,0.272805,-0.6766033167942772
-0.005901950326665529,0.0005184433277627762,-0.07344955118457397,1.77865,0.0,0.0,0.9138384321160565,0.2728164608877523,0.914015,0.272805,-0.6766014355586462
-0.00394351519294007,0.00037567234132456385,-0.06259570132192227,1.77865,0.0,0.0,0.91387346933343,0.2728153176625713,0.914015,0.272805,-0.6765997978312802
-0.0024647333623250994,0.0002576713857946994,-0.05334667641158174,1.77865,0.0,0.0,0.9139081325451661,0.27281352760124883,0.914015,0.272805,-0.6765983813604398
-0.0014074408612007314,0.0001662508681602884,-0.04546479629483931,1.77865,0.0,0.0,0.9139385924081086,0.27281160670684274,0.914015,0.272805,-0.6765971617207008
-0.0006925254748194107,9.928285172153125e-05,-0.0387477502990548,1.77865,0.0,0.0,0.9139633350510654,0.2728098395925105,0.914015,0.272805,-0.6765961148040457
-0.00023908221386181497,5.2828627673212074e-05,-0.03302326254788454,1.77865,0.0,0.0,0.9139822309151987,0.2728083571177219,0.914015,0.272805,-0.6765952180814181
2.5375350604332954e-05,2.245922544455821e-05,-0.02814459184488402,1.77865,0.0,0.0,0.9139958883864807,0.2728071947123327,0.914015,0.272805,-0.6765944511584412
0.00016055558253820585,0.0,-0.023986723204838863,1.77865,0.0,0.0,0.9140052309001696,0.272806333870925,0.914015,0.272805,-0.6765937959356476
0.00021258950366991167,0.0,-0.02044313748239287,1.77865,0.0,0.0,0.9140112396530704,0.27280573005984327,0.914015,0.272805,-0.6765932365559648
0.00021518328173539443,-1.0671038472250098e-05,-0.017423067120085813,1.77865,0.0,0.0,0.9140148125548647,0.27280533030136894,0.914015,0.272805,-0.6765927592459072
0.00019165677887097684,-1.182416861756211e-05,-0.01484916240806559,1.77865,0.0,0.0,0.9140167001950052,0.2728050833335122,0.914015,0.272805,-0.6765923521114914
0.00015720913710683506,-1.1059197050865844e-05,-0.012655505426860787,1.77865,0.0,0.0,0.9140174894353745,0.27280494471763,0.914015,0.272805,-0.6765920049228847
0.00012104097104492125,0.0,-0.010785919056187442,1.77865,0.0,0.0,0.9140176137728859,0.27280487871693865,0.914015,0.272805,-0.6765917089059464
8.815628894633489e-05,0.0,-0.009192526741514261,1.77865,0.0,0.0,0.9140173764846214,0.2728048582714024,0.914015,0.272805,-0.67659145654958
6.0788798610253165e-05,0.0,-0.007834525563728354,1.77865,0.0,0.0,0.9140169777724996,0.2728048639813473,0.914015,0.272805,-0.6765912414325496
3.9467126015794615e-05,0.0,-0.006677140866943239,1.77865,0.0,0.0,0.9140165408580467,0.27280488269089964,0.914015,0.272805,-0.6765910580704826
2.376828567154874e-05,0.0,-0.005690735490188137,1.77865,0.0,0.0,0.9140161345115803,0.2728049060262239,0.914015,0.272805,-0.676590901782243
1.2821216885733748e-05,0.0,-0.004850050688232795,1.77865,0.0,0.0,0.9140157911142501,0.2728049290791749,0.914015,0.272805,-0.6765907685741138
0.0,0.0,-0.0041335592446778615,1.77865,0.0,0.0,0.9140155202986237,0.2728049493190986,0.914015,0.272805,-0.6765906550399317
0.0,0.0,-0.003522914179408738,1.77865,0.0,0.0,0.9140153187029136,0.2728049657496115,0.914015,0.272805,-0.6765905582752908
0.0,0.0,-0.0030024789148262194,1.77865,0.0,0.0,0.9140151765676796,0.27280497829081995,0.914015,0.272805,-0.67659047580401
0.0,0.0,-0.002558926859569208,1.77865,0.0,0.0,0.9140150819207343,0.2728049873507099,0.914015,0.272805,-0.6765904055152208
0.0,0.0,-0.0021809001505152933,0.0,1.56751,0.0,0.9140150230185866,0.27280499354489046,0.914015,0.272805,-0.6765903456096045
0.0,0.0,-0.0018587188113628754,0.0,1.56751,0.0,0.9140149895950546,0.2728049975262216,0.914015,0.272805,-0.6765902945534884
0.0,0.0,-0.0015841328784871136,0.0,1.56751,0.0,0.9140149733425417,0.27280499989152923,0.914015,0.272805,-0.6765902510396717
0.0,0.0,-0.0013501111458567323,0.0,1.56751,0.0,0.9140149679369199,0.2728050011393655,0.914015,0.272805,-0.6765902139540101
0.0,0.0,-0.0011506611189018698,0.0,1.56751,0.0,0.9140149688211818,0.2728050016593124,0.914015,0.272805,-0.6765901823469194
0.0,0.0,-0.0009806755666530238,0.0,1.56751,0.0,0.9140149728881227,0.272805001738995,0.914015,0.272805,-0.6765901554090787
0.0,0.0,-0.0008358017427148732,0.0,1.56751,0.0,0.9140149781469835,0.27280500157953397,0.914015,0.272805,-0.6765901324507176
0.0,0.0,-0.0007123299261260049,0.0,1.56751,0.0,0.9140149834202614,0.27280500131361696,0.914015,0.272805,-0.6765901128839584
0.0,0.0,-0.0006070984280152413,0.0,1.56751,0.0,0.9140149880913326,0.2728050010228501,0.914015,0.272805,-0.6765900962077674
0.0,0.0,-0.0005174126315122008,0.0,1.56751,0.0,0.9140149919077937,0.272805000752726,0.914015,0.272805,-0.6765900819951269
0.0,0.0,-0.00044097599179358397,0.0,1.56751,0.0,0.9140149948366421,0.2728050005246164,0.914015,0.272805,-0.6765900698820998
0.0,0.0,-0.0003758312294473984,0.0,1.56751,0.0,0.9140149969632746,0.2728050003448249,0.914015,0.272805,-0.6765900595585134
0.0,0.0,-0.00032031021124519096,0.0,1.56751,0.0,0.9140149984250485,0.27280500021105664,0.914015,0.272805,-0.676590050760017
0.0,0.0,-0.0002729912349454219,0.0,1.56751,0.0,0.9140149993705753,0.2728050001167915,0.914015,0.272805,-0.6765900432613098
0.0,0.0,-0.00023266262442013714,0.0,1.56751,0.0,0.9140149999371603,0.2728050000540567,0.914015,0.272805,-0.6765900368703768
0.0,0.0,-0.00019829170274609297,0.0,1.56751,0.0,0.9140150002403282,0.2728050000150427,0.914015,0.272805,-0.6765900314235671
0.0,0.0,-0.00016899834893286536,0.0,1.56751,0.0,0.9140150003708707,0.2728049999929281,0.914015,0.272805,-0.6765900267814078
0.0,0.0,-0.00014403246101307572,0.0,1.56751,0.0,0.9140150003961643,0.2728049999821963,0.914015,0.272805,-0.6765900228250279
0.0,0.0,-0.00012275474854068369,0.0,1.56751,0.0,0.9140150003635665,0.2728049999786502,0.914015,0.272805,-0.6765900194531181
0.0,0.0,-0.00010462036255749535,0.0,1.56751,0.0,0.9140150003045039,0.2728049999792669,0.914015,0.272805,-0.6765900165793366
0.0,0.0,-8.916494385696438e-05,0.0,1.56751,0.0,0.9140150002384491,0.27280499998198626,0.914015,0.272805,-0.6765900141300943
0.0,0.0,-7.599273238402178e-05,0.0,1.56751,0.0,0.9140150001763803,0.27280499998548935,0.914015,0.272805,-0.6765900120426755
0.0,0.0,-6.476643314716025e-05,0.0,1.56751,0.0,0.9140150001235702,0.2728049999889967,0.914015,0.272805,-0.6765900102636281
0.0,0.0,-5.519857927266269e-05,0.0,1.56751,0.0,0.9140150000817017,0.2728049999921007,0.914015,0.272805,-0.6765900087473967
0.0,0.0,-4.704417096722046e-05,0.0,1.56751,0.0,0.9140150000503887,0.2728049999946352,0.914015,0.272805,-0.6765900074551563
0.0,0.0,-4.0094401903794735e-05,0.0,1.56751,0.0,0.914015000028209,0.27280499999657915,0.914015,0.272805,-0.6765900063538164
0.0,0.0,-3.417131243020866e-05,0.0,1.56751,0.0,0.9140150000133638,0.2728049999979899,0.914015,0.272805,-0.6765900054151761
0.0,0.0,-2.9123232613387332e-05,0.0,1.56751,0.0,0.9140150000040655,0.27280499999895913,0.914015,0.272805,-0.6765900046151996
0.0,0.0,-2.4820898513761396e-05,0.0,1.56751,0.0,0.9140149999987395,0.27280499999958563,0.914015,0.272805,-0.6765900039334025
0.0,0.0,-2.1154142165109147e-05,0.0,1.56751,0.0,0.9140149999961036,0.2728049999999608,0.914015,0.272805,-0.6765900033523264
0.0,0.0,-1.8029070566580817e-05,0.0,1.56751,0.0,0.9140149999951775,0.2728050000001612,0.914015,0.272805,-0.6765900028570924
0.0,0.0,-1.536566138501256e-05,0.0,1.56751,0.0,0.9140149999952515,0.27280500000024727,0.914015,0.272805,-0.6765900024350179
0.0,0.0,-1.3095713889810025e-05,0.0,1.56751,0.0,0.9140149999958391,0.2728050000002636,0.914015,0.272805,-0.6765900020752962
0.0,0.0,-1.1161102538315418e-05,0.0,1.56751,0.0,0.9140149999966272,0.27280500000024166,0.914015,0.272805,-0.6765900017687156
0.0,0.0,0.0,0.0,1.56751,0.0,0.9140149999974287,0.27280500000020225,0.914015,0.272805,-0.6765900015074259
0.0,0.0,0.0,0.0,1.56751,0.0,0.9140149999981447,0.27280500000015834,0.914015,0.272805,-0.676590001284736
0.0,0.0,0.0,0.0,1.56751,0.0,0.9140149999987331,0.27280500000011704,0.914015,0.272805,-0.6765900010949438
0.0,0.0,0.0,0.0,1.56751,0.0,0.9140149999991869,0.27280500000008195,0.914015,0.272805,-0.676590000933189
0.0,0.0,0.0,0.0,1.56751,0.0,0.9140149999995179,0.2728050000000542,0.914015,0.272805,-0.6765900007953304
0.0,0.0,0.0,0.0,1.56751,0.0,0.9140149999997466,0.27280500000003344,0.914015,0.272805,-0.6765900006778375
0.0,0.0,0.0,0.0,1.56751,0.0,0.9140149999998952,0.2728050000000187,0.914015,0.272805,-0.6765900005777017
0.0,0.0,0.0,0.0,1.56751,0.0,0.914014999999985,0.27280500000000885,0.914015,0.272805,-0.6765900004923582
0.0,0.0,0.0,0.0,1.56751,0.0,0.9140150000000337,0.2728050000000027,0.914015,0.272805,-0.6765900004196227
0.0,0.0,0.0,0.0,1.56751,0.0,0.9140150000000552,0.27280499999999913,0.914015,0.272805,-0.6765900003576327
0.0,0.0,0.0,0.0,1.56751,0.0,0.9140150000000601,0.2728049999999974,0.914015,0.272805,-0.6765900003048
0.0,0.0,0.0,0.0,1.56751,0.0,0.9140150000000556,0.2728049999999968,0.914015,0.272805,-0.6765900002597723
0.0,0.0,0.0,0.0,1.56751,0.0,0.914015000000047,0.27280499999999686,0.914015,0.272805,-0.6765900002213968
0.0,0.0,0.0,0.0,1.56751,0.0,0.914015000000037,0.27280499999999724,0.914015,0.272805,-0.67659000018869
0.0,0.0,0.0,0.0,1.56751,0.0,0.9140150000000274,0.27280499999999774,0.914015,0.272805,-0.6765900001608152
0.0,0.0,0.0,0.0,1.56751,0.0,0.9140150000000193,0.2728049999999983,0.914015,0.272805,-0.6765900001370584
0.0,0.0,0.0,0.0,1.56751,0.0,0.9140150000000128,0.2728049999999988,0.914015,0.272805,-0.6765900001168107
0.0,0.0,0.0,0.0,1.56751,0.0,0.914015000000008,0.2728049999999992,0.914015,0.272805,-0.6765900000995545
0.0,0.0,0.0,0.0,1.56751,0.0,0.9140150000000046,0.2728049999999995,0.914015,0.272805,-0.6765900000848474
0.0,0.0,0.0,0.0,1.56751,0.0,0.9140150000000022,0.27280499999999974,0.914015,0.272805,-0.6765900000723131
0.0,0.0,0.0,0.0,1.56751,0.0,0.9140150000000007,0.27280499999999985,0.914015,0.272805,-0.6765900000616304
0.0,0.0,0.0,0.0,1.56751,0.0,0.9140149999999998,0.27280499999999996,0.914015,0.272805,-0.6765900000525258
0.0,0.0,0.0,0.0,1.56751,0.0,0.9140149999999994,0.272805,0.914015,0.272805,-0.6765900000447663
0.0,0.0,0.0,0.0,1.56751,0.0,0.9140149999999992,0.2728050000000001,0.914015,0.272805,-0.6765900000381531
0.0,0.0,0.0,0.0,1.56751,0.0,0.9140149999999992,0.2728050000000001,0.914015,0.272805,-0.6765900000325168
0.0,0.0,0.0,0.0,1.56751,0.0,0.9140149999999994,0.2728050000000001,0.914015,0.272805,-0.6765900000277129
0.0,0.0,0.0,0.0,1.56751,0.0,0.9140149999999995,0.2728050000000001,0.914015,0.272805,-0.6765900000236191
0.0,0.0,0.0,0.0,1.56751,0.0,0.9140149999999996,0.2728050000000001,0.914015,0.272805,-0.6765900000201297
0.0,0.0,0.0,0.0,1.56751,0.0,0.9140149999999997,0.2728050000000001,0.914015,0.272805,-0.6765900000171562
0.0,0.0,0.0,0.0,1.56751,0.0,0.9140149999999998,0.2728050000000001,0.914015,0.272805,-0.6765900000146214
0.0,0.0,0.0,0.0,1.56751,0.0,0.9140149999999999,0.2728050000000001,0.914015,0.272805,-0.6765900000124617
0.0,0.0,0.0,0.0,1.56751,0.0,0.9140149999999999,0.2728050000000001,0.914015,0.272805,-0.6765900000106209
0.0,0.0,0.0,0.0,1.56751,0.0,0.9140149999999999,0.2728050000000001,0.914015,0.272805,-0.6765900000090518
0.0,0.0,0.0,0.0,1.56751,0.0,0.9140149999999999,0.2728050000000001,0.914015,0.272805,-0.6765900000077143
0.0,0.0,0.0,0.0,1.56751,0.0,0.9140149999999999,0.272805,0.914015,0.272805,-0.6765900000065749
0.0,0.0,0.0,0.0,1.56751,0.0,0.9140149999999999,0.27280499999999996,0.914015,0.272805,-0.6765900000056038
0.0,0.0,0.0,0.0,1.56751,0.0,0.914015,0.27280499999999996,0.914015,0.272805,-0.6765900000047756
0.0,0.0,0.0,0.0,1.56751,0.0,0.9140150000000001,0.27280499999999996,0.914015,0.272805,-0.6765900000040701
0.0,0.0,0.0,0.0,1.56751,0.0,0.9140150000000001,0.27280499999999996,0.914015,0.272805,-0.6765900000034689
0.0,0.0,0.0,0.0,1.56751,0.0,0.9140150000000001,0.27280499999999996,0.914015,0.272805,-0.6765900000029564
0.0,0.0,0.0,0.0,1.56751,0.0,0.9140150000000001,0.27280499999999996,0.914015,0.272805,-0.6765900000025196
0.0,0.0,0.0,0.0,1.56751,0.0,0.9140150000000001,0.27280499999999996,0.914015,0.272805,-0.6765900000021473
0.0,0.0,0.0,0.0,1.56751,0.0,0.9140150000000001,0.27280499999999996,0.914015,0.272805,-0.6765900000018302
0.0,0.0,0.0,0.0,1.56751,0.0,0.9140150000000001,0.27280499999999996,0.914015,0.272805,-0.6765900000015599
0.0,0.0,0.0,0.0,1.56751,0.0,0.9140150000000001,0.27280499999999996,0.914015,0.272805,-0.6765900000013296
0.0,0.0,0.0,0.0,1.56751,0.0,0.9140150000000001,0.272805,0.914015,0.272805,-0.676590000001133
0.0,0.0,0.0,0.0,1.56751,0.0,0.914015,0.2728050000000001,0.914015,0.272805,-0.6765900000009658
0.0,0.0,0.0,0.0,1.56751,0.0,0.9140149999999999,0.2728050000000001,0.914015,0.272805,-0.6765900000008229
0.0,0.0,0.0,0.0,1.56751,0.0,0.9140149999999999,0.2728050000000001,0.914015,0.272805,-0.6765900000007015
0.0,0.0,0.0,0.0,1.56751,0.0,0.9140149999999999,0.2728050000000001,0.914015,0.272805,-0.6765900000005979
0.0,0.0,0.0,0.0,1.56751,0.0,0.9140149999999999,0.2728050000000001,0.914015,0.272805,-0.6765900000005094
0.0,0.0,0.0,0.0,1.56751,0.0,0.9140149999999999,0.2728050000000001,0.914015,0.272805,-0.676590000000434
0.0,0.0,0.0,0.0,1.56751,0.0,0.9140149999999999,0.2728050000000001,0.914015,0.272805,-0.6765900000003701
0.0,0.0,0.0,0.0,1.56751,0.0,0.9140149999999999,0.2728050000000001,0.914015,0.272805,-0.6765900000003156
0.0,0.0,0.0,0.0,1.56751,0.0,0.9140149999999999,0.2728050000000001,0.914015,0.272805,-0.6765900000002688
0.0,0.0,0.0,0.0,1.56751,0.0,0.9140149999999999,0.2728050000000001,0.914015,0.272805,-0.676590000000229
0.0,0.0,0.0,0.0,1.56751,0.0,0.914015,0.272805,0.914015,0.272805,-0.6765900000001951
0.0,0.0,0.0,0.0,1.56751,0.0,0.9140150000000001,0.27280499999999996,0.914015,0.272805,-0.6765900000001667
0.0,0.0,0.0,0.0,1.56751,0.0,0.9140150000000001,0.27280499999999996,0.914015,0.272805,-0.6765900000001418
0.0,0.0,0.0,0.0,1.56751,0.0,0.9140150000000001,0.27280499999999996,0.914015,0.272805,-0.6765900000001208
0.0,0.0,0.0,0.0,1.56751,0.0,0.9140150000000001,0.27280499999999996,0.914015,0.272805,-0.676590000000103
0.0,0.0,0.0,0.0,1.56751,0.0,0.9140150000000001,0.27280499999999996,0.914015,0.272805,-0.676590000000088
0.0,0.0,0.0,0.0,1.56751,0.0,0.9140150000000001,0.27280499999999996,0.914015,0.272805,-0.6765900000000751
0.0,0.0,0.0,0.0,1.56751,0.0,0.9140150000000001,0.27280499999999996,0.914015,0.272805,-0.6765900000000636
0.0,0.0,0.0,0.0,1.56751,0.0,0.9140150000000001,0.27280499999999996,0.914015,0.272805,-0.6765900000000545
0.0,0.0,0.0,0.0,1.56751,0.0,0.9140150000000001,0.27280499999999996,0.914015,0.272805,-0.6765900000000463
0.0,0.0,0.0,0.0,1.56751,0.0,0.914015,0.27280499999999996,0.914015,0.272805,-0.6765900000000394
0.0,0.0,0.0,0.0,1.56751,0.0,0.9140149999999999,0.272805,0.914015,0.272805,-0.6765900000000339
0.0,0.0,0.0,0.0,1.56751,0.0,0.9140149999999999,0.2728050000000001,0.914015,0.272805,-0.6765900000000288
0.0,0.0,0.0,0.0,1.56751,0.0,0.9140149999999999,0.2728050000000001,0.914015,0.272805,-0.6765900000000247
0.0,0.0,0.0,0.0,1.56751,0.0,0.9140149999999999,0.2728050000000001,0.914015,0.272805,-0.6765900000000209
0.0,0.0,0.0,0.0,1.56751,0.0,0.9140149999999999,0.2728050000000001,0.914015,0.272805,-0.6765900000000177
0.0,0.0,0.0,0.0,1.56751,0.0,0.9140149999999999,0.2728050000000001,0.914015,0.272805,-0.6765900000000151
0.0,0.0,0.0,0.0,1.56751,0.0,0.9140149999999999,0.2728050000000001,0.914015,0.272805,-0.6765900000000128
0.0,0.0,0.0,0.0,1.56751,0.0,0.9140149999999999,0.2728050000000001,0.914015,0.272805,-0.6765900000000108
0.0,0.0,0.0,0.0,1.56751,0.0,0.9140149999999999,0.2728050000000001,0.914015,0.272805,-0.6765900000000092
0.0,0.0,0.0,0.0,1.56751,0.0,0.914015,0.2728050000000001,0.914015,0.272805,-0.6765900000000081
0.0,0.0,0.0,0.0,1.56751,0.0,0.9140150000000001,0.2728050000000001,0.914015,0.272805,-0.676590000000007
0.0,0.0,0.0,0.0,1.56751,0.0,0.9140150000000001,0.272805,0.914015,0.272805,-0.676590000000006
0.0,0.0,0.0,0.0,1.56751,0.0,0.9140150000000001,0.27280499999999996,0.914015,0.272805,-0.6765900000000048
0.0,0.0,0.0,0.0,1.56751,0.0,0.9140150000000001,0.27280499999999996,0.914015,0.272805,-0.6765900000000045
0.0,0.0,0.0,0.0,1.56751,0.0,0.9140150000000001,0.27280499999999996,0.914015,0.272805,-0.6765900000000035
0.0,0.0,0.0,0.0,1.56751,0.0,0.9140150000000001,0.27280499999999996,0.914015,0.272805,-0.6765900000000029
0.0,0.0,0.0,0.0,1.56751,0.0,0.9140150000000001,0.27280499999999996,0.914015,0.272805,-0.6765900000000027
0.0,0.0,0.0,0.0,1.56751,0.0,0.9140150000000001,0.27280499999999996,0.914015,0.272805,-0.6765900000000021
0.0,0.0,0.0,0.0,1.56751,0.0,0.9140150000000001,0.27280499999999996,0.914015,0.272805,-0.6765900000000019
0.0,0.0,0.0,0.0,1.56751,0.0,0.914015,0.27280499999999996,0.914015,0.272805,-0.6765900000000016
0.0,0.0,0.0,0.0,0.0,1.4596,0.9140149999999999,0.27280499999999996,0.914015,0.272805,-0.6765900000000017
0.0,0.0,0.0,0.0,0.0,1.4596,0.9140149999999999,0.27280499999999996,0.914015,0.272805,-0.6765900000000015
0.0,0.0,0.0,0.0,0.0,1.4596,0.9140149999999999,0.272805,0.914015,0.272805,-0.6765900000000009
0.0,0.0,0.0,0.0,0.0,1.4596,0.9140149999999999,0.2728050000000001,0.914015,0.272805,-0.6765900000000009
0.0,0.0,0.0,0.0,0.0,1.4596,0.9140149999999999,0.2728050000000001,0.914015,0.272805,-0.6765900000000006
0.0,0.0,0.0,0.0,0.0,1.4596,0.9140149999999999,0.2728050000000001,0.914015,0.272805,-0.6765900000000008
0.0,0.0,0.0,0.0,0.0,1.4596,0.9140149999999999,0.2728050000000001,0.914015,0.272805,-0.6765900000000008
0.0,0.0,0.0,0.0,0.0,1.4596,0.9140149999999999,0.2728050000000001,0.914015,0.272805,-0.6765900000000004
0.0,0.0,0.0,0.0,0.0,1.4596,0.9140149999999999,0.2728050000000001,0.914015,0.272805,-0.6765900000000002
0.0,0.0,0.0,0.0,0.0,1.4596,0.914015,0.2728050000000001,0.914015,0.272805,-0.6765900000000001
0.0,0.0,0.0,0.0,0.0,1.4596,0.9140150000000001,0.2728050000000001,0.914015,0.272805,-0.6765900000000004
0.0,0.0,0.0,0.0,0.0,1.4596,0.9140150000000001,0.2728050000000001,0.914015,0.272805,-0.6765900000000002
0.0,0.0,0.0,0.0,0.0,1.4596,0.9140150000000001,0.2728050000000001,0.914015,0.272805,-0.6765900000000004
0.0,0.0,0.0,0.0,0.0,1.4596,0.9140150000000001,0.272805,0.914015,0.272805,-0.6765900000000001
0.0,0.0,0.0,0.0,0.0,1.4596,0.9140150000000001,0.27280499999999996,0.914015,0.272805,-0.6765899999999999
0.0,0.0,0.0,0.0,0.0,1.4596,0.9140150000000001,0.27280499999999996,0.914015,0.272805,-0.6765900000000001
0.0,0.0,0.0,0.0,0.0,1.4596,0.9140150000000001,0.27280499999999996,0.914015,0.272805,-0.67659
0.0,0.0,0.0,0.0,0.0,1.4596,0.9140150000000001,0.27280499999999996,0.914015,0.272805,-0.6765900000000002
0.0,0.0,0.0,0.0,0.0,1.4596,0.9140150000000001,0.27280499999999996,0.914015,0.272805,-0.6765900000000001
0.0,0.0,0.0,0.0,0.0,1.4596,0.914015,0.27280499999999996,0.914015,0.272805,-0.67659
0.0,0.0,0.0,0.0,0.0,1.4596,0.9140149999999999,0.27280499999999996,0.914015,0.272805,-0.6765900000000001
0.0,0.0,0.0,0.0,0.0,1.4596,0.9140149999999999,0.27280499999999996,0.914015,0.272805,-0.6765900000000001
0.0,0.0,0.0,0.0,0.0,1.4596,0.9140149999999999,0.27280499999999996,0.914015,0.272805,-0.6765900000000001
0.0,0.0,0.0,0.0,0.0,1.4596,0.9140149999999999,0.27280499999999996,0.914015,0.272805,-0.6765899999999998
0.0,0.0,0.0,0.0,0.0,1.4596,0.9140149999999999,0.272805,0.914015,0.272805,-0.6765900000000001
0.0,0.0,0.0,0.0,0.0,1.4596,0.9140149999999999,0.2728050000000001,0.914015,0.272805,-0.6765900000000001
0.0,0.0,0.0,0.0,0.0,1.4596,0.9140149999999999,0.2728050000000001,0.914015,0.272805,-0.67659
0.0,0.0,0.0,0.0,0.0,1.4596,0.9140149999999999,0.2728050000000001,0.914015,0.272805,-0.6765900000000001
0.0,0.0,0.0,0.0,0.0,1.4596,0.9140149999999999,0.2728050000000001,0.914015,0.272805,-0.6765900000000002
0.0,0.0,0.0,0.0,0.0,1.4596,0.914015,0.2728050000000001,0.914015,0.272805,-0.6765900000000001
0.0,0.0,0.0,0.0,0.0,1.4596,0.9140150000000001,0.2728050000000001,0.914015,0.272805,-0.6765900000000001
0.0,0.0,0.0,0.0,0.0,1.4596,0.9140150000000001,0.2728050000000001,0.914015,0.272805,-0.67659
0.0,0.0,0.0,0.0,0.0,1.4596,0.9140150000000001,0.2728050000000001,0.914015,0.272805,-0.6765900000000001
0.0,0.0,0.0,0.0,0.0,1.4596,0.9140150000000001,0.2728050000000001,0.914015,0.272805,-0.67659
0.0,0.0,0.0,0.0,0.0,1.4596,0.9140150000000001,0.2728050000000001,0.914015,0.272805,-0.6765899999999998
0.0,0.0,0.0,0.0,0.0,1.4596,0.9140150000000001,0.272805,0.914015,0.272805,-0.6765899999999999
0.0,0.0,0.0,0.0,0.0,1.4596,0.9140150000000001,0.27280499999999996,0.914015,0.272805,-0.6765899999999999
0.0,0.0,0.0,0.0,0.0,1.4596,0.9140150000000001,0.27280499999999996,0.914015,0.272805,-0.6765899999999999
0.0,0.0,0.0,0.0,0.0,1.4596,0.9140150000000001,0.27280499999999996,0.914015,0.272805,-0.6765900000000002
0.0,0.0,0.0,0.0,0.0,1.4596,0.914015,0.27280499999999996,0.914015,0.272805,-0.6765900000000001
0.0,0.0,0.0,0.0,0.0,1.4596,0.9140149999999999,0.27280499999999996,0.914015,0.272805,-0.67659
0.0,0.0,0.0,0.0,0.0,1.4596,0.9140149999999999,0.27280499999999996,0.914015,0.272805,-0.6765900000000002
0.0,0.0,0.0,0.0,0.0,1.4596,0.9140149999999999,0.27280499999999996,0.914015,0.272805,-0.67659
0.0,0.0,0.0,0.0,0.0,1.4596,0.9140149999999999,0.27280499999999996,0.914015,0.272805,-0.6765900000000002
0.0,0.0,0.0,0.0,0.0,1.4596,0.9140149999999999,0.27280499999999996,0.914015,0.272805,-0.67659
0.0,0.0,0.0,0.0,0.0,1.4596,0.9140149999999999,0.27280499999999996,0.914015,0.272805,-0.6765900000000001
0.0,0.0,0.0,0.0,0.0,1.4596,0.9140149999999999,0.272805,0.914015,0.272805,-0.6765900000000002
0.0,0.0,0.0,0.0,0.0,1.4596,0.9140149999999999,0.2728050000000001,0.914015,0.272805,-0.6765899999999999
0.0,0.0,0.0,0.0,0.0,1.4596,0.9140149999999999,0.2728050000000001,0.914015,0.272805,-0.6765899999999998
0.0,0.0,0.0,0.0,0.0,1.4596,0.914015,0.2728050000000001,0.914015,0.272805,-0.6765899999999998
0.0,0.0,0.0,0.0,0.0,1.4596,0.9140150000000001,0.2728050000000001,0.914015,0.272805,-0.6765899999999998
0.0,0.0,0.0,0.0,0.0,1.4596,0.9140150000000001,0.2728050000000001,0.914015,0.272805,-0.6765899999999998
0.0,0.0,0.0,0.0,0.0,1.4596,0.9140150000000001,0.2728050000000001,0.914015,0.272805,-0.6765899999999998
0.0,0.0,0.0,0.0,0.0,1.4596,0.9140150000000001,0.2728050000000001,0.914015,0.272805,-0.6765899999999998
0.0,0.0,0.0,0.0,0.0,1.4596,0.9140150000000001,0.2728050000000001,0.914015,0.272805,-0.6765899999999998
0.0,0.0,0.0,0.0,0.0,1.4596,0.9140150000000001,0.2728050000000001,0.914015,0.272805,-0.6765899999999998
0.0,0.0,0.0,0.0,0.0,1.4596,0.9140150000000001,0.2728050000000001,0.914015,0.272805,-0.6765899999999998
0.0,0.0,0.0,0.0,0.0,1.4596,0.9140150000000001,0.272805,0.914015,0.272805,-0.6765899999999998
0.0,0.0,0.0,0.0,0.0,1.4596,0.9140150000000001,0.27280499999999996,0.914015,0.272805,-0.6765899999999998
0.0,0.0,0.0,0.0,0.0,1.4596,0.914015,0.27280499999999996,0.914015,0.272805,-0.6765899999999998
0.0,0.0,0.0,0.0,0.0,1.4596,0.9140149999999999,0.27280499999999996,0.914015,0.272805,-0.6765899999999998
0.0,0.0,0.0,0.0,0.0,1.4596,0.9140149999999999,0.27280499999999996,0.914015,0.272805,-0.6765899999999998
0.0,0.0,0.0,0.0,0.0,1.4596,0.9140149999999999,0.27280499999999996,0.914015,0.272805,-0.6765899999999998
0.0,0.0,0.0,0.0,0.0,1.4596,0.9140149999999999,0.27280499999999996,0.914015,0.272805,-0.6765899999999998
0.0,0.0,0.0,0.0,0.0,1.4596,0.9140149999999999,0.27280499999999996,0.914015,0.272805,-0.6765899999999998
0.0,0.0,0.0,0.0,0.0,1.4596,0.9140149999999999,0.27280499999999996,0.914015,0.272805,-0.6765899999999998
0.0,0.0,0.0,0.0,0.0,1.4596,0.9140149999999999,0.27280499999999996,0.914015,0.272805,-0.6765899999999998
0.0,0.0,0.0,0.0,0.0,1.4596,0.9140149999999999,0.27280499999999996,0.914015,0.272805,-0.6765899999999998
0.0,0.0,0.0,0.0,0.0,1.4596,0.9140149999999999,0.272805,0.914015,0.272805,-0.6765899999999998
0.0,0.0,0.0,0.0,0.0,1.4596,0.914015,0.2728050000000001,0.914015,0.272805,-0.6765899999999998
0.0,0.0,0.0,0.0,0.0,1.4596,0.9140150000000001,0.2728050000000001,0.914015,0.272805,-0.6765899999999998
0.0,0.0,0.0,0.0,0.0,1.4596,0.9140150000000001,0.2728050000000001,0.914015,0.272805,-0.6765899999999998
0.0,0.0,0.0,0.0,0.0,1.4596,0.9140150000000001,0.2728050000000001,0.914015,0.272805,-0.6765899999999998
0.0,0.0,0.0,0.0,0.0,1.4596,0.9140150000000001,0.2728050000000001,0.914015,0.272805,-0.6765899999999998
0.0,0.0,0.0,0.0,0.0,1.4596,0.9140150000000001,0.2728050000000001,0.914015,0.272805,-0.6765899999999998
0.0,0.0,0.0,0.0,0.0,1.4596,0.9140150000000001,0.2728050000000001,0.914015,0.272805,-0.6765899999999998
0.0,0.0,0.0,0.0,0.0,1.4596,0.9140150000000001,0.2728050000000001,0.914015,0.272805,-0.6765899999999998
0.0,0.0,0.0,0.0,0.0,1.4596,0.9140150000000001,0.2728050000000001,0.914015,0.272805,-0.6765899999999998
0.0,0.0,0.0,0.0,0.0,1.4596,0.9140150000000001,0.2728050000000001,0.914015,0.272805,-0.6765899999999998
0.0,0.0,0.0,0.0,0.0,1.4596,0.914015,0.272805,0.914015,0.272805,-0.6765899999999998
0.0,0.0,0.0,0.0,0.0,1.4596,0.9140149999999999,0.27280499999999996,0.914015,0.272805,-0.6765899999999998
0.0,0.0,0.0,0.0,0.0,1.4596,0.9140149999999999,0.27280499999999996,0.914015,0.272805,-0.6765899999999998
0.0,0.0,0.0,0.0,0.0,1.4596,0.9140149999999999,0.27280499999999996,0.914015,0.272805,-0.6765899999999998
0.0,0.0,0.0,0.0,0.0,1.4596,0.9140149999999999,0.27280499999999996,0.914015,0.272805,-0.6765899999999998
0.0,0.0,0.0,0.0,0.0,1.4596,0.9140149999999999,0.27280499999999996,0.914015,0.272805,-0.6765899999999998
0.0,0.0,0.0,0.0,0.0,1.4596,0.9140149999999999,0.27280499999999996,0.914015,0.272805,-0.6765899999999998
0.0,0.0,0.0,0.0,0.0,1.4596,0.9140149999999999,0.27280499999999996,0.914015,0.272805,-0.6765899999999998
0.0,0.0,0.0,0.0,0.0,1.4596,0.9140149999999999,0.27280499999999996,0.914015,0.272805,-0.6765899999999998
0.0,0.0,0.0,0.0,0.0,1.4596,0.9140149999999999,0.27280499999999996,0.914015,0.272805,-0.6765899999999998
0.0,0.0,0.0,0.0,0.0,1.4596,0.914015,0.27280499999999996,0.914015,0.272805,-0.6765899999999998
0.0,0.0,0.0,0.0,0.0,1.4596,0.9140150000000001,0.272805,0.914015,0.272805,-0.6765899999999998
0.0,0.0,0.0,0.0,0.0,1.4596,0.9140150000000001,0.2728050000000001,0.914015,0.272805,-0.6765899999999998
0.0,0.0,0.0,0.0,0.0,1.4596,0.9140150000000001,0.2728050000000001,0.914015,0.272805,-0.6765899999999998
0.0,0.0,0.0,0.0,0.0,1.4596,0.9140150000000001,0.2728050000000001,0.914015,0.272805,-0.6765899999999998
0.0,0.0,0.0,0.0,0.0,1.4596,0.9140150000000001,0.2728050000000001,0.914015,0.272805,-0.6765899999999998
0.0,0.0,0.0,0.0,0.0,1.4596,0.9140150000000001,0.2728050000000001,0.914015,0.272805,-0.6765899999999998
0.0,0.0,0.0,0.0,0.0,1.4596,0.9140150000000001,0.2728050000000001,0.914015,0.272805,-0.6765899999999998
