vx,vy,omega,vx_cmd,vy_cmd,omega_cmd,filtered_x,filtered_y,x,y,filtered_theta
0.0,0.0,0.0,0,0,0,-1.4990863800048828,1.1200000047683716,-1.4990863800048828,1.1200000047683716,0.0
0.0,0.0,0.0,0,0,0,-1.4990863800048828,1.1200000047683716,-1.4990863800048828,1.1200000047683716,0.0
0.0,0.0,0.0,0,0,0,-1.4990863800048828,1.1200000047683716,-1.4990863800048828,1.1200000047683716,0.0
0.0,0.0,0.0,0,0,0,-1.4990863800048828,1.1200000047683716,-1.4990863800048828,1.1200000047683716,0.0
0.0,0.0,0.0,0,0,0,-1.4990863800048828,1.1200000047683716,-1.4990863800048828,1.1200000047683716,0.0
0.0,0.0,0.0,0,0,0,-1.4990863800048828,1.1200000047683716,-1.4990863800048828,1.1200000047683716,0.0
0.0,0.0,0.0,0,0,0,-1.4990863800048828,1.1200000047683716,-1.4990863800048828,1.1200000047683716,0.0
0.0,0.0,0.0,0,0,0,-1.4990863800048828,1.1200000047683716,-1.4990863800048828,1.1200000047683716,0.0
0.0,0.0,0.0,0,0,0,-1.4990863800048828,1.1200000047683716,-1.4990863800048828,1.1200000047683716,0.0
0.0,0.0,0.0,0,0,0,-1.4990863800048828,1.1200000047683716,-1.4990863800048828,1.1200000047683716,0.0
0.0,0.0,0.0,0,0,0,-1.4990863800048828,1.1200000047683716,-1.4990863800048828,1.1200000047683716,0.0
0.0,0.0,0.0,0,0,0,-1.4990863800048828,1.1200000047683716,-1.4990863800048828,1.1200000047683716,0.0
0.0,0.0,0.0,0,0,0,-1.4990863800048828,1.1200000047683716,-1.4990863800048828,1.1200000047683716,0.0
0.0,0.0,0.0,0,0,0,-1.4990863800048828,1.1200000047683716,-1.4990863800048828,1.1200000047683716,0.0
0.0,0.0,0.0,0,0,0,-1.4990863800048828,1.1200000047683716,-1.4990863800048828,1.1200000047683716,0.0
0.0,0.0,0.0,0,0,0,-1.4990863800048828,1.1200000047683716,-1.4990863800048828,1.1200000047683716,0.0
0.0,0.0,0.0,0,0,0,-1.4990863800048828,1.1200000047683716,-1.4990863800048828,1.1200000047683716,0.0
0.0,0.0,0.0,0,0,0,-1.4990863800048828,1.1200000047683716,-1.4990863800048828,1.1200000047683716,0.0
0.0,0.0,0.0,0,0,0,-1.4990863800048828,1.1200000047683716,-1.4990863800048828,1.1200000047683716,0.0
0.0,0.0,0.0,0,0,0,-1.4990863800048828,1.1200000047683716,-1.4990863800048828,1.1200000047683716,0.0
0.0,0.0,0.0,0,0,0,-1.4990863800048828,1.1200000047683716,-1.4990863800048828,1.1200000047683716,0.0
0.0,0.0,0.0,0,0,0,-1.4990863800048828,1.1200000047683716,-1.4990863800048828,1.1200000047683716,0.0
0.0,0.0,0.0,0,0,0,-1.4990863800048828,1.1200000047683716,-1.4990863800048828,1.1200000047683716,0.0
0.0,0.0,0.0,0,0,0,-1.4990863800048828,1.1200000047683716,-1.4990863800048828,1.1200000047683716,0.0
0.0,0.0,0.0,0,0,0,-1.4990863800048828,1.1200000047683716,-1.4990863800048828,1.1200000047683716,0.0
0.0,0.0,0.0,0,0,0,-1.4990863800048828,1.1200000047683716,-1.4990863800048828,1.1200000047683716,0.0
0.0,0.0,0.0,0,0,0,-1.4990863800048828,1.1200000047683716,-1.4990863800048828,1.1200000047683716,0.0
0.0,0.0,0.0,0,0,0,-1.4990863800048828,1.1200000047683716,-1.4990863800048828,1.1200000047683716,0.0
0.0,0.0,0.0,0,0,0,-1.4990863800048828,1.1200000047683716,-1.4990863800048828,1.1200000047683716,0.0
0.0,0.0,0.0,0,0,0,-1.4990863800048828,1.1200000047683716,-1.4990863800048828,1.1200000047683716,0.0
0.0,0.0,0.0,0,0,0,-1.4990863800048828,1.1200000047683716,-1.4990863800048828,1.1200000047683716,0.0
0.0,0.0,0.0,0,0,0,-1.4990863800048828,1.1200000047683716,-1.4990863800048828,1.1200000047683716,0.0
0.0,0.0,0.0,0,0,0,-1.4990863800048828,1.1200000047683716,-1.4990863800048828,1.1200000047683716,0.0
0.0,0.0,0.0,0,0,0,-1.4990863800048828,1.1200000047683716,-1.4990863800048828,1.1200000047683716,0.0
0.0,0.0,0.0,0,0,0,-1.4990863800048828,1.1200000047683716,-1.4990863800048828,1.1200000047683716,0.0
0.0,0.0,0.0,0,0,0,-1.4990863800048828,1.1200000047683716,-1.4990863800048828,1.1200000047683716,0.0
0.0,0.0,0.0,0,0,0,-1.4990863800048828,1.1200000047683716,-1.4990863800048828,1.1200000047683716,0.0
0.0,0.0,0.0,0,0,0,-1.4990863800048828,1.1200000047683716,-1.4990863800048828,1.1200000047683716,0.0
0.0,0.0,0.0,0,0,0,-1.4990863800048828,1.1200000047683716,-1.4990863800048828,1.1200000047683716,0.0
0.0,0.0,0.0,0,0,0,-1.4990863800048828,1.1200000047683716,-1.4990863800048828,1.1200000047683716,0.0
0.0,0.0,0.0,0,0,0,-1.4990863800048828,1.1200000047683716,-1.4990863800048828,1.1200000047683716,0.0
0.0,0.0,0.0,0,0,0,-1.4990863800048828,1.1200000047683716,-1.4990863800048828,1.1200000047683716,0.0
0.0,0.0,0.0,0,0,0,-1.4990863800048828,1.1200000047683716,-1.4990863800048828,1.1200000047683716,0.0
0.0,0.0,0.0,0,0,0,-1.4990863800048828,1.1200000047683716,-1.4990863800048828,1.1200000047683716,0.0
0.0,0.0,0.0,0,0,0,-1.4990863800048828,1.1200000047683716,-1.4990863800048828,1.1200000047683716,0.0
0.0,0.0,0.0,0,0,0,-1.4990863800048828,1.1200000047683716,-1.4990863800048828,1.1200000047683716,0.0
0.0,0.0,0.0,0,0,0,-1.4990863800048828,1.1200000047683716,-1.4990863800048828,1.1200000047683716,0.0
0.0,0.0,0.0,0,0,0,-1.4990863800048828,1.1200000047683716,-1.4990863800048828,1.1200000047683716,0.0
0.0,0.0,0.0,0,0,0,-1.4990863800048828,1.1200000047683716,-1.4990863800048828,1.1200000047683716,0.0
0.0,0.0,0.0,0,0,0,-1.4990863800048828,1.1200000047683716,-1.4990863800048828,1.1200000047683716,0.0
0.0,0.0,0.0,0,0,0,-1.4990863800048828,1.1200000047683716,-1.4990863800048828,1.1200000047683716,0.0
0.0,0.0,0.0,0,0,0,-1.4990863800048828,1.1200000047683716,-1.4990863800048828,1.1200000047683716,0.0
0.0,0.0,0.0,0,0,0,-1.4990863800048828,1.1200000047683716,-1.4990863800048828,1.1200000047683716,0.0
0.0,0.0,0.0,0,0,0,-1.4990863800048828,1.1200000047683716,-1.4990863800048828,1.1200000047683716,0.0
0.0,0.0,0.0,0,0,0,-1.4990863800048828,1.1200000047683716,-1.4990863800048828,1.1200000047683716,0.0
0.0,0.0,0.0,0,0,0,-1.4990863800048828,1.1200000047683716,-1.4990863800048828,1.1200000047683716,0.0
0.0,0.0,0.0,0,0,-4,-1.4990863800048828,1.1200000047683716,-1.4990863800048828,1.1200000047683716,0.0
0.0,0.0,0.0,0,0,-4,-1.4990863800048828,1.1200000047683716,-1.4990863800048828,1.1200000047683716,0.0
0.0,0.0,-0.18372460040264146,0,0,-4,-1.4990863230532572,1.1199994352521152,-1.4990862607955933,1.119998812675476,-0.019925087630709888
0.0,-1.1256497569071135e-05,-0.4066363582434259,0,0,-4,-1.4990862861112766,1.1199991227839352,-1.4990862607955933,1.1199989318847656,-0.04836665995282983
0.0,-2.1672420572088503e-05,-0.7543003957651242,0,0,-4,-1.4990861499876957,1.119998254103111,-1.4990860223770142,1.119997501373291,-0.09777483518756325
0.0,-2.116029119080495e-05,-1.298762452209093,0,0,-4,-1.4990868045122785,1.1199979412002816,-1.4990875720977783,1.1199979782104492,-0.1970979468524422
-2.6091036580635004e-05,-4.7736858505936105e-05,-1.3250253284625935,0,0,-4,-1.4990881463211496,1.1199958457092944,-1.4990894794464111,1.1199939250946045,-0.2245716578847834
-2.4954887957795134e-05,-4.834347930805525e-05,-1.5697011085644232,0,0,-4,-1.4990884886691098,1.1199950418170106,-1.4990884065628052,1.1199949979782104,-0.2724254684884976
-3.2675457265892504e-05,-4.565492907456415e-05,-2.206817513467429,0,0,-4,-1.499089398339473,1.1199944460562852,-1.4990899562835691,1.1199946403503418,-0.3854319910299442
-6.308161568446e-05,-6.826259432307272e-05,-2.2350617764895913,0,0,-4,-1.4990919312401032,1.1199922210276603,-1.4990941286087036,1.119990587234497,-0.4312456088078304
-8.631278625658588e-05,-6.442309497927103e-05,-2.7841372771049238,0,0,-4,-1.4990944763144651,1.1199913826481516,-1.499096155166626,1.119991660118103,-0.5280651760298807
-0.0001186174826535831,-7.650612222832356e-05,-2.7812178218513366,0,0,-4,-1.4990979929210946,1.1199895530926771,-1.4991003274917605,1.1199886798858645,-0.571954883666958
-0.00011488138743359363,-7.138585215949662e-05,-2.858648051361773,0,0,-4,-1.4990996438146664,1.119988667486039,-1.4990993738174438,1.119989037513733,-0.6242722833914196
-0.00010826166273760739,-7.337997953730514e-05,-3.6318642397147967,0,0,-4,-1.4991010442994535,1.1199873934844355,-1.4991005659103394,1.1199872493743896,-0.7564217513796341
-0.0001009013703159656,-5.5598766139658e-05,-3.6094275323279814,0,0,-4,-1.4991022899111213,1.1199873948869685,-1.4991017580032349,1.1199886798858645,-0.8010713002648949
-0.00012760356955984875,-5.366756539925846e-05,-3.5284022701061186,0,0,-4,-1.4991056695646623,1.1199866329747188,-1.4991075992584229,1.1199867725372314,-0.8512645652405368
-0.00012765593393494897,-4.386905925243661e-05,-3.564712769273616,0,0,-4,-1.4991077146834846,1.1199864220542812,-1.4991077184677124,1.1199871301651,-0.9112938972412359
-0.00012498363181851632,-2.5925835236351426e-05,-4.0488559834469955,0,0,0,-1.4991095805176162,1.1199869063417527,-1.499109387397766,1.119988203048706,-1.022362428358995
-0.00015307256990229186,-1.7003123040033802e-05,-3.9908732867377643,0,0,-4,-1.4991134371620092,1.119987081391925,-1.4991154670715332,1.119987726211548,-1.0733064912077335
-0.00014659678542171918,0.0,-3.77206651702534,0,0,-4,-1.4991154582213297,1.1199881585977038,-1.499114990234375,1.1199896335601809,-1.1161951134057009
-0.0001641698122536082,1.539493599630464e-05,-3.6532398316145813,0,0,-4,-1.499118965489284,1.1199890056235122,-1.4991202354431152,1.1199898719787598,-1.1657342224689622
-0.0001526418769303339,2.0737258302709288e-05,-3.656046994770334,0,0,0,-1.499120830116397,1.119989605113257,-1.499119997024536,1.119989991188049,-1.2244654140217859
-0.00016946189013753034,3.491339380190856e-05,-3.832559645638089,0,0,-4,-1.4991243843255166,1.1199908740667508,-1.499125599861145,1.119991898536682,-1.3026827421950868
-0.0001414219160099458,4.000298786702203e-05,-3.6498201224097464,0,0,0,-1.499125242046389,1.119991769144437,-1.499123215675354,1.1199921369552612,-1.3386558770590269
-0.00014057785974120018,3.4589637151727975e-05,-3.4595622099531482,0,0,-4,-1.4991274489980904,1.119992051325921,-1.4991273880004885,1.119991660118103,-1.379845924039712
-0.00012043640310357614,2.862446416946475e-05,-3.2796632108716888,0,0,-4,-1.4991283667304482,1.1199922104138726,-1.49912691116333,1.1199917793273926,-1.4178170965938723
-0.00011236001301580167,1.7030390607983243e-05,-2.9707552584553203,0,0,-4,-1.499129759798107,1.1199919019431432,-1.4991291761398315,1.1199910640716553,-1.4401891353287817
-8.567374658235646e-05,0.0,-2.768070731544211,0,0,-4,-1.499129793379987,1.1199913022519343,-1.4991278648376465,1.119990348815918,-1.4693690911971715
-7.130687758730468e-05,-1.2973129459205708e-05,-2.8360539928302515,0,0,-4,-1.4991302143935425,1.119990252348762,-1.4991291761398315,1.119989037513733,-1.520275749205967
-5.211269684385782e-05,-1.077593687854834e-05,-3.2563871043402046,0,0,-4,-1.4991300864127939,1.119990190030914,-1.4991286993026731,1.119990348815918,-1.6169584929180614
-7.052247037979283e-05,0.0,-3.2121187159691114,0,0,-4,-1.4991321372510644,1.11999108707103,-1.4991334676742554,1.1199922561645508,-1.659496868832949
-6.078332690346151e-05,1.4087084300598883e-05,-3.4890793897470647,0,0,-4,-1.4991326217743348,1.1199917476858903,-1.4991319179534912,1.1199923753738403,-1.7393897903196152
-4.866878170282908e-05,1.6994355625700787e-05,-3.143485918115042,0,0,-4,-1.4991327934380185,1.1199921652734182,-1.4991319179534912,1.1199923753738403,-1.743179743405761
-6.169772614803785e-05,2.8608571085462605e-05,-2.918710218185729,0,0,-4,-1.4991344334572676,1.119993204976807,-1.4991353750228882,1.119994044303894,-1.7752723770534555
-6.136820208492903e-05,1.7582336938828667e-05,-3.509680241077103,0,0,-4,-1.499135398836677,1.119992933790572,-1.4991353750228882,1.1199921369552612,-1.8789987418513046
-5.9269205791938806e-05,1.2375304133620509e-05,-3.5606478789078184,0,0,-4,-1.4991362419672567,1.1199928708809257,-1.4991360902786257,1.11999249458313,-1.9473207642408197
-5.9934765021131356e-05,1.253244043375988e-05,-3.6348947910605984,0,0,-4,-1.4991372342734044,1.1199930792737738,-1.499137282371521,1.1199930906295776,-2.013801116466823
-6.1105678169798e-05,1.5472872321619056e-05,-3.7033308718041367,0,0,-4,-1.4991382706364864,1.1199934741791815,-1.499138355255127,1.1199936866760254,-2.0804671004733915
-6.154363275616461e-05,1.8665407259656563e-05,-3.7634591691191734,0,0,-4,-1.499139277279682,1.1199939327975525,-1.4991393089294434,1.1199941635131836,-2.1471397048246303
-6.154815634830013e-05,2.248195171825236e-05,-3.8162552496198328,0,0,-4,-1.4991402622768524,1.1199944837485656,-1.4991402626037598,1.1199947595596311,-2.213813284881926
-6.304878016376317e-05,7.184218886910502e-05,-4.0935647609384045,0,0,-4,-1.4991413462507408,1.1199981065712095,-1.4991414546966553,1.1200016736984253,-2.3089070126671305
-5.3957835095106787e-05,9.18983669074341e-05,-4.063527104677731,0,0,-4,-1.499141754046132,1.1200005819220233,-1.4991410970687866,1.120002031326294,-2.368807451398998
-4.813998428882362e-05,9.950025720734953e-05,-4.078372151025421,0,0,-4,-1.4991422327644397,1.120002554842406,-1.499141812324524,1.1200031042099,-2.4353856362458446
-3.608930344728092e-05,0.00014107047988177443,-4.334527240499932,0,0,-4,-1.4991422063565931,1.120006894974894,-1.4991413354873655,1.1200098991394043,-2.5302079751446582
-2.2176885865896337e-05,0.0001464691075406045,-4.283433625542001,0,0,-4,-1.4991418640619774,1.1200095089955808,-1.4991408586502075,1.1200098991394043,-2.5903384688748465
0.0,0.00017887329439049738,-4.399773542570682,0,0,-4,-1.4991411703821713,1.1200139946804755,-1.4991400241851809,1.12001633644104,-2.6706273574143524
0.0,0.00016649894153628498,-4.266804298118279,0,0,-4,-1.499140675572373,1.1200160386082492,-1.4991400241851809,1.1200151443481443,-2.7232567397677787
0.0,0.00014853793840692925,-4.229548125409727,0,0,0,-1.4991406835468593,1.120017515223551,-1.499140739440918,1.1200162172317505,-2.7880710899730334
0.0,0.00012801308050920294,-4.220305113321387,0,0,-4,-1.4991407511260946,1.1200185349712393,-1.4991408586502075,1.1200170516967771,-2.8547306483293546
0.0,0.00010335352091470255,-4.046080241136302,0,0,-4,-1.4991406279975708,1.1200189529839344,-1.4991405010223389,1.120017170906067,-2.902538389531545
0.0,0.00011384561347170144,-3.8210788292948137,0,0,-4,-1.499140378156354,1.1200213002525565,-1.4991401433944702,1.1200220584869385,-2.9465549863661042
0.0,0.00010616147275644588,-3.1538754439059136,0,0,-4,-1.4991402205305524,1.1200226137984415,-1.4991401433944702,1.1200220584869385,-2.9456402379836235
0.0,6.833588876110897e-05,-2.924887715715503,0,0,-4,-1.4991406988068674,1.1200218118045753,-1.4991413354873655,1.1200190782546997,-2.979229170136148
-1.7835655563063494e-05,4.9294695633975085e-05,-3.0031816794649244,0,0,-4,-1.4991417625780732,1.1200216464017259,-1.49914288520813,1.1200202703475952,-3.033608323651571
-2.647077512337012e-05,4.2265433752530756e-05,-3.675796245652845,0,0,-4,-1.4991426187998962,1.1200219704257195,-1.4991432428359983,1.1200214624404907,3.1167167991868174
-2.7919759663855202e-05,4.0599256202594075e-05,-3.6841163544603313,0,0,-4,-1.499143138121911,1.12002253652483,-1.4991432428359983,1.1200224161148071,3.0528134774273337
-2.4586713315654616e-05,4.36496178714583e-05,-3.7503827626967987,0,0,-4,-1.4991433644967094,1.1200233877665386,-1.499143123626709,1.1200236082077026,2.9862152842931784
-1.828012634878826e-05,4.794901809878729e-05,-3.8065956888058325,0,0,-4,-1.4991433409676505,1.1200243703855979,-1.49914288520813,1.1200246810913086,2.9195347888226477
-1.0288315328754096e-05,5.154211357221277e-05,-3.855341077016588,0,0,-4,-1.4991431051262423,1.1200253751025968,-1.4991425275802612,1.120025634765625,2.8528588386651026
1.0581925328333487e-05,4.918192239846613e-05,-4.270557562441083,0,0,-4,-1.4991418900473636,1.1200260437486635,-1.499140381813049,1.120025873184204,2.7414899951337612
5.299466550394931e-05,7.155325723862787e-05,-4.200623127396007,0,0,-4,-1.4991389169109561,1.1200283095858277,-1.4991358518600464,1.1200299263000488,2.6907166883546405
7.160177060457654e-05,7.237879633318488e-05,-4.116728038833585,0,0,-4,-1.4991368389159725,1.1200295090127632,-1.4991354942321775,1.1200295686721802,2.6313224967757978
7.82092436674394e-05,7.133289445209753e-05,-4.1240478693909495,0,0,-4,-1.499135256480163,1.12003059793092,-1.4991347789764404,1.1200305223464966,2.564704958599957
0.00012172195467416047,7.287652766155313e-05,-4.3763144802013745,0,0,-4,-1.499131128589682,1.1200318413038874,-1.499127984046936,1.1200319528579712,2.4698917150446484
0.0001312337719312986,6.181019363424956e-05,-4.319782668247287,0,0,-4,-1.4991285522302558,1.1200322757540309,-1.4991278648376465,1.120031476020813,2.4097111688809103
0.00016840921020793012,5.4914229193966326e-05,-4.431134246580195,0,0,-4,-1.4991239948923718,1.120032808838033,-1.4991213083267212,1.1200323104858398,2.32933601276495
0.00015973660439639651,4.3240193432247026e-05,-4.293543291661056,0,0,-4,-1.4991218736744873,1.1200329157173947,-1.4991225004196167,1.1200320720672607,2.2766227515644646
0.00014276778534950689,3.9897042201273855e-05,-4.25219937231395,0,0,-4,-1.4991204396651767,1.120033386551119,-1.4991216659545898,1.1200331449508667,2.2117825671765123
0.00016477992549997753,2.7507419912099e-05,-4.49599712866525,0,0,-4,-1.4991167001998833,1.1200332058494242,-1.4991151094436646,1.1200323104858398,2.1169037572798186
0.00015636128643109755,1.5271783048816838e-05,-4.432744277614196,0,0,-4,-1.4991146202612957,1.1200328370934567,-1.499115228652954,1.1200319528579712,2.0564281918772096
0.00014163836742502964,1.056178957588064e-05,-4.388386350283677,0,0,-4,-1.4991130917848916,1.1200327700732733,-1.499114155769348,1.1200324296951294,1.9899565117895257
0.00016495403224124503,0.0,-4.613220648947474,0,0,-4,-1.4991092842167482,1.1200316136336583,-1.4991075992584229,1.120030164718628,1.8950722244708895
0.0001675339431201142,-3.436835840423891e-05,-4.741579514400638,0,0,-4,-1.49910647439923,1.120029817013364,-1.4991062879562378,1.120028018951416,1.7972172623239442
0.00018396947134281263,-5.114195511354216e-05,-4.561013134148385,0,0,-4,-1.4991027073346224,1.120028158249047,-1.4991015195846558,1.12002694606781,1.7525275612235465
0.00016438913083999208,-5.054266325232786e-05,-4.2917005013033265,0,0,-4,-1.4991010582421582,1.1200273795958104,-1.4991024732589722,1.1200274229049685,1.701428747806125
0.0001420472234730896,-5.386197202668697e-05,-4.75260879720604,0,0,0,-1.4990999049970763,1.1200263514800073,-1.4991015195846558,1.1200261116027832,1.592780812088989
0.00011395447439864554,-4.9367569944533344e-05,-4.481764818128956,0,0,-4,-1.499099489399722,1.1200257868048302,-1.4991015195846558,1.1200261116027832,1.5837224169608368
0.00011281287958585972,-7.060283620042578e-05,-4.6858498635019,0,0,0,-1.4990977415967939,1.120023593100639,-1.4990978240966797,1.1200220584869385,1.4984547485408517
0.00013104761787919225,-9.162077056079514e-05,-4.517481114017541,0,0,-4,-1.4990947311268465,1.1200210739995862,-1.4990934133529663,1.120019555091858,1.4478634789838485
0.0001297255500598997,-0.00012129435130591968,-4.269163616229624,0,0,-4,-1.49909272176435,1.1200176464032603,-1.4990928173065186,1.1200155019760132,1.399211389672141
0.00013298807837086306,-0.00012707402409434517,-3.7884548088522667,0,0,-4,-1.4990904304760062,1.120015323610462,-1.4990901947021484,1.1200149059295654,1.3769458908802215
0.00010380800062645485,-0.00010419982771804933,-3.4069656768440106,0,0,-4,-1.4990902317062043,1.1200148025957022,-1.4990923404693604,1.1200164556503296,1.3481546723778266
9.207235333650792e-05,-7.417484288007941e-05,-3.3746385074922247,0,0,-4,-1.4990893465995205,1.120015120293112,-1.4990901947021484,1.1200172901153564,1.2965651153723352
9.08041136775666e-05,-7.490076471230036e-05,-3.7064131259847053,0,0,0,-1.4990879572827793,1.120013885506314,-1.4990880489349363,1.1200138330459597,1.2045825268643815
7.619634165662281e-05,-6.489630397649032e-05,-3.701043914313282,0,0,-4,-1.4990874701089913,1.1200133484699537,-1.4990885257720947,1.1200140714645386,1.1463104161416893
5.717248371504343e-05,-5.2167621991075605e-05,-3.5488320544934444,0,0,-4,-1.4990875085985984,1.1200131515980518,-1.4990888833999634,1.1200140714645386,1.1045180156824512
4.407243133105022e-05,-5.0687389289601244e-05,-4.011008154801779,0,0,0,-1.4990874598584114,1.1200124147714692,-1.4990884065628052,1.1200125217437744,1.0028899946843113
5.5395169504064275e-05,-8.109764528053442e-05,-3.957324670627083,0,0,-4,-1.4990860061748204,1.1200095934090442,-1.4990851879119873,1.1200073957443235,0.9511113828342196
4.025794853920034e-05,-9.104840492378305e-05,-3.7598512976575567,0,0,-4,-1.499086120545002,1.1200076380209216,-1.4990872144699097,1.1200069189071655,0.9080735598845991
4.578886975920312e-05,-0.00013051514160017965,-3.4467219567658987,0,0,-4,-1.4990851107791408,1.1200035721755297,-1.499084711074829,1.1200007200241089,0.8779332998362409
3.735251978129494e-05,-0.00011708286762907923,-3.158241115222318,0,0,-4,-1.4990849358682792,1.120002371915354,-1.499085545539856,1.120003342628479,0.8487649308641957
4.068850598844304e-05,-9.652978780145372e-05,-3.1638501642375774,0,0,-4,-1.499084117692258,1.1200018573144965,-1.4990838766098022,1.120003342628479,0.7977160323355484
4.289498396596271e-05,-0.00010392507515486855,-3.5203999486489725,0,0,-4,-1.4990833208100989,1.1199998239495075,-1.499083161354065,1.1199992895126345,0.7056837289491844
3.908748630010221e-05,-9.404771476890886e-05,-3.529740241568993,0,0,-4,-1.499082886196786,1.1199988141218176,-1.499083161354065,1.1199995279312134,0.6474862985229722
3.7748365119151186e-05,-8.490664458544976e-05,-3.61463311686496,0,0,-4,-1.49908234932376,1.1199979136571487,-1.4990824460983276,1.119998574256897,0.5811268232196618
2.4069326840141302e-05,-8.32375122741376e-05,-4.0289714807300125,0,0,-4,-1.4990826496451273,1.1199966654939983,-1.4990836381912231,1.1199967861175537,0.4690130482829123
1.4142301406711634e-05,-7.274124930468334e-05,-3.8148651099517603,0,0,-4,-1.4990829207926724,1.1199960275817875,-1.4990836381912231,1.1199967861175537,0.46314921045506097
0.0,-0.00010192325018439466,-4.387974319398818,0,0,-4,-1.4990832592551626,1.119992934555212,-1.4990838766098022,1.1199908256530762,0.3620047726478243
0.0,-0.0001148549804403421,-4.383047084467572,0,0,-4,-1.499083450450519,1.1199904488911123,-1.4990837574005127,1.1199895143508911,0.29282538503883004
-1.56677593569831e-05,-0.0001134971969281405,-4.7283457014456785,0,0,-4,-1.4990845539727895,1.1199887009719114,-1.499085783958435,1.1199887990951538,0.18170891015906382
-3.3944300666527685e-05,-0.0001436007974893773,-4.617329696014577,0,0,0,-1.499086012884331,1.1199848949249713,-1.4990873336791992,1.1199827194213867,0.13036586285427484
-4.3010391439494435e-05,-0.0001409953635637498,-4.4573834703934025,0,0,-4,-1.499087155335163,1.119982769552494,-1.4990878105163574,1.1199829578399658,0.0713518102611204
-4.535649476895837e-05,-0.00012160872829058977,-4.1782212457257275,0,0,-4,-1.499087998597856,1.11998179524027,-1.499088168144226,1.119983196258545,0.02811252644174512
-4.73677456173928e-05,-0.00012929785798795315,-3.893341882652106,0,0,0,-1.4990888572617413,1.1199793411868744,-1.499089002609253,1.1199787855148315,-0.01284839028554504
-3.1741713636409725e-05,-9.424136252786215e-05,-3.5612251605936756,0,0,-4,-1.4990885821384108,1.1199795899393992,-1.4990874528884888,1.119982123374939,-0.04424722370212971
-1.388027447720362e-05,-6.417453690652773e-05,-3.0965187185937504,0,0,-4,-1.4990879092200509,1.1199800697382665,-1.499086618423462,1.1199822425842283,-0.05867830170627846
1.686722173054439e-05,-4.3636115204619404e-05,-3.232084940682954,0,0,-4,-1.4990860986459364,1.1199804007016796,-1.4990838766098022,1.11998188495636,-0.11969249495873227
2.8390466720411177e-05,-5.71550238895417e-05,-3.093268746084755,0,0,-4,-1.4990850669905746,1.1199788088144902,-1.499084234237671,1.1199778318405151,-0.1540938262166902
5.094014600067564e-05,-3.951530692093495e-05,-3.010912745875074,0,0,-4,-1.4990831220266896,1.1199790604622537,-1.4990814924240112,1.1199803352355957,-0.19530225574163076
5.510376247070287e-05,-2.9179785456559033e-05,-3.5329859061636637,0,0,0,-1.499082031735586,1.1199791114790134,-1.4990817308425903,1.1199798583984375,-0.2995593726700129
2.2477469393021076e-05,-5.142174610947398e-05,-3.5097110991457456,0,0,-4,-1.4990833069375809,1.1199771742287217,-1.4990856647491455,1.1199755668640137,-0.35056441893280416
0.0,-4.675404450919212e-05,-3.391584755237201,0,0,-4,-1.499084701159366,1.1199766600536607,-1.499086618423462,1.1199769973754885,-0.39386095603488225
-5.4483835278290965e-05,-6.475503008256503e-05,-3.1573546595954736,0,0,-4,-1.499088099907319,1.1199747219780223,-1.4990917444229126,1.1199734210968018,-0.42421036038439364
-5.987653322781423e-05,-5.7192254851442376e-05,-2.9327356013196315,0,0,-4,-1.4990893281496904,1.1199741858582304,-1.4990897178649902,1.1199747323989868,-0.4534013499664121
-5.146205818967799e-05,-5.782895747771841e-05,-2.9737723681139387,0,0,-4,-1.499089729909278,1.119973228690953,-1.4990891218185425,1.1199731826782229,-0.5042723672011321
-3.939413856060576e-05,-5.405933498163399e-05,-3.0742700508375185,0,0,-4,-1.4990897555149902,1.1199725526302082,-1.4990888833999634,1.119972825050354,-0.5636950512630738
-3.1982527281431645e-05,-5.445480571927482e-05,-3.2101253108677437,0,0,-4,-1.4990898958536791,1.11997166153703,-1.4990893602371216,1.1199716329574585,-0.6303972053327883
-7.179579683096312e-05,-5.697979048171472e-05,-3.5249370116362195,0,0,-4,-1.4990930395536581,1.1199706233381974,-1.4990959167480469,1.119970440864563,-0.7264158190585215
-8.687138618855546e-05,-4.998705803923995e-05,-3.536479474689787,0,0,-4,-1.4990951849049527,1.1199701739377943,-1.4990962743759155,1.119970679283142,-0.7852786569443133
-0.00010020682772576516,-3.194026209257983e-05,-4.009489395394286,0,0,-4,-1.4990974564278134,1.1199705671842286,-1.4990984201431274,1.1199718713760376,-0.8964400828377203
-0.0001369362961980182,-2.9159964806935482e-05,-3.9626936320803283,0,0,-4,-1.4991014878523743,1.1199702399402018,-1.499104142189026,1.119970440864563,-0.9471730529997171
-0.00014803827242986065,0.0,-4.302107949623516,0,0,-4,-1.4991044127636508,1.1199712313002332,-1.4991052150726318,1.119972825050354,-1.0431074087072367
-0.0001763476843198049,0.0,-4.16855524438399,0,0,-4,-1.4991086528573976,1.1199714777115275,-1.4991106986999512,1.1199718713760376,-1.0879937040955123
-0.00016126535190479963,0.0,-3.996341029417723,0,0,-4,-1.4991104773560306,1.1199716519195568,-1.499109387397766,1.1199718713760376,-1.1393065594377545
-0.00014163374729205498,1.2280754210284766e-05,-4.465048044352459,0,0,0,-1.499111759793611,1.1199723947436937,-1.4991103410720823,1.1199731826782229,-1.2479299623599542
-0.0001598018827932331,2.172389909276106e-05,-4.38601252918197,0,0,-4,-1.4991152269944577,1.1199732155041124,-1.4991165399551392,1.11997389793396,-1.3000027042886497
-0.00014392084452134388,3.792762738642605e-05,-4.0939833973523445,0,0,-4,-1.499116733959341,1.119974634284163,-1.4991155862808228,1.1199758052825928,-1.342507370476624
-0.0001474149251358451,6.26804469656941e-05,-4.3892894192568574,0,0,0,-1.4991192676798786,1.1199768774880345,-1.499119520187378,1.119978666305542,-1.4335715749676463
-0.0001683771808994402,8.12825336034978e-05,-4.264779012718404,0,0,-4,-1.4991230120935484,1.1199791101237606,-1.499124526977539,1.1199804544448853,-1.4832104169003708
-0.0001486563834372037,8.76295152116558e-05,-3.973680202259275,0,0,-4,-1.4991244024240231,1.1199808302311833,-1.499122977256775,1.119981288909912,-1.5237548613570797
-0.00015304354097711446,9.459575106338055e-05,-3.794034053825678,0,0,-4,-1.4991270709528006,1.119982692828032,-1.4991273880004885,1.119983196258545,-1.5712298394007893
-0.0001436691529928804,8.298856600333514e-05,-4.4173783036136784,0,0,-4,-1.4991288999264927,1.1199834390311165,-1.4991282224655151,1.1199826002120972,-1.6928078973714131
-0.00012043823295227973,7.939178284732504e-05,-4.3537517042382206,0,0,-4,-1.4991296628809918,1.1199845290716777,-1.499127984046936,1.1199842691421509,-1.7396125360507824
-0.00012625500669348407,9.24552543503291e-05,-4.138017007738478,0,0,-4,-1.4991319744285703,1.1199866629414632,-1.4991323947906494,1.1199876070022583,-1.7890052994760084
-0.00011555578132659206,9.117182168773219e-05,-4.0744388719687965,0,0,-4,-1.4991332872032337,1.11998805738024,-1.499132513999939,1.119987964630127,-1.8491082161439212
-0.0001000525931050246,9.891240076363456e-05,-4.487987598936697,0,0,0,-1.499134111209442,1.1199900278443506,-1.4991329908370972,1.119990587234497,-1.960025575195094
-0.00010795489409150044,0.00012167019354331114,-4.405511693675437,0,0,-4,-1.4991362344570232,1.1199931149171682,-1.4991368055343628,1.1199947595596311,-2.011441600139546
-8.495397977863328e-05,0.0001281020649140524,-4.113554235402339,0,0,-4,-1.4991364411886212,1.1199954868390507,-1.4991347789764404,1.1199959516525269,-2.0538909649766435
-8.637890844343244e-05,0.0001459397564517358,-3.9321597372221126,0,0,-4,-1.499137894651622,1.1199987156879574,-1.4991379976272583,1.1200000047683716,-2.103385451050997
-7.368933307990826e-05,0.0001392424176739778,-3.890203900347933,0,0,-4,-1.49913843783046,1.1200006079757294,-1.4991375207901,1.1200001239776611,-2.1621475763043265
-4.906520311492324e-05,0.00012998234678277202,-3.654133299355545,0,0,-4,-1.4991379890053815,1.1200022236887344,-1.499136209487915,1.1200015544891355,-2.1982495336798866
-4.948466847697637e-05,0.00013251548910893078,-4.027433332704028,0,0,-4,-1.4991388017786886,1.1200044708675052,-1.4991388320922852,1.120004653930664,-2.2904231215540714
-5.2596869376171363e-05,0.00012540793302566765,-4.0325322011568225,0,0,-4,-1.4991397992750677,1.1200061212483137,-1.4991400241851809,1.1200056076049805,-2.3558303262260605
-4.986356970448307e-05,0.00011150282474581933,-4.050599243331369,0,0,-4,-1.499140460131734,1.120007208534975,-1.4991402626037598,1.1200062036514282,-2.422496824243245
-4.697794934626743e-05,9.651696600243101e-05,-4.066156691918631,0,0,-4,-1.4991410671859746,1.120008001893546,-1.4991408586502075,1.1200069189071655,-2.489173067665851
-3.487001934255873e-05,9.04528897585576e-05,-4.448024297582525,0,0,-4,-1.4991410184009357,1.1200091452804528,-1.4991401433944702,1.1200087070465088,-2.600607915325755
-2.7099132864959123e-05,0.00012248614649983586,-4.375789007048484,0,0,-4,-1.499141062602717,1.1200127101843789,-1.4991405010223389,1.120015025138855,-2.6516394655401947
-1.8184356159385818e-05,0.00012332992090135976,-4.261360620339757,0,0,-4,-1.499140906849907,1.1200147257430442,-1.4991402626037598,1.120014786720276,-2.7109848201122
-1.4871925255897572e-05,0.00011726368095235426,-4.246150211809618,0,0,-4,-1.4991409788210974,1.120016297994191,-1.499140739440918,1.1200158596038818,-2.7776125095940003
-1.4868356516736118e-05,0.00010570559774770868,-4.23505365193677,0,0,0,-1.499141216535979,1.1200174101301839,-1.4991412162780762,1.1200165748596191,-2.844285723048115
-1.6593270687560232e-05,9.520028135027204e-05,-4.225557824084149,0,0,-4,-1.499141568460479,1.1200184069332573,-1.4991416931152344,1.120017647743225,-2.9109576755014808
0.0,9.679739090756451e-05,-4.211373310144197,0,0,-4,-1.4991407984907457,1.1200200357196348,-1.499139666557312,1.1200201511383057,-2.9769354312995793
0.0,0.00010711486197895973,-3.850037846443722,0,0,0,-1.4991404932939039,1.1200222665462825,-1.4991401433944702,1.1200230121612549,-3.0035138657216502
0.0,8.11649514152984e-05,-3.4747760490074158,0,0,-4,-1.4991409199131513,1.1200222648848321,-1.4991414546966553,1.1200203895568848,-3.035046805144143
-1.0395785931538389e-05,5.822757240782387e-05,-3.0308938566570167,0,0,-4,-1.499141432359457,1.1200220471775455,-1.4991419315338137,1.1200203895568848,-3.0514826768465193
-1.9693080379163513e-05,5.071509798835368e-05,-2.7410719160802755,0,0,-4,-1.4991422133184884,1.1200224821833056,-1.49914288520813,1.120021939277649,-3.075349708881506
-2.657903952475265e-05,3.662014474043521e-05,-2.5891357241121793,0,0,-4,-1.4991429836254395,1.1200223618343166,-1.4991434812545776,1.1200213432312012,-3.105000670937177
-3.6578414315591425e-05,3.450110179825691e-05,-2.683099363297192,0,0,-4,-1.499144069929725,1.120022807670733,-1.4991447925567627,1.1200226545333862,3.127344145685881
-2.3787287846567438e-05,2.768215784428315e-05,-3.112500323235299,0,0,-4,-1.4991438095873062,1.1200229089009437,-1.49914288520813,1.1200224161148071,3.0301620121958157
0.0,5.365682102629523e-05,-3.0789643114203455,0,0,-4,-1.4991425985608002,1.1200250689510596,-1.4991408586502075,1.12002694606781,2.988141881688832
0.0,5.4126075929742044e-05,-3.099507463476586,0,0,-4,-1.499142049672506,1.1200259584817454,-1.4991414546966553,1.1200259923934937,2.936738974933191
2.3897044817496365e-05,4.811268088251663e-05,-3.617692490748704,0,0,-4,-1.4991408968944124,1.1200264269648486,-1.4991397857666016,1.1200259923934937,2.8271205238152755
5.9315934637469175e-05,7.30072071070062e-05,-3.5928038651806116,0,0,-4,-1.4991381730662408,1.1200288424975329,-1.4991356134414673,1.120030641555786,2.776830644107485
7.181656772499236e-05,7.325939435822932e-05,-3.6148455581971586,0,0,-4,-1.499136397618204,1.1200300272844663,-1.4991354942321775,1.1200300455093384,2.717072451667649
7.434857552338836e-05,7.095074271573066e-05,-3.6917864564143503,0,0,-4,-1.4991350811668995,1.120031046814206,-1.49913489818573,1.1200308799743652,2.6504345385684767
0.00011531776105801078,7.704804016065689e-05,-3.978440347894326,0,0,-4,-1.4991311831947411,1.1200325851068291,-1.4991282224655151,1.1200330257415771,2.555184386897436
0.00012338021790035263,6.787753888383755e-05,-3.958835216874148,0,0,-4,-1.4991288051168736,1.1200332116310705,-1.4991282224655151,1.120032548904419,2.4953821446793563
0.00011849367896727526,6.213162295907939e-05,-3.9894646342684914,0,0,-4,-1.4991271540731839,1.120033917820117,-1.4991275072097778,1.1200335025787354,2.4287848884270478
0.00010482500175736624,5.7115615701688673e-05,-4.013965556618974,0,0,-4,-1.4991261617845788,1.1200345803273828,-1.4991271495819092,1.1200342178344729,2.362104272059972
0.00013725535133676662,5.1337810811538386e-05,-4.276890189560331,0,0,-4,-1.4991223406758083,1.1200351122175396,-1.499119997024536,1.1200346946716309,2.267030954227746
0.00013918325972051674,4.152276455185607e-05,-4.234076917797112,0,0,-4,-1.4991200171398298,1.1200352847684683,-1.4991198778152466,1.1200345754623413,2.2067691425747835
0.0001327116239253751,3.762607740306921e-05,-4.222185257508963,0,0,-4,-1.4991182180352105,1.1200356915301233,-1.499118685722351,1.1200354099273682,2.1402282842875207
0.00012001710519847088,3.4686370856030496e-05,-4.2142313162052645,0,0,-4,-1.4991169338597212,1.120036099208952,-1.4991178512573242,1.1200358867645264,2.073555357640737
0.00010812496731179814,3.25863634251988e-05,-4.207488828774155,0,0,-4,-1.49911579975266,1.1200365153633878,-1.4991166591644287,1.1200363636016846,2.006882925185856
0.00013937857189148583,1.0491893836563865e-05,-4.450351368208485,0,0,-4,-1.499112003636815,1.1200355761218321,-1.4991097450256348,1.1200339794158936,1.9120162140760852
0.00014130790877252598,0.0,-4.39398936340845,0,0,-4,-1.4991096460348723,1.120034616216772,-1.4991095066070557,1.1200333833694458,1.8517111716685914
0.00013545284346007583,-1.3856219578752303e-05,-4.355131993635492,0,0,-4,-1.499107772175566,1.1200340293019264,-1.4991081953048706,1.1200335025787354,1.7852354743136458
0.0001150099395498314,-3.415188176558815e-05,-4.122659933995082,0,0,0,-1.4991069563715747,1.1200324658947796,-1.4991084337234497,1.1200309991836548,1.7406528142679871
0.0001323868459461912,-5.544786814317538e-05,-4.642522649226088,0,0,-4,-1.4991039674583033,1.1200305116275076,-1.4991027116775513,1.1200289726257324,1.631939406073963
0.00012356997999121808,-6.274298225992076e-05,-4.557577679318344,0,0,-4,-1.4991024321350106,1.120029142195495,-1.49910306930542,1.1200286149978638,1.5857193338812816
0.00011156917112217974,-6.96359844723703e-05,-4.895760840088231,0,0,0,-1.499101248365985,1.1200276826245104,-1.4991021156311035,1.1200271844863892,1.4844018435325783
0.00013202986782698048,-8.672136213193948e-05,-4.774886479417207,0,0,-4,-1.4990981106414951,1.1200254389669306,-1.4990966320037842,1.1200242042541504,1.4320886987752424
0.00011366540226139562,-9.50933259170574e-05,-4.388744620927678,0,0,-4,-1.4990972122035071,1.1200234979705306,-1.499098539352417,1.120022892951965,1.3902190632628595
0.00011074593884227744,-0.0001100075287016011,-3.629508473564091,0,0,-4,-1.4990955865572462,1.12002099052773,-1.499095797538757,1.1200199127197266,1.3843901017317215
0.00010072341401294508,-0.00010163067645475819,-3.5706307982531933,0,0,-4,-1.4990944771922827,1.1200197841850439,-1.4990952014923096,1.1200203895568848,1.330459101703543
9.504209826649213e-05,-8.20585460055156e-05,-3.5142995900907583,0,0,-4,-1.499093241198639,1.1200194519705469,-1.4990936517715454,1.120020866394043,1.2795091107338195
8.022402404850757e-05,-5.6318224336193975e-05,-3.542693361562908,0,0,-4,-1.499092700119776,1.1200198406775295,-1.499093770980835,1.1200217008590698,1.2201979044458753
7.096253266563393e-05,-3.808625534948209e-05,-3.6249417944166527,0,0,-4,-1.4990920287949752,1.1200201448667406,-1.499092698097229,1.1200214624404907,1.153616491047822
5.4474477370293055e-05,-3.363711189936131e-05,-3.522074546149999,0,0,0,-1.4990919833884349,1.1200198296110682,-1.4990931749343872,1.1200201511383057,1.1089566454989699
6.368654288268543e-05,-6.360682846840874e-05,-4.056053286811764,0,0,-4,-1.4990905028046633,1.1200173101763047,-1.4990898370742798,1.1200151443481443,0.9992642100398317
6.199516459051e-05,-7.621142693981008e-05,-3.9937311308980474,0,0,-4,-1.4990895956337797,1.1200154592010128,-1.4990897178649902,1.1200145483016968,0.954270109807144
5.3943484273597137e-05,-8.690448856172015e-05,-4.399458882513559,0,0,-4,-1.4990891359924214,1.1200135329202114,-1.4990897178649902,1.1200127601623535,0.8522473807372571
6.073094804153878e-05,-0.00011690013814593501,-4.317080138881105,0,0,-4,-1.49908782419035,1.1200101594930392,-1.4990873336791992,1.1200079917907717,0.8002748194396097
5.466908755779514e-05,-0.00012249461274776532,-4.218072835416565,0,0,-4,-1.4990872532332509,1.1200079192507513,-1.499087691307068,1.1200075149536133,0.740763034519859
3.398259539091979e-05,-0.00012675946679944323,-4.627828769334143,0,0,-4,-1.4990877460725103,1.1200056773955558,-1.499089241027832,1.1200053691864014,0.6301096299646053
2.8726060766924576e-05,-0.00015654305003408084,-4.544319583610817,0,0,-4,-1.4990875498504923,1.1200016803080348,-1.499087929725647,1.1199995279312134,0.5783114856878904
1.8351822281185424e-05,-0.0001557199740700091,-4.397970745047505,0,0,-4,-1.499087776054699,1.1199992300312211,-1.4990885257720947,1.1199992895126345,0.5191975838916512
0.0,-0.00014676101513636406,-4.797774565691228,0,0,-4,-1.4990889490566337,1.119997330771375,-1.499090552330017,1.1199979782104492,0.40872332688513513
-1.583816723603682e-05,-0.00017249461848402458,-4.699540597104629,0,0,0,-1.4990898039971277,1.1199932813955498,-1.4990906715393066,1.119991421699524,0.356642075743568
-3.6644680967893683e-05,-0.00016598899402001048,-4.925487173704097,0,0,4,-1.4990914328868614,1.1199909515561166,-1.499092936515808,1.119991421699524,0.26109112534979584
-4.3273854785263435e-05,-0.0001752737161651358,-4.647430542325803,0,0,4,-1.4990924574438322,1.1199876819368868,-1.499092936515808,1.1199870109558103,0.22727371943282831
-4.862426418697685e-05,-0.00015554877661901758,-3.7857937154938046,0,0,4,-1.4990935035309003,1.1199861815356733,-1.4990938901901243,1.1199876070022583,0.22366825166463475
-4.665773061464594e-05,-0.00013932249471935076,-3.029844346289297,0,0,4,-1.4990941515153322,1.1199847654438884,-1.499094009399414,1.1199859380722046,0.22107762276630424
-3.851279419462508e-05,-0.00011904617828298255,-2.111162474255879,0,0,4,-1.4990943595927633,1.1199838767126957,-1.499093770980835,1.1199853420257568,0.25348469078474756
-2.980591906974415e-05,-6.970846915030827e-05,-1.5230835316618574,0,0,4,-1.4990944002025124,1.1199852335959752,-1.499093770980835,1.1199887990951538,0.2734093911212079
0.0,-5.569570286326545e-05,-1.0083755008504336,0,0,4,-1.4990932096232854,1.119985044617802,-1.499091386795044,1.119986057281494,0.3010768751997785
1.601239816794816e-05,-4.021452088233876e-05,0.03876128645383137,0,0,4,-1.4990919214549894,1.1199851769180582,-1.4990904331207275,1.1199862957000732,0.4033530824770853
0.0,0.0,0.33173624204143287,0,0,4,-1.4990930129652988,1.1199872547782226,-1.4990944862365725,1.1199902296066284,0.4443548154537182
-1.1069233245162161e-05,1.716924775557131e-05,0.7699100527405373,0,0,0,-1.4990935255564184,1.11998834221375,-1.499094009399414,1.1199895143508911,0.5009861588986309
-1.759338588166803e-05,2.968516604539379e-05,1.2030108542177045,0,0,4,-1.499094133963475,1.1199894443252725,-1.4990946054458618,1.119990348815918,0.5681432867769738
-2.0689362754485224e-05,3.192775307766039e-05,1.3867450907317602,0,0,4,-1.499094620126793,1.1199900675410934,-1.499094843864441,1.1199902296066284,0.6115602319164988
-3.369787085369932e-05,4.232961393333503e-05,1.6575244835086702,0,0,0,-1.4990958111243309,1.119991266032384,-1.4990967512130735,1.1199920177459717,0.6649862527713635
-7.536238748176007e-05,5.234398604340101e-05,2.221747770364007,0,0,4,-1.499099104652231,1.1199926053373044,-1.4991021156311035,1.1199933290481567,0.7614939674637308
-9.013091156159599e-05,4.03222347411438e-05,2.2582140990660617,0,0,4,-1.4991012867694744,1.1199926481059628,-1.4991023540496826,1.1199917793273926,0.8030677367226609
-0.00012015894411216813,2.5935482261400676e-05,2.7737099955587383,0,0,4,-1.4991047139601912,1.1199923421808695,-1.4991068840026855,1.1199913024902344,0.8943385158987275
-0.00015554575778538556,2.145351739549763e-05,2.8027476812413084,0,0,4,-1.4991089758582588,1.1199924608544112,-1.499111533164978,1.1199921369552612,0.9432976980599089
-0.00015345685007348106,1.8355155290156405e-05,2.922025905566432,0,0,4,-1.4991113264966667,1.1199925992838624,-1.4991111755371094,1.1199923753738403,1.0009715163164024
-0.00014151400624157125,2.1506597385606325e-05,3.0915537166944667,0,0,4,-1.4991129922875723,1.1199931013021913,-1.4991121292114258,1.1199933290481567,1.0672759325231096
-0.0001275288003190026,2.3250176190360474e-05,3.231142033163489,0,0,4,-1.4991143319763023,1.119993560672429,-1.4991133213043213,1.1199936866760254,1.1340045942047687
-0.00011840149756719453,0.0,3.7129027987795733,0,0,4,-1.4991157690484787,1.1199927900211215,-1.4991151094436646,1.1199915409088137,1.2460206412738122
-0.00014474184691694593,0.0,3.6667934581092556,0,0,4,-1.4991194047828473,1.1199919583545863,-1.4991213083267212,1.1199909448623655,1.2958407218614671
-0.00014176208379565797,-1.962006150526544e-05,3.6788255874440807,0,0,4,-1.499121523665924,1.1199910651150842,-1.4991213083267212,1.1199902296066284,1.3557024856379172
-0.00012984473096394792,-4.0619277649075835e-05,4.154710089002932,0,0,4,-1.4991230040257306,1.1199893629758522,-1.499122142791748,1.1199878454208374,1.4665676023256515
-0.00015254331680487025,-6.153488952076829e-05,4.07883073548728,0,0,4,-1.4991265821017732,1.1199873303760812,-1.4991282224655151,1.119985818862915,1.5176782648546674
-0.00014417508183284562,-6.965050853560803e-05,4.020326737060439,0,0,4,-1.4991284695867408,1.1199858093097081,-1.4991278648376465,1.1199852228164673,1.5772954592476323
-0.0001248571007343541,-7.961929294550218e-05,4.461527147646786,0,0,4,-1.4991294993130542,1.1199840358841904,-1.4991281032562256,1.1199833154678345,1.6879073052437366
-0.00013995991583617642,-0.000101464130202856,4.362407172576918,0,0,4,-1.4991324954450531,1.1199813178548514,-1.499133586883545,1.119979739189148,1.7394217760453408
-0.00012821824604455676,-0.00010200215179133391,4.252318339222917,0,0,4,-1.499133958584244,1.119979658861184,-1.4991331100463867,1.1199796199798584,1.798804035509507
-0.00011070650602939382,-0.00010168827834248713,4.668094026555584,0,0,4,-1.499134852408348,1.1199780475763321,-1.499133586883545,1.1199780702590942,1.9093561346226366
-0.00011718943703693715,-0.00012336459365377633,4.554130641541021,0,0,4,-1.4991370522866858,1.1199749875838925,-1.4991375207901,1.1199734210968018,1.9611472431649584
-0.00010616336054120648,-0.00012042081432628668,4.408554146473182,0,0,4,-1.499138198404728,1.1199732083580476,-1.4991374015808103,1.1199734210968018,2.020395439517089
-9.243698771247966e-05,-0.00012046630964007021,4.806265272950182,0,0,4,-1.4991389895940908,1.1199712786174099,-1.4991379976272583,1.1199712753295898,2.1309679006806066
-9.439438172538381e-05,-0.00014274352654116746,4.683401806339338,0,0,4,-1.4991405979854904,1.119967878452008,-1.499140739440918,1.1199662685394287,2.182958416523008
-7.847160228709235e-05,-0.00015596417332779157,4.912613293773468,0,0,4,-1.4991410556709275,1.1199647205637642,-1.4991399049758911,1.119963765144348,2.2789773027574562
-7.486624810562103e-05,-0.00017584869506251995,4.693921896475055,0,0,4,-1.499142072873455,1.1199609106090707,-1.499141812324524,1.1199594736099243,2.324314347008338
-6.346523970753834e-05,-0.0001598700870660562,4.422699428849722,0,0,4,-1.4991425170344392,1.11995915334534,-1.4991416931152344,1.1199603080749512,2.3755135407477264
-4.241924222031511e-05,-0.000145100683500667,4.832845402629589,0,0,4,-1.4991421411674009,1.1199575718011314,-1.4991406202316284,1.1199586391448977,2.4844758760811
-3.772243008853758e-05,-0.0001628227778609384,4.711333737510122,0,0,0,-1.4991425093779576,1.119954078616237,-1.4991421699523926,1.1199527978897097,2.5367925506421685
-2.6600281360859473e-05,-0.00015497441779389784,4.539508522890175,0,0,4,-1.499142377672736,1.1199519922919512,-1.4991415739059448,1.1199525594711304,2.5959482052432157
0.0,-0.00013984819773493084,4.4173331210869025,0,0,4,-1.4991414186286594,1.119950512666911,-1.4991399049758911,1.119951605796814,2.6562153155224246
-1.1292281925153778e-05,-0.00013989993413484236,3.978396748561021,0,0,4,-1.4991418817755071,1.1199482716755522,-1.499142289161682,1.1199482679367063,2.6810285979817334
-1.206915726873515e-05,-9.101395444813221e-05,3.69776936619734,0,0,4,-1.4991421138097696,1.1199492650357632,-1.4991421699523926,1.1199527978897097,2.72134023770215
-2.8309205643678826e-05,-7.649658984622292e-05,3.3198399662193707,0,0,4,-1.4991433805150025,1.1199487685278602,-1.4991445541381836,1.1199498176574707,2.743987242341202
-3.52403149402261e-05,-3.594792020095343e-05,3.055439878507559,0,0,4,-1.4991442916647486,1.119950225177867,-1.4991447925567627,1.119953155517578,2.77324554042567
-4.6846264785241827e-05,-1.9229523224166814e-05,3.0783551849944946,0,0,4,-1.4991456227570625,1.119950755232577,-1.4991464614868164,1.1199519634246826,2.824347203820011
-3.629141120082443e-05,-3.5842549168463186e-05,3.440527028018261,0,0,4,-1.4991456745359995,1.1199493493046508,-1.4991449117660522,1.119948148727417,2.91662421657813
-2.6582797539351662e-05,-3.5205446469683414e-05,3.4557179785236087,0,0,0,-1.499145613380591,1.119948817941512,-1.4991449117660522,1.1199488639831543,2.9745529762289205
-2.0161705125091202e-05,-3.7693935959461105e-05,3.549357860546954,0,0,4,-1.4991456142191422,1.1199480901450602,-1.4991451501846311,1.119947910308838,3.040900189597427
-1.2754023114077101e-05,-3.721958197694451e-05,3.4570477867843965,0,0,0,-1.4991454470986525,1.1199475184007246,-1.4991449117660522,1.1199475526809692,3.0859424441226926
0.0,-4.9036594867620145e-05,3.439589700124302,0,0,4,-1.499145070113416,1.1199461416871617,-1.499144434928894,1.1199452877044678,3.139470954147682
0.0,-4.7815124141692405e-05,3.3446733831387045,0,0,4,-1.4991445719796035,1.1199454378507507,-1.4991439580917358,1.1199455261230469,-3.0992865161267207
3.7733396120474414e-05,-7.955412531797795e-05,3.1267769996943886,0,0,4,-1.4991423044890355,1.1199425746037506,-1.4991399049758911,1.1199402809143066,-3.068262672981872
3.8650096818554175e-05,-7.228596159955747e-05,2.9064994509469475,0,0,4,-1.4991416401533577,1.1199417822222282,-1.4991415739059448,1.119942307472229,-3.039077540339932
2.6906400492498068e-05,-6.960829335421459e-05,2.952130112102541,0,0,4,-1.4991417981052413,1.1199408026623985,-1.4991426467895508,1.119940996170044,-2.9882243448717576
1.2493118929352395e-05,-6.18842154141106e-05,3.054393097799558,0,0,4,-1.4991423204374696,1.1199401995538096,-1.499143362045288,1.1199407577514648,-2.928833096084665
0.0,-6.103266452386488e-05,3.1904495646976896,0,0,4,-1.499142713666725,1.119939265700773,-1.499143362045288,1.1199393272399902,-2.862136415870095
4.236447831200836e-05,-7.8514160067073e-05,3.5013395738313444,0,0,4,-1.4991400894702438,1.1199371335097126,-1.499137282371521,1.1199358701705933,-2.765911180772208
6.205956200946441e-05,-7.770406813100705e-05,3.513638517024755,0,0,4,-1.499138109634059,1.119935930836789,-1.4991366863250732,1.1199359893798828,-2.7070554660250297
7.03385797380368e-05,-7.604969380307255e-05,3.6045015309005946,0,0,4,-1.499136569370948,1.1199347969392401,-1.499135971069336,1.1199349164962769,-2.640434376818148
7.169821578394509e-05,-7.0699710239803e-05,3.6758092505769038,0,0,4,-1.4991353540707186,1.1199339338213792,-1.4991352558135986,1.119934320449829,-2.5737328551021093
0.00011580754844231395,-7.093022063945529e-05,3.9640640729902277,0,0,4,-1.4991312909151608,1.1199327873874112,-1.4991281032562256,1.119932770729065,-2.478453355365556
0.0001288993000118561,-5.768016336323698e-05,3.9468972830620723,0,0,4,-1.4991285725235843,1.1199325284399717,-1.4991276264190674,1.1199334859848022,-2.4186261872532158
0.00012686267053718884,-4.8398298702111385e-05,3.9797592987891566,0,0,4,-1.499126644772486,1.1199322191637806,-1.4991267919540403,1.1199328899383545,-2.3520276770766317
0.00011543767198686642,-4.0539097501430655e-05,4.00572327968668,0,0,4,-1.4991253702546863,1.119931964347848,-1.4991261959075928,1.1199325323104858,-2.285346553822286
0.00014695118474051695,-3.002416772694859e-05,4.26932468898552,0,0,4,-1.4991214399535313,1.1199320108443007,-1.4991191625595093,1.119932770729065,-2.1904729695289014
0.00014555618003394768,-1.8476593264564364e-05,4.228089172684738,0,0,4,-1.499119180955684,1.1199322938458065,-1.4991192817687988,1.1199331283569336,-2.1303908460436407
0.00013488926577216265,-1.3755379545483617e-05,4.216899113627927,0,0,4,-1.4991175572262214,1.1199323103307754,-1.4991183280944824,1.1199326515197754,-2.0638569215615274
0.00011802896106927245,-1.314517019474105e-05,4.209659171711746,0,0,4,-1.4991165136006521,1.1199321305844825,-1.499117732048035,1.1199321746826172,-1.9971840716603133
0.00010849856639920917,0.0,4.5981780080910735,0,0,4,-1.499115255173544,1.1199323265681453,-1.4991159439086914,1.119932770729065,-1.8861636349942232
9.097584484633124e-05,0.0,4.392405507141272,0,0,4,-1.499114677590283,1.1199324802788615,-1.4991159439086914,1.119932770729065,-1.877796691784521
0.00011437981992950169,0.0,4.882700573228993,0,0,4,-1.499111674784477,1.1199332206070016,-1.499109983444214,1.11993408203125,-1.7773468875139242
0.00012199213140567282,1.2408596597387444e-05,4.8382566688588895,0,0,4,-1.4991093414719217,1.1199335929483047,-1.4991087913513184,1.119933843612671,-1.7087196381080747
0.00011875398762774279,1.1923810228497583e-05,4.738996771363887,0,0,4,-1.4991076036653468,1.1199337594375454,-1.499107837677002,1.1199337244033811,-1.6421275143682155
0.00011194654133742788,2.8383247834747298e-05,5.066809749331302,0,0,0,-1.4991061536288741,1.1199350383206306,-1.4991066455841064,1.119936227798462,-1.5313251417849572
0.00013593735635248334,5.4373206188778165e-05,4.951033976113195,0,0,4,-1.4991027764970521,1.119937210599321,-1.4991010427474976,1.1199390888214111,-1.4790943730473565
0.00011982619228457448,7.630492568917017e-05,4.526322356025013,0,0,4,-1.4991016665777706,1.1199395304348916,-1.4991028308868408,1.1199411153793335,-1.4375032853261078
0.00011478669280089457,0.00010994965395518184,4.768326498257437,0,0,4,-1.499100082510422,1.1199429755027106,-1.4991004467010498,1.119945406913757,-1.3458106123490474
0.00013161899557685556,0.00013548339452056231,4.606519876212332,0,0,4,-1.4990971331718081,1.1199464226842086,-1.4990959167480469,1.1199482679367063,-1.295855245340695
0.00011313007563267799,0.00014435230948303828,4.8051284299426005,0,0,4,-1.4990962495352185,1.1199491767256242,-1.4990975856781006,1.1199498176574707,-1.2042408441819952
0.00012140691523187741,0.00015555333657262798,4.596741392215852,0,0,4,-1.4990938922878816,1.1199522268411772,-1.4990932941436768,1.1199530363082886,-1.1608766643748047
0.00010479961309080916,0.00013566344673365948,4.307179117895539,0,0,4,-1.4990930476544027,1.119953400811767,-1.4990942478179932,1.1199519634246826,-1.1123568679537446
8.314714876326895e-05,0.00011906583351677878,4.73656408510652,0,0,4,-1.4990928022638363,1.1199544741902665,-1.4990943670272827,1.1199532747268677,-1.004499423158991
8.548523181364015e-05,0.00013453601995295982,4.644587951204317,0,0,4,-1.4990913173432316,1.1199574019482104,-1.4990911483764648,1.119958519935608,-0.9520594752965572
7.423738208164024e-05,0.000126197840806477,4.482233587626551,0,0,4,-1.49909069315348,1.1199590033033617,-1.4990915060043335,1.1199584007263184,-0.893113464816584
5.805626294230799e-05,0.00011845063755560798,4.864977543373334,0,0,4,-1.4990905750583836,1.1199605103159394,-1.4990917444229126,1.1199599504470823,-0.7826107032529133
5.409208804394101e-05,0.00014292159176654257,4.765170690982069,0,0,4,-1.499089908222241,1.1199640232543902,-1.4990901947021484,1.1199657917022705,-0.7304781848131994
3.97367945078114e-05,0.00015037540053258302,4.975498692738275,0,0,4,-1.4990899917499905,1.119966802756982,-1.4990910291671753,1.119967341423035,-0.6350968843890795
3.109096998486037e-05,0.00017306333213399524,4.767949265479654,0,0,4,-1.499089927520297,1.1199707086194062,-1.499090552330017,1.1199723482131958,-0.5897787325290212
2.5565148119927985e-05,0.0001562864067916143,4.468702536653158,0,0,4,-1.4990897953663531,1.1199723685420884,-1.4990901947021484,1.1199711561203003,-0.539194821388954
1.4554269173839593e-05,0.0001397914652442912,4.88294107296211,0,0,4,-1.4990901142322524,1.1199737786753774,-1.4990909099578855,1.119972586631775,-0.43032943392088024
0.0,0.00015722628045549366,4.778098293697967,0,0,4,-1.499090372769416,1.1199771679213015,-1.4990909099578855,1.119978427886963,-0.37774937586779767
0.0,0.00014815201185041486,4.590698566293395,0,0,4,-1.49909079771207,1.1199790836591466,-1.499091386795044,1.119978427886963,-0.31872176113803047
0.0,0.0001348973977175696,4.522520603313881,0,0,4,-1.499090973851527,1.1199805778540004,-1.4990911483764648,1.1199796199798584,-0.25206083589360967
-3.273763586143134e-05,0.00015803634930699746,4.723153448369841,0,0,4,-1.4990929654248017,1.1199842658844534,-1.49909508228302,1.1199859380722046,-0.1571157418549366
-4.941916385592367e-05,0.00015098593652843604,4.6384232603452435,0,0,4,-1.4990945920110703,1.1199863283766605,-1.499095797538757,1.119985818862915,-0.09648795675816621
-5.327845287630436e-05,0.00014018359655434235,4.560666873645109,0,0,4,-1.4990956378479505,1.1199880300294907,-1.4990959167480469,1.1199872493743896,-0.03011355598099433
-6.636337752757558e-05,0.00012091740971640065,4.905970873837054,0,0,4,-1.4990973553226834,1.1199889993160594,-1.499098300933838,1.1199876070022583,0.08071878383524975
-8.619942961196256e-05,0.0001365028114783438,4.805365443098934,0,0,0,-1.4990997284604077,1.1199919643158887,-1.499101161956787,1.1199930906295776,0.13268585942279928
-9.003785009026288e-05,0.0001245514191551384,4.601793209594038,0,0,4,-1.4991013614019604,1.1199933582770523,-1.499101638793945,1.11999249458313,0.19143621571822164
-9.02465526166854e-05,0.0001082156291167384,4.4627111668921655,0,0,4,-1.499102815804489,1.1199942711717428,-1.4991028308868408,1.1199930906295776,0.25168085904272813
-8.85354845312659e-05,0.00011043176553482076,4.001115080002118,0,0,0,-1.4991041466338735,1.119996149126373,-1.4991040229797363,1.1199963092803955,0.2763417864509309
-5.93133880071733e-05,7.986736587818334e-05,3.571821961952912,0,0,4,-1.4991036313843924,1.1199958954802804,-1.4991015195846558,1.1199936866760254,0.3065065059624536
-3.1163288990226334e-05,5.8116052555244774e-05,3.10136106760909,0,0,4,-1.4991027194490838,1.1199957354201722,-1.499100685119629,1.1199941635131836,0.3224206741907566
-1.716588233738992e-05,5.209739421982265e-05,2.7888685981019337,0,0,4,-1.4991022927197708,1.1199962673949553,-1.4991012811660769,1.1199958324432373,0.34528367756283435
0.0,3.9484254981933344e-05,2.6297227284096434,0,0,4,-1.4991014403300833,1.1199962671226125,-1.4991002082824707,1.119995355606079,0.375007568435777
0.0,3.780792695456612e-05,2.7171207119534784,0,0,4,-1.499100795754911,1.1199967880518338,-1.4991000890731812,1.1199966669082642,0.42588931827855
-1.0470566072803762e-05,4.892917383422341e-05,3.1137208831924164,0,0,4,-1.4991019720558532,1.1199981281831486,-1.4991034269332886,1.1199989318847656,0.5190535726836296
-1.632790550025561e-05,4.9079741403424496e-05,3.149810982269461,0,0,4,-1.4991025268024816,1.1199989210036656,-1.4991029500961304,1.1199989318847656,0.5765277544532116
-3.0421361602152368e-05,4.26219131627194e-05,3.6454016261135367,0,0,4,-1.4991037197405528,1.119999279364783,-1.4991047382354736,1.119998812675476,0.6882804697470615
-7.303135265240005e-05,5.068936753516453e-05,3.6164933162173387,0,0,4,-1.499107023347821,1.1200004946394615,-1.4991101026535034,1.1200010776519775,0.7380458887727758
-8.856318746449404e-05,4.731856454661014e-05,3.636421957807021,0,0,4,-1.499109218629528,1.1200010828319662,-1.4991103410720823,1.1200008392333984,0.7979356337780863
-9.332636249736594e-05,4.6117262369067565e-05,3.7111097976681466,0,0,4,-1.4991109505249713,1.1200017605131964,-1.499111294746399,1.1200016736984253,0.8645707557481828
-0.00013929687840685337,3.498849532020308e-05,4.000694115326553,0,0,4,-1.4991154827701623,1.1200017626877667,-1.4991188049316406,1.120000958442688,0.9599491694250443
-0.00014806015143582744,2.0823343285909072e-05,3.9797570669825553,0,0,4,-1.4991182908435328,1.120001386072427,-1.4991189241409302,1.1200003623962402,1.019979488490932
-0.00014585489149550914,1.4463737264090678e-05,4.007338508939321,0,0,4,-1.4991205140204145,1.1200012988244585,-1.4991203546524048,1.1200008392333984,1.0865797325310462
-0.0001330072931606487,1.0331486187914025e-05,4.029542447642453,0,0,4,-1.499121998368383,1.120001257068994,-1.499121069908142,1.120000958442688,1.1532594454510396
-0.00011694870772935565,0.0,4.048598599048429,0,0,4,-1.4991230648825271,1.1200013146358097,-1.499121904373169,1.120001196861267,1.219935406735254
-0.00010537744486041553,0.0,4.444878006246432,0,0,4,-1.4991241711076662,1.1200005337596335,-1.4991233348846436,1.1199995279312134,1.3311205768219627
-0.00013022437801569198,-2.049701232193014e-05,4.374948714009415,0,0,4,-1.4991274997302868,1.119999440125301,-1.499129295349121,1.119998335838318,1.3822686114677196
-0.00012728179763161774,-2.8691845411695477e-05,4.255567263865391,0,0,4,-1.4991293887919415,1.1199985704282713,-1.4991291761398315,1.1199979782104492,1.441471399022803
-0.0001187811686005027,-2.96540711546006e-05,4.240931475439968,0,0,4,-1.4991308633402827,1.1199980477478306,-1.4991302490234375,1.1199979782104492,1.5081054486531962
-0.00010663774222487671,-2.5866278324017095e-05,4.230381403234419,0,0,4,-1.4991319610601541,1.1199978236864734,-1.4991310834884644,1.1199980974197388,1.57477893850856
-8.882700640815779e-05,-3.1235138563494834e-05,4.024633116405207,0,0,4,-1.499132489830153,1.1199970549008789,-1.499131202697754,1.1199966669082642,1.6193610901729671
-0.00010543709014589685,-5.3687706015419714e-05,3.865189653432727,0,0,4,-1.4991350091233062,1.1199950708421227,-1.499136209487915,1.1199934482574463,1.6695644956695275
-0.0001019203587523206,-6.00673889453994e-05,3.8448043225675224,0,0,0,-1.4991364636323234,1.1199937900901193,-1.499136209487915,1.1199933290481567,1.7294265046328745
-0.00010466728177211194,-5.817675063861233e-05,4.478392423273521,0,0,4,-1.4991382759519207,1.1199929539983995,-1.4991384744644165,1.1199930906295776,1.8633332032368224
-9.486094695159358e-05,-5.649296655922479e-05,4.464344195867124,0,0,0,-1.4991393023502815,1.1199921344821528,-1.499138593673706,1.1199922561645508,1.9117337560713175
-9.169338511948255e-05,-5.4250412578030534e-05,4.323618091308822,0,0,4,-1.4991406107239431,1.1199913788456672,-1.499140381813049,1.1199915409088137,1.9704553167604473
-7.34063807987302e-05,-5.8005786117688846e-05,4.076487271869755,0,0,4,-1.4991408688990233,1.1199902625784623,-1.4991395473480225,1.119989991188049,2.0150000675840714
-5.881406817497868e-05,-8.427370909302534e-05,4.408975008552512,0,0,4,-1.4991410787310766,1.1199875979634466,-1.4991400241851809,1.1199856996536257,2.1095021988765317
-6.85144187618737e-05,-0.00012184610821690863,4.304278415726851,0,0,4,-1.4991426610278988,1.1199837657442413,-1.499143362045288,1.119981050491333,2.160908443179065
-6.135085985814978e-05,-0.00012737971908366,4.2027744104448175,0,0,4,-1.499143283689342,1.1199814503900178,-1.4991427659988403,1.119981050491333,2.2201006671954793
-5.654625141720055e-05,-0.00012157151722319779,4.196721772162927,0,0,4,-1.499143947679572,1.1199797962836928,-1.4991436004638672,1.1199802160263062,2.2867115178210535
-3.629931371912447e-05,-0.00011912650776941973,4.569274489477309,0,0,4,-1.4991435139330445,1.1199780127743428,-1.499142050743103,1.1199781894683838,2.397992625823316
-3.703490913182496e-05,-0.00014542691828966803,4.4916077711235,0,0,4,-1.4991441433508779,1.1199743680800909,-1.499144196510315,1.1199724674224854,2.4493070863813777
-2.882935952108759e-05,-0.0001449315610382645,4.353963441937601,0,0,4,-1.4991441934561425,1.1199720739965242,-1.4991436004638672,1.1199721097946167,2.5085026238007666
-1.1734084109176024e-05,-0.00013997566996350227,4.760527669415355,0,0,4,-1.499143524589745,1.1199700827160826,-1.499142289161682,1.119970440864563,2.6189244008349566
0.0,-0.00016427700684455566,4.668336910696162,0,0,4,-1.4991432032761833,1.1199662365901926,-1.4991426467895508,1.1199644804000854,2.670980061443493
0.0,-0.00015797355620253203,4.493566846835498,0,0,4,-1.499142800268459,1.1199640248672185,-1.499142289161682,1.1199644804000854,2.7298209967114393
0.0,-0.000144168882403553,4.4400902805537035,0,0,4,-1.4991427015524545,1.1199624098910534,-1.4991426467895508,1.1199634075164795,2.7964840254145154
0.0,-0.0001263198721179978,4.40065783545358,0,0,4,-1.4991429284235416,1.1199612831530639,-1.4991432428359983,1.1199625730514526,2.8631592690549716
0.0,-0.00011359147826116734,4.759240881828501,0,0,4,-1.499142456794994,1.119960103485024,-1.4991419315338137,1.1199610233306885,2.974136677490615
2.3517634047944006e-05,-0.00013516134037529494,4.669297662974718,0,0,4,-1.4991412385238856,1.119956860078804,-1.4991400241851809,1.11995530128479,3.025764301851385
4.421940712145808e-05,-0.0001333824135938786,4.904966581790546,0,0,4,-1.4991394936868887,1.1199548150988248,-1.4991379976272583,1.1199549436569214,3.1213424600974427
6.628638849089306e-05,-0.00015149037432006743,4.708831892248265,0,0,4,-1.4991373273701982,1.119951483897357,-1.4991357326507568,1.1199501752853394,-3.116456996549538
6.497749532295383e-05,-0.00013740044128725541,4.418222425816194,0,0,4,-1.4991363533164208,1.119949991510048,-1.499136447906494,1.1199510097503662,-3.065625721306681
7.487207101553118e-05,-0.00013741491958413706,4.368315875418631,0,0,4,-1.4991346595649118,1.1199477921458547,-1.4991339445114136,1.1199477910995483,-2.9994400562042633
6.190587287022031e-05,-0.00011033412830242408,4.143613890232726,0,0,4,-1.4991343187824788,1.119947383766757,-1.4991352558135986,1.1199493408203125,-2.954713813883334
4.883767696217601e-05,-0.00010066322879967724,4.824857317992181,0,0,4,-1.4991341922020944,1.1199462577454804,-1.499135136604309,1.1199469566345217,-2.828548410827776
3.6365763324524894e-05,-8.397310880688709e-05,4.704761658509534,0,0,4,-1.4991342352937576,1.1199457504859152,-1.499135136604309,1.1199469566345217,-2.81627418252325
7.044496384358203e-05,-8.880729794154731e-05,4.8361569471038495,0,0,4,-1.4991314005304017,1.119944087337123,-1.4991289377212524,1.1199437379837036,-2.731604529616119
8.268209970786671e-05,-7.761743763100836e-05,4.7180182867453135,0,0,4,-1.499129464437198,1.1199434061607427,-1.4991285800933838,1.1199442148208618,-2.6708845425622134
8.640461708775972e-05,-7.055219281425599e-05,4.631387453935215,0,0,4,-1.4991278954350573,1.1199426313516405,-1.4991276264190674,1.119943141937256,-2.604479219631462
8.180393596001178e-05,-6.301201694104928e-05,4.565217313137716,0,0,4,-1.4991268171034648,1.1199420009832444,-1.4991271495819092,1.119942545890808,-2.537809683520566
8.372629619245319e-05,-5.092670346827087e-05,4.894245038165225,0,0,4,-1.49912538115691,1.119941791728066,-1.4991252422332764,1.1199426651000977,-2.426923739115165
0.00011467784304876551,-5.5094912167932724e-05,4.784168821754438,0,0,4,-1.4991219953882648,1.1199407013484597,-1.499119758605957,1.1199404001235962,-2.3752000570671123
0.00011930551361929591,-4.917830573950211e-05,4.590963028682059,0,0,4,-1.4991198546162743,1.119940210965465,-1.499119520187378,1.1199406385421753,-2.3165709976540243
0.00011998822735634511,-3.6955990698476856e-05,4.963821532684207,0,0,4,-1.4991179005951494,1.1199402321065792,-1.4991178512573242,1.1199411153793335,-2.2061327049106287
0.00015040694610989785,-3.146864753801388e-05,4.848874671044673,0,0,4,-1.4991139698598581,1.1199400035685498,-1.4991117715835571,1.1199404001235962,-2.1539295545350843
0.00015665552256532682,-2.754868885911864e-05,5.367083992156332,0,0,4,-1.499111150267213,1.1199397592112035,-1.4991106986999512,1.1199400424957275,-2.0297745944409487
0.0001452511483158059,0.0,5.252680702702707,0,0,0,-1.4991093977003473,1.1199405186242055,-1.499110221862793,1.1199418306350708,-1.9816322904891122
0.00016643623348172655,0.0,4.829313560955862,0,0,4,-1.4991056731762789,1.1199412947426586,-1.499104142189026,1.119942307472229,-1.934043654151817
0.00015308668376284079,2.5188378228459227e-05,4.436437541575067,0,0,0,-1.49910389270989,1.1199427283999628,-1.4991048574447632,1.1199442148208618,-1.8908342000733627
0.00016718093272621745,3.904830547897948e-05,4.195916757564237,0,0,4,-1.499100511578952,1.1199440476674494,-1.4990994930267334,1.119945049285889,-1.8410758139867989
0.0001707178676737206,6.933942100637166e-05,4.016190045188823,0,0,4,-1.4990976028639846,1.119946674928384,-1.4990973472595217,1.1199488639831543,-1.7914489277019212
0.00017263968609611543,7.283410188367534e-05,3.600370773019212,0,0,4,-1.4990947443303404,1.1199480153858277,-1.4990946054458618,1.1199482679367063,-1.7690191514670388
0.00013645161242432954,6.19301256948025e-05,3.266297759587198,0,0,4,-1.4990943744200993,1.1199484598903267,-1.4990969896316528,1.1199476718902588,-1.7403545045600135
0.00011125105529853403,3.615225279697211e-05,3.2551516739994164,0,0,4,-1.4990938571552115,1.1199477466461787,-1.4990956783294678,1.1199458837509155,-1.6891299657524759
8.178027765838223e-05,3.229330834408993e-05,3.6352774125215213,0,0,4,-1.499094025395396,1.1199480699747437,-1.499096155166626,1.1199477910995483,-1.5927972746328583
9.311564066708085e-05,3.602037509650049e-05,3.5615274643642416,0,0,4,-1.4990919675516599,1.1199488330569731,-1.4990911483764648,1.1199491024017334,-1.5493604985724887
7.96539341616403e-05,3.035593726839171e-05,3.5075119153244665,0,0,4,-1.499091367629228,1.1199490349177612,-1.4990923404693604,1.1199486255645752,-1.4978727779409302
7.461270056135014e-05,2.3026180281109143e-05,3.587873646694134,0,0,4,-1.4990904264326486,1.119949036056461,-1.4990907907485962,1.1199485063552856,-1.432928634453912
9.005887125907266e-05,5.357989013106556e-05,3.880187875399063,0,0,4,-1.4990882115124666,1.1199514243230038,-1.49908709526062,1.1199536323547363,-1.3374545614946851
8.59894413126554e-05,6.592588762352853e-05,3.867373313878979,0,0,4,-1.499087039592802,1.1199530977716634,-1.4990873336791992,1.119953989982605,-1.2779247475122242
8.253633593720524e-05,6.819676870850338e-05,3.909891101569919,0,0,4,-1.499085892039971,1.1199543027094956,-1.4990861415863037,1.1199544668197632,-1.2113161700381163
6.602050466154608e-05,7.269672383295315e-05,3.759634153900465,0,0,4,-1.4990856632887959,1.1199556913412712,-1.499086856842041,1.1199560165405271,-1.1667786724130804
7.474451753847953e-05,0.00010110080083636908,4.280729100278819,0,0,4,-1.4990840302328192,1.119958732228371,-1.499083399772644,1.1199607849121094,-1.057900578972948
7.755009160934306e-05,0.0001085523996431064,4.278345633403558,0,0,0,-1.4990826488493718,1.119960842452212,-1.4990824460983276,1.1199613809585571,-0.9900904362417926
7.607883651752231e-05,0.00010333835649636528,4.262853828190143,0,0,0,-1.4990815053097823,1.1199622346001288,-1.4990816116333008,1.119961857795715,-0.9234054490606332
6.651365611772537e-05,9.211250383440466e-05,4.079826624921784,0,0,0,-1.4990809203842854,1.11996314589406,-1.4990816116333008,1.1199623346328735,-0.8756486813931269
5.813484216449491e-05,9.36903417907174e-05,3.571673085685476,0,0,0,-1.499080410073245,1.1199647240019883,-1.499081015586853,1.119964838027954,-0.8578017031147542
4.8759958699804065e-05,8.540417544110003e-05,2.83612843280899,0,0,0,-1.4990800996714895,1.1199656752647562,-1.499080777168274,1.1199650764465332,-0.8608150866893419
3.822588283240774e-05,7.120160648628895e-05,2.2943212828799213,0,0,0,-1.4990800158998747,1.1199661028267367,-1.499080777168274,1.1199650764465332,-0.8598552311391023
2.8304442215041453e-05,5.555137420107121e-05,1.904631901168143,0,0,0,-1.4990800601733223,1.119966207445344,-1.499080777168274,1.1199650764465332,-0.8584461619352314
1.985014542621655e-05,4.095469040170387e-05,1.5930448165029611,0,0,0,-1.499080166199731,1.1199661313083218,-1.499080777168274,1.1199650764465332,-0.8579357102757464
1.3139621708059448e-05,2.8596006571956584e-05,1.3398614078861477,0,0,0,-1.4990802922173667,1.1199659695742812,-1.499080777168274,1.1199650764465332,-0.857691428342846
0.0,1.8835134120056598e-05,1.1317140308385414,0,0,0,-1.499080414104412,1.1199657818376696,-1.499080777168274,1.1199650764465332,-0.8575547447588515
0.0,1.1559607825564612e-05,0.9586348612194808,0,0,0,-1.4990805197407344,1.119965602228607,-1.499080777168274,1.1199650764465332,-0.8574834682343135
0.0,0.0,0.8136012450526325,0,0,0,-1.4990806046755636,1.1199654476319556,-1.499080777168274,1.1199650764465332,-0.8574487789335516
0.0,0.0,0.6914259595496167,0,0,-4,-1.4990806689781249,1.1199653239737972,-1.499080777168274,1.1199650764465332,-0.8574340966778815
0.0,0.0,0.58812991635858,0,0,-4,-1.49908071507023,1.1199652307717163,-1.499080777168274,1.1199650764465332,-0.8574302577986334
0.0,0.0,0.3150832897710439,0,0,-4,-1.4990810880320677,1.119964708639202,-1.4990814924240112,1.1199641227722168,-0.8774820692704787
0.0,0.0,0.013305357863557243,0,0,-4,-1.4990813295721555,1.119964482113698,-1.4990814924240112,1.119964361190796,-0.9059683714554465
-1.6039737382124334e-05,-1.909822621131526e-05,-0.2500271271694589,0,0,-4,-1.4990819871124998,1.1199636664080626,-1.4990825653076172,1.1199629306793213,-0.9360618745471099
0.0,-2.0483867395200022e-05,-0.46466989848906726,0,0,-4,-1.4990810305325952,1.1199632692343395,-1.499079704284668,1.1199631690979004,-0.9651395520440377
1.5075294757435731e-05,-2.486947304950413e-05,-1.206158275258855,0,0,-4,-1.4990801497965176,1.119962651568411,-1.4990792274475098,1.1199623346328735,-1.0629794476802257
-1.4461961436086874e-05,-2.8591743861368997e-05,-1.3438682546007037,0,0,-4,-1.4990818612436414,1.1199620075845969,-1.4990839958190918,1.1199617385864258,-1.1090426720150237
-2.7354251566739238e-05,-2.5506740636179755e-05,-1.6340323060296482,0,0,-4,-1.4990829449198093,1.119961754060392,-1.4990838766098022,1.1199619770050049,-1.1663685573053149
-4.040082769917487e-05,-1.1469883180676062e-05,-2.268939193632555,0,0,-4,-1.4990842450721737,1.1199622739024961,-1.4990851879119873,1.11996328830719,-1.281676105884572
-8.389465629465195e-05,0.0,-2.304104478959087,0,0,-4,-1.499087766779719,1.1199631182988457,-1.4990909099578855,1.1199642419815063,-1.3271502040351013
-9.690899772600835e-05,1.4312473622970415e-05,-2.513282789633381,0,0,-4,-1.499089969447584,1.119963860072733,-1.4990909099578855,1.119964599609375,-1.386672860822675
-9.939239327000657e-05,2.9201384605936475e-05,-3.090676753648513,0,0,-4,-1.4990916841641049,1.1199650733499038,-1.499091863632202,1.1199661493301392,-1.4992465018384191
-0.00013140998845167324,5.2553543370973944e-05,-3.0890572999789443,0,0,-4,-1.499095391064731,1.1199670843388678,-1.49909770488739,1.1199687719345093,-1.5483101572658335
-0.00013121374149714613,5.9534182940044985e-05,-3.191428493047075,0,0,-4,-1.4990974806510333,1.1199683866723695,-1.499097466468811,1.1199688911437988,-1.6081512756596288
-0.0001193852960564891,7.007994449972109e-05,-3.7205545307477177,0,0,0,-1.4990987981148618,1.11997003637954,-1.4990979433059692,1.1199707984924316,-1.719543590065614
-0.0001373092661934008,9.419061499478981e-05,-3.6805187722399237,0,0,-4,-1.4991018931991809,1.1199727515692304,-1.4991031885147097,1.1199744939804075,-1.7701552019907292
-0.0001170095382191991,0.0001062294150276721,-3.519411308400784,0,0,-4,-1.4991027481710248,1.119975054481248,-1.4991012811660769,1.1199759244918823,-1.8133268486076268
-0.00012303060882557653,0.00012607846521930498,-3.4472132058177145,0,0,-4,-1.4991050183651649,1.1199780663348522,-1.499105453491211,1.1199795007705688,-1.86288555776583
-0.00010850344569354208,0.00012100509654131647,-3.484331945197427,0,0,-4,-1.4991060264917757,1.1199797481995397,-1.4991049766540527,1.1199793815612793,-1.9217989133606164
-9.612400373158403e-05,0.00010608696504542793,-3.579842328370168,0,0,-4,-1.4991069441655391,1.119980698071779,-1.4991060495376587,1.1199796199798584,-1.988284701862959
-9.749702624326283e-05,0.00013341140087826716,-3.8891590679812706,0,0,0,-1.4991085729175062,1.1199842018297135,-1.4991086721420288,1.1199861764907837,-2.0837833358733593
-8.435627426298478e-05,0.00013484017100933644,-3.876419265817845,0,0,-4,-1.4991092641598007,1.1199864308654042,-1.4991083145141602,1.1199865341186523,-2.143738635606744
-6.601655443499143e-05,0.00012516406874917655,-3.703575144119902,0,0,0,-1.4991094014561852,1.1199879486394198,-1.499108076095581,1.1199872493743896,-2.1872692771786744
-6.000461019296535e-05,0.00011166870630001053,-3.7031328293285046,0,0,4,-1.4991100602828544,1.1199890591117705,-1.4991096258163452,1.1199880838394165,-2.2464853365381914
-4.475770053362416e-05,0.0001287528784531267,-3.644757935075812,0,0,4,-1.499110012412413,1.1199919752132057,-1.499108910560608,1.1199932098388672,-2.2992713590745404
-3.5927162240440744e-05,0.00012364928698848664,-3.1055949981055058,0,0,4,-1.4991101447655268,1.119993697870534,-1.4991095066070557,1.1199933290481567,-2.301275661959456
-2.8884183153036733e-05,0.00010754813779024634,-2.108269637723761,0,0,4,-1.499110254002168,1.1199946118427697,-1.4991097450256348,1.1199934482574463,-2.2658080167752703
-1.0666742210710771e-05,7.550430021438612e-05,-1.5063554212611066,0,0,4,-1.4991095118287194,1.1199942142558055,-1.4991081953048706,1.119991898536682,-2.246874148482059
-2.059503882269072e-05,5.090035619705692e-05,-0.9889020508601677,0,0,4,-1.4991103388374045,1.119993795804656,-1.4991110563278198,1.1199920177459717,-2.2195645338084904
-2.0814311488671808e-05,2.010444241803501e-05,-0.35225948577177313,0,0,4,-1.4991106828537248,1.1199925743510555,-1.4991106986999512,1.119990348815918,-2.1670187042349975
-2.11065970720728e-05,0.0,0.20173715231019718,0,0,4,-1.4991110352051527,1.119991451300948,-1.4991110563278198,1.1199898719787598,-2.1068045959785273
-1.1065308731593946e-05,-1.8990960643282213e-05,0.6890399461704646,0,0,4,-1.4991107091002276,1.1199902835077167,-1.499109983444214,1.119989037513733,-2.0411376317720165
4.1978850924102404e-05,-1.2015655971727437e-05,1.314382739657455,0,0,4,-1.4991073794966392,1.1199904407764742,-1.499103546142578,1.1199909448623655,-1.9433905146750416
6.482752391505782e-05,0.0,1.519666368252028,0,0,4,-1.4991051973527012,1.1199907520519872,-1.499103546142578,1.1199913024902344,-1.8886210657243714
7.701794444019043e-05,0.0,1.8594432646177876,0,0,4,-1.4991033542267984,1.1199908643598004,-1.4991024732589722,1.1199910640716553,-1.8228321360889703
8.050950450163881e-05,0.0,2.142003747223945,0,0,4,-1.4991018911192913,1.1199908891537007,-1.499101638793945,1.1199909448623655,-1.756014766569492
7.991581185826361e-05,0.0,2.389346063095079,0,0,4,-1.4991006422151107,1.119990908543899,-1.499100685119629,1.1199909448623655,-1.6895493177668337
7.725722223171054e-05,0.0,2.610424300438435,0,0,4,-1.4990995393164257,1.1199909228699454,-1.4990997314453125,1.1199909448623655,-1.6230203426163996
0.00010828733253324504,3.5429111075511726e-05,3.0321917366858315,0,0,4,-1.4990962518592836,1.1199932679113782,-1.499094009399414,1.1199958324432373,-1.5272185724417806
0.00011024898269690854,5.4173150992355945e-05,3.0965796600124684,0,0,4,-1.499094389581001,1.1199950739099913,-1.4990942478179932,1.119996428489685,-1.467910306008156
0.00010800206085210573,6.028289038726404e-05,3.249086025602482,0,0,4,-1.4990927741370084,1.1199963445836605,-1.499092936515808,1.1199967861175537,-1.4013651176727213
0.0001012325194770506,5.8226354778204686e-05,3.372527858960973,0,0,4,-1.4990914936255424,1.1199971731562481,-1.4990919828414917,1.1199970245361328,-1.3346424024760688
9.288376233622461e-05,5.2142732279052605e-05,3.4794748458891522,0,0,4,-1.4990904258256896,1.1199977026012096,-1.4990910291671753,1.119997262954712,-1.2679715592860425
8.467559802573993e-05,4.6382362194628406e-05,3.5724811072661,0,0,4,-1.4990894823116265,1.1199981560778136,-1.4990900754928589,1.11999773979187,-1.2012990327253839
9.471979739754505e-05,8.194701355800198e-05,3.8897349968474413,0,0,4,-1.4990874634991374,1.120001249307082,-1.4990867376327517,1.1200038194656372,-1.1064108524474567
8.815172110220791e-05,9.276848745049489e-05,3.874471589565286,0,0,0,-1.4990863821854132,1.1200032758463603,-1.499086856842041,1.1200040578842163,-1.046718671157844
8.142068086950854e-05,9.286241889819762e-05,3.9185806875372102,0,0,-4,-1.4990854167341459,1.120004766351789,-1.4990859031677246,1.1200047731399536,-0.9801118268093669
7.021387109549206e-05,0.00010026536141560354,3.867197529459362,0,0,-4,-1.4990848548641358,1.120006741544944,-1.4990856647491455,1.1200072765350342,-0.9232280344925863
6.22728457944975e-05,9.943008691964096e-05,3.3252132028194654,0,0,0,-1.4990842564082807,1.120008290572318,-1.4990848302841189,1.1200082302093506,-0.9171406893975893
4.575619310734244e-05,8.146655572423922e-05,2.409886918578029,0,0,-4,-1.4990843519272496,1.1200086939188203,-1.499085545539856,1.1200073957443235,-0.9394994082031629
3.700856415687191e-05,6.955716995485424e-05,1.8963729972580152,0,0,-4,-1.4990841981172756,1.120009210076865,-1.4990848302841189,1.12000834941864,-0.9438191035275639
2.2130413269275602e-05,4.66797823552699e-05,1.3805019605368747,0,0,-4,-1.4990845895465124,1.1200088106109929,-1.4990856647491455,1.1200071573257446,-0.9630577466694362
1.0939844530976484e-05,3.105746487546505e-05,0.8812450465285575,0,0,-4,-1.4990849752471198,1.120008524725809,-1.499085783958435,1.1200073957443235,-0.9911975217914105
0.0,0.0,0.4683972976757631,0,0,-4,-1.499085725803561,1.120007561459926,-1.4990867376327517,1.1200059652328491,-1.020812015100972
-1.001960356191397e-05,0.0,0.4122557225388631,0,0,-4,-1.499086234780854,1.1200068738215356,-1.4990867376327517,1.1200059652328491,-1.019335518010033
0.0,-2.1813408925737628e-05,-0.3929864827293825,0,0,-4,-1.4990854766595083,1.120005612318206,-1.49908447265625,1.1200042963027954,-1.0987580635641476
1.0681113382450836e-05,-2.9663147981657497e-05,-0.8163520637425116,0,0,-4,-1.4990849646362985,1.120004744372341,-1.49908447265625,1.120004177093506,-1.163969471786139
0.0,-3.3778806930092374e-05,-1.1961455575611328,0,0,-4,-1.4990851529077274,1.1200039976835865,-1.499085545539856,1.1200037002563477,-1.2279372997037268
0.0,-2.1684561065224457e-05,-1.8851351867574428,0,0,-4,-1.4990860370036747,1.1200042567502717,-1.49908709526062,1.1200051307678225,-1.3431023850087223
-5.7308584256852765e-05,0.0,-1.957953095868654,0,0,-4,-1.4990893547690198,1.1200051765291994,-1.4990928173065186,1.1200065612792969,-1.3873394902163727
-8.431985356825327e-05,1.03603769346727e-05,-2.8138308739060545,0,0,-4,-1.4990920573700184,1.1200059878586148,-1.499094009399414,1.1200069189071655,-1.5134429850201983
-8.867692921340235e-05,1.5890861109323355e-05,-2.6133771416737837,0,0,-4,-1.4990936945256612,1.120006519234438,-1.499094009399414,1.1200069189071655,-1.5166223857729575
-0.0001186046042696226,4.967847539039421e-05,-3.1811046673154015,0,0,-4,-1.4990970918182172,1.1200090071231465,-1.4990992546081543,1.1200114488601685,-1.6062548613296888
-0.00011879754105743805,6.244152229608647e-05,-3.2580508255704657,0,0,-4,-1.4990990022465696,1.120010645719514,-1.4990990161895752,1.120011568069458,-1.6684099788582696
-0.00010688501888939624,7.653249967185918e-05,-3.7688786359576456,0,0,-4,-1.4991001154930383,1.1200125763115902,-1.4990992546081543,1.1200135946273804,-1.779826625517003
-0.000124487471171075,0.00010347156900154968,-3.71280863740602,0,0,-4,-1.4991029893179888,1.120015581722232,-1.4991042613983154,1.1200175285339355,-1.8303330232149808
-0.00011670178310681623,0.00010643796422131706,-3.719215606592489,0,0,0,-1.4991044664204944,1.1200174333700832,-1.4991039037704468,1.120017647743225,-1.8903870768116888
-0.00010000321806839881,0.00011377135858526018,-4.189236231000334,0,0,4,-1.499105229738643,1.1200196211742672,-1.4991040229797363,1.1200201511383057,-2.001408052178957
-0.00011073290616274668,0.00012512197548302675,-4.030836083652318,0,0,4,-1.4991075391094086,1.1200221918837037,-1.4991083145141602,1.1200230121612549,-2.0408598020488133
-0.00010267127325602254,0.00012950473163167418,-3.5049931422726264,0,0,4,-1.4991087778966856,1.1200244835709863,-1.4991081953048706,1.120024800300598,-2.0560212101567594
-7.969747638442735e-05,0.0001159578406254935,-2.6264183359228483,0,0,4,-1.4991089018830328,1.1200256600874883,-1.4991072416305542,1.1200246810913086,-2.0334111643812007
-6.0207053430057275e-05,9.461349316529091e-05,-1.8362740913073088,0,0,4,-1.4991088885678556,1.1200261043787152,-1.4991074800491333,1.120024561882019,-2.0040475730097347
-4.306648551827129e-05,7.597234082268623e-05,-0.7352627321004876,0,0,0,-1.4991087187503598,1.1200263858634718,-1.4991074800491333,1.1200250387191772,-1.9193672500313446
0.0,5.400643753543647e-05,-0.3736291001449444,0,0,4,-1.499106322672531,1.1200261492968282,-1.4991029500961304,1.120024561882019,-1.8902735134294484
0.0,3.628999935824518e-05,-0.05246783113586778,0,0,4,-1.4991060481848268,1.1200258421997897,-1.4991058111190796,1.120024561882019,-1.8609031122686452
3.881323374892298e-05,1.4226450407742989e-05,0.29694166494147334,0,0,0,-1.499103827162357,1.1200249642605136,-1.4991015195846558,1.1200233697891235,-1.8227559614160018
6.047799403175335e-05,-1.0140722511716493e-05,0.8598141472998969,0,0,4,-1.4991017739345116,1.1200235810162542,-1.4991002082824707,1.1200218200683594,-1.7524675696872563
4.4123785739706885e-05,-2.6001518899292564e-05,0.9826033950553155,0,0,0,-1.4991018874322188,1.120022370237605,-1.49910306930542,1.1200212240219116,-1.7229327800054512
6.149451806031796e-05,-3.7308856169591254e-05,1.1811138354181743,0,0,4,-1.4991000331055648,1.1200212067067374,-1.499098777770996,1.1200203895568848,-1.685284132543904
4.450317825310305e-05,-4.4069193837544304e-05,1.286532221099142,0,0,4,-1.4991001724584403,1.1200201628519706,-1.4991014003753662,1.1200196743011477,-1.654418322450857
4.168297149511289e-05,-3.991972451823194e-05,1.1182109148815425,0,0,4,-1.4990996468460942,1.1200197320583953,-1.499099850654602,1.120020031929016,-1.6523277496183815
4.314383571297683e-05,-4.347473172694972e-05,1.4456088777821003,0,0,0,-1.4990988833435948,1.1200188583280366,-1.499098777770996,1.1200186014175415,-1.6016983251768158
5.0979057178835994e-05,-4.9780892173393975e-05,1.680525683869349,0,0,4,-1.4990976750706315,1.1200177458440534,-1.4990971088409424,1.1200172901153564,-1.5497465909989945
5.865287470767827e-05,-2.147350143266506e-05,1.8699138159528517,0,0,4,-1.499096352104232,1.1200188206975523,-1.499095797538757,1.120020866394043,-1.4996042462359889
7.31085252102284e-05,0.0,1.8068726539785607,0,0,4,-1.4990944580226702,1.1200196755358234,-1.4990934133529663,1.1200209856033323,-1.4771997438773543
5.6697839371867926e-05,0.0,1.8103637275379338,0,0,4,-1.4990943731655018,1.1200196469915236,-1.4990955591201782,1.1200196743011477,-1.447926967711903
5.2770843282520003e-05,-1.0180450149408428e-05,2.0129527358164387,0,0,4,-1.499093725606316,1.1200191226772305,-1.499094009399414,1.1200186014175415,-1.3971010202330432
6.443251144753649e-05,0.0,2.5019219415370704,0,0,4,-1.4990921103421164,1.1200202693216805,-1.4990912675857544,1.1200217008590698,-1.3035139866111243
6.048822652629367e-05,1.7999005695875725e-05,2.59850545049308,0,0,4,-1.499091340171109,1.1200209767361784,-1.499091625213623,1.1200215816497805,-1.2464716365868374
5.918762948400455e-05,2.2873844483548655e-05,2.8009233622626133,0,0,4,-1.499090458339482,1.1200215869865922,-1.499090552330017,1.120021939277649,-1.1803164247193547
5.42491423606683e-05,3.5697293656123595e-05,3.3085260417946665,0,0,4,-1.4990898378114033,1.1200228007019442,-1.4990901947021484,1.1200237274169922,-1.0674105341100115
6.77960992876677e-05,7.44494966767649e-05,3.288748099085128,0,0,4,-1.4990880742615635,1.1200259336930947,-1.49908709526062,1.120028734207153,-1.0188875508349384
6.617047750721262e-05,8.78026053464186e-05,3.357967166534873,0,0,0,-1.4990870969907395,1.120028007633664,-1.4990872144699097,1.1200289726257324,-0.9591702849301217
5.422438796115084e-05,9.754632064117707e-05,3.8615137195356937,0,0,0,-1.499086827996363,1.1200300566138395,-1.499087691307068,1.1200307607650757,-0.8478942936602323
4.171564791108934e-05,9.135598343750019e-05,3.5765746067439554,0,0,0,-1.499086787335174,1.1200312081235486,-1.499087691307068,1.1200307607650757,-0.8429772950873883
4.328180206540552e-05,0.00011374246061916009,3.4807106769753964,0,0,-4,-1.4990860163493345,1.1200341497467206,-1.4990859031677246,1.1200357675552368,-0.7932820259956894
4.254113483832284e-05,0.00011831259762976236,2.951173798986077,0,0,-4,-1.4990853728046034,1.1200362717491579,-1.4990854263305664,1.1200366020202637,-0.792732791491653
3.29279280612014e-05,0.00010271171665314171,2.1559475109808623,0,0,-4,-1.499085327657266,1.1200371334061447,-1.4990860223770142,1.120036005973816,-0.8168406281458641
2.4100005615093388e-05,8.441075656562837e-05,1.4897933633549458,0,0,-4,-1.499085384407583,1.1200375669519405,-1.4990860223770142,1.120036244392395,-0.8446547429927849
1.2395490939766503e-05,5.733934495263523e-05,0.796721148595625,0,0,-4,-1.4990857725707016,1.1200371278845018,-1.499086618423462,1.120035171508789,-0.8922520619147383
-2.013379244905513e-05,3.5709660466545624e-05,0.04780631817651615,0,0,0,-1.499087724691915,1.1200366154167098,-1.4990900754928589,1.1200350522994995,-0.9653194086615074
-2.1871970331171723e-05,2.2007410724465826e-05,-0.2890646296159594,0,0,-4,-1.4990881617402287,1.1200362809416025,-1.4990882873535156,1.1200352907180786,-1.0066234882943832
-2.025074020333077e-05,1.1445184884699921e-05,-0.49469913695108125,0,0,-4,-1.4990884045153132,1.1200359348115085,-1.4990882873535156,1.120035171508789,-1.0350623164765373
-2.1369962954326143e-05,-1.0039741695674443e-05,-0.8631663192681247,0,0,0,-1.4990888025168443,1.1200346976068254,-1.4990888833999634,1.1200331449508667,-1.084363837285737
-1.086860202585107e-05,-1.6653514517258857e-05,-1.0960389682645106,0,0,-4,-1.4990884502112496,1.1200340997470135,-1.499087691307068,1.120033621788025,-1.1264565320303443
-2.911078260326681e-05,-1.2151539248107552e-05,-1.7067361168065158,0,0,-4,-1.4990898300647515,1.1200341309078057,-1.4990911483764648,1.1200344562530518,-1.216969994117319
-6.800855843424454e-05,0.0,-1.8266628675788317,0,0,-4,-1.4990928672952668,1.1200341848005648,-1.4990956783294678,1.1200344562530518,-1.2631129014055853
-7.78749810959805e-05,0.0,-2.0592243627236537,0,0,-4,-1.4990946076826424,1.1200342443337226,-1.4990953207015991,1.1200344562530518,-1.319086184132963
-8.349969395493808e-05,0.0,-2.3308394212168198,0,0,-4,-1.4990962255214113,1.1200341860256826,-1.4990966320037842,1.1200342178344729,-1.3853300422870365
-8.453579544289618e-05,0.0,-2.8963753724357066,0,0,4,-1.4990976300112138,1.1200348996231153,-1.49909770488739,1.1200357675552368,-1.4987717418157107
-0.00011579238111634258,2.968155256845995e-05,-2.9033272248289275,0,0,0,-1.4991010488973835,1.1200365116924227,-1.499103307723999,1.1200381517410278,-1.5465342655392171
-0.00010838959459544094,4.843963190431807e-05,-2.871056907715483,0,0,4,-1.4991024121913412,1.120038226658219,-1.4991018772125244,1.1200395822525024,-1.5896076688223264
-0.00012041987730584006,6.211159560586368e-05,-2.7841953741094456,0,0,4,-1.4991049417239684,1.1200399055198516,-1.4991058111190796,1.1200408935546875,-1.6266473388659266
-0.00011880934518125618,7.499242322763183e-05,-2.586407238180958,0,0,4,-1.499106761972789,1.1200417508324017,-1.4991066455841064,1.1200426816940308,-1.6513242496595866
-9.30312009411341e-05,7.046383381393827e-05,-2.0260749332571386,0,0,4,-1.4991069587782149,1.1200426513347386,-1.4991050958633425,1.120042324066162,-1.638043714942605
-7.742638654671644e-05,6.081268631368795e-05,-1.4495828948547351,0,0,4,-1.499107415672824,1.1200431407370706,-1.4991062879562378,1.1200424432754517,-1.6171947939792644
-6.204705311328956e-05,4.7879210286523356e-05,-0.45390907711266015,0,0,4,-1.4991076377965202,1.1200432587325453,-1.499106526374817,1.120042324066162,-1.5370673177425653
-1.6688533488363593e-05,4.2480419307545065e-05,-0.09964151686686223,0,0,4,-1.4991056319838896,1.1200436678961045,-1.4991023540496826,1.1200432777404783,-1.5041489672163393
0.0,2.871851902153058e-05,0.3269875267535233,0,0,4,-1.4991049457895536,1.1200434378097548,-1.4991039037704468,1.1200424432754517,-1.4576493074995795
1.5861154687709212e-05,1.7349151332715137e-05,0.821487006446169,0,0,4,-1.4991037835154066,1.1200431456987807,-1.4991024732589722,1.120042324066162,-1.393113208644769
5.0202292405589696e-05,4.4726589880307853e-05,1.4558171040168935,0,0,4,-1.4991012595096191,1.1200452331556046,-1.499098777770996,1.1200472116470337,-1.2946968914295403
6.060937483164879e-05,5.471446399234165e-05,1.6579471257613043,0,0,4,-1.4990997682805112,1.1200466090604075,-1.4990990161895752,1.1200473308563232,-1.2394584648246387
6.678984503298083e-05,5.791164495124781e-05,1.9830390546902847,0,0,4,-1.4990983899513812,1.120047695851385,-1.4990979433059692,1.120047926902771,-1.1735200924040652
6.918682020811478e-05,5.4608192047344264e-05,2.254531213877604,0,0,4,-1.4990971628543899,1.1200484040527146,-1.4990969896316528,1.12004816532135,-1.1067368142461607
8.053009073682207e-05,9.39508181103193e-05,2.712412281961941,0,0,4,-1.499095305983222,1.1200518786499838,-1.4990944862365725,1.1200547218322754,-1.0110743517780658
7.62811821177958e-05,0.0001044958957068004,2.80733872458445,0,0,4,-1.4990942983890394,1.1200540789781013,-1.4990946054458618,1.120054841041565,-0.95245073648064
6.17959914904142e-05,0.00011084289799735252,3.3833332031336436,0,0,4,-1.4990940354785334,1.1200561705006846,-1.49909508228302,1.1200566291809082,-0.8412175162229563
6.25925703967814e-05,0.00014355428778511714,3.3629482871363887,0,0,4,-1.4990929940823527,1.1200601064748286,-1.499092936515808,1.1200624704360962,-0.7909038466314249
5.31866846780117e-05,0.00014490064023966616,3.423825383344035,0,0,4,-1.4990926144064454,1.1200624923482339,-1.4990932941436768,1.1200625896453855,-0.7309181044544497
4.729352073318001e-05,0.00013487971988528815,3.531677095612776,0,0,4,-1.4990921530053527,1.1200641482944884,-1.4990925788879397,1.1200634241104126,-0.6642693953859948
4.133182866732783e-05,0.00011921938500874469,3.618926572870455,0,0,4,-1.4990917904251468,1.120065271095047,-1.4990922212600708,1.12006413936615,-0.5975684311230632
2.3962789445144186e-05,0.0001506681786342482,3.9366341959387134,0,0,4,-1.4990922773500428,1.1200692576251516,-1.499093532562256,1.120071530342102,-0.502267190738175
0.0,0.0001488095871138499,3.9189537245166957,0,0,0,-1.499092961544319,1.1200715454480585,-1.4990941286087036,1.1200714111328125,-0.4420621347832694
0.0,0.00014010885600793097,3.955865885418665,0,0,4,-1.4990932829582193,1.120073351212664,-1.499093770980835,1.1200727224349976,-0.37544881383741585
-1.0342385159727456e-05,0.00012539485694183227,3.798263165112109,0,0,4,-1.4990940198117726,1.1200746202398613,-1.499094843864441,1.1200735569000244,-0.3299040405553407
-1.9409182258356763e-05,0.00011699517330240266,4.200758053826649,0,0,4,-1.4990947846786502,1.1200760712704594,-1.499095439910889,1.1200754642486572,-0.23109287058542974
-2.879206668209804e-05,0.0001387091807934627,4.110782278605834,0,0,0,-1.4990957155102136,1.1200793786649768,-1.499096393585205,1.1200809478759766,-0.17942514308769347
-3.294764725332393e-05,0.00013314933688444525,4.048399914159328,0,0,4,-1.4990964509008098,1.1200812304611611,-1.4990967512130735,1.120080828666687,-0.119790011344002
-3.303124949555369e-05,0.00011743442479635262,3.8474869018394005,0,0,4,-1.499096983589951,1.1200823219675962,-1.4990969896316528,1.1200811862945557,-0.07639992555643332
-3.614752792497746e-05,0.00012407782562168183,3.6328928881980773,0,0,4,-1.4990977181011842,1.1200846401009885,-1.4990979433059692,1.1200851202011108,-0.035246980842078994
-1.8088506517111728e-05,8.821728004884455e-05,3.4536298082847035,0,0,-4,-1.4990971026140663,1.1200842546737217,-1.499095797538757,1.120081663131714,0.005633166410149326
0.0,7.824141069381226e-05,3.123375925976159,0,0,-4,-1.4990964594152127,1.1200850066644492,-1.499095439910889,1.120084285736084,0.028163751208515005
2.0215270593844e-05,3.7278333644678696e-05,2.7440892053441983,0,0,-4,-1.4990949235376272,1.1200835505358906,-1.4990931749343872,1.120080590248108,0.043291399056599685
3.223748296794779e-05,3.569654136352317e-05,2.3692215014052085,0,0,-4,-1.4990938053276985,1.120084042419949,-1.499092936515808,1.120083928108215,0.05238562076760676
3.651158864011172e-05,2.21280142222794e-05,1.834349316569865,0,0,-4,-1.4990930069749724,1.1200837165750828,-1.499092698097229,1.1200827360153198,0.038843391602425566
3.452201655439184e-05,1.9375112382724925e-05,1.295938569778947,0,0,-4,-1.4990925543163813,1.1200838886342046,-1.499092698097229,1.1200836896896362,0.015803963604204083
3.5521702872444486e-05,0.0,0.8828118861616676,0,0,-4,-1.499091935876755,1.1200832151183575,-1.499091863632202,1.120082139968872,-0.0057831313511172485
3.8828445881666944e-05,0.0,0.4832672281633936,0,0,-4,-1.4990911489270167,1.1200831946673449,-1.4990909099578855,1.1200830936431885,-0.03466686402743365
4.295771049170103e-05,0.0,-0.4382018059160584,0,0,-4,-1.4990902546940514,1.1200830014506453,-1.4990899562835691,1.1200827360153198,-0.13631612068030144
2.0332819466203036e-05,-3.171589003301676e-05,-0.6652121435372526,0,0,-4,-1.4990910630592067,1.1200809334953215,-1.499092698097229,1.120078682899475,-0.17869560712351631
0.0,-4.25901053334818e-05,-1.0506934830620613,0,0,-4,-1.4990916173358855,1.1200797071673854,-1.4990925788879397,1.1200789213180542,-0.2355695144487619
-1.365649467482072e-05,-4.592910764313967e-05,-1.7845049163723168,0,0,-4,-1.4990928722660264,1.1200788049906067,-1.4990943670272827,1.1200785636901855,-0.3517201435984106
-5.561636386597338e-05,-7.165299057686927e-05,-1.863386170707032,0,0,-4,-1.499095864657104,1.1200763695678992,-1.4990988969802856,1.1200745105743408,-0.3963020305943267
-7.196082935594691e-05,-7.507937563259124e-05,-2.130675283494369,0,0,-4,-1.4990978350204593,1.1200749966082493,-1.4990990161895752,1.12007474899292,-0.4557752167359634
-7.648361775524333e-05,-7.594100995298119e-05,-2.397712705742623,0,0,-4,-1.4990992853866696,1.1200737383772326,-1.499099612236023,1.120073676109314,-0.5227836983592687
-7.861697769120598e-05,-5.641072813546911e-05,-2.443475408067268,0,0,-4,-1.4991006501569224,1.1200738144308662,-1.4991008043289185,1.120075225830078,-0.5669889669429307
-0.00011113099065017927,-6.036412159816381e-05,-3.1083111949964253,0,0,-4,-1.4991040574681347,1.120072650507892,-1.4991064071655271,1.120072364807129,-0.6772827974527312
-0.00012043075072031836,-6.14794927767739e-05,-3.193141078225114,0,0,-4,-1.4991064503534393,1.1200716109468787,-1.4991071224212646,1.120071530342102,-0.7447673742008485
-0.00011566994701403308,-5.9260739757428456e-05,-3.3211393317802806,0,0,0,-1.4991080625177706,1.1200707739525373,-1.4991077184677124,1.1200709342956543,-0.8111034311551139
-0.00011531582318395463,-4.263488594530537e-05,-3.8112665243774853,0,0,4,-1.4991098898264699,1.1200709248842815,-1.4991098642349243,1.1200721263885498,-0.9227377445018219
-0.00013539539783201477,-4.625202913314309e-05,-3.6967058293531614,0,0,4,-1.4991130623021383,1.1200700036036486,-1.4991145133972168,1.1200697422027588,-0.9612956592746061
-0.00014142602146277063,-3.676264476062622e-05,-3.2190442637273513,0,0,0,-1.4991156273015642,1.1200698908963387,-1.499116063117981,1.1200705766677856,-0.97664175140494
-0.0001239153384384565,-2.3248528189148213e-05,-2.37082641625556,0,0,4,-1.4991167325199506,1.120070196086571,-1.4991154670715332,1.1200711727142334,-0.9539746126287647
-0.00010733420598788774,-2.0394480258934057e-05,-1.86751708208004,0,0,0,-1.4991176190182294,1.1200700127858016,-1.4991164207458496,1.120070219039917,-0.9489483596900848
-7.16184614282089e-05,0.0,-1.3341044871843706,0,0,4,-1.499116975265568,1.120070453469323,-1.4991143941879272,1.120071291923523,-0.9271049603206887
-5.1576602095830715e-05,-2.5838218387216784e-05,-0.9733532866059036,0,0,4,-1.499116796231741,1.1200691859214473,-1.4991153478622437,1.1200679540634155,-0.9124324915779843
-2.1362082983028943e-05,-1.969201028149533e-05,-0.635120634923966,0,0,4,-1.499115624032971,1.1200691788240837,-1.4991134405136108,1.1200696229934692,-0.892648142519931
0.0,-1.506667493603065e-05,-0.28155343520510245,0,0,4,-1.4991147593711358,1.1200691695240435,-1.4991134405136108,1.1200695037841797,-0.8647647145008731
1.6254957232767837e-05,0.0,0.19406785337859228,0,0,4,-1.499113528832897,1.120069545026486,-1.4991121292114258,1.120070219039917,-0.8159556670459084
2.9659066340303295e-05,2.4777896791980452e-05,0.7909520605842375,0,0,4,-1.499112382633417,1.1200714706662347,-1.4991114139556885,1.120073676109314,-0.7390771213306855
3.064554859689172e-05,2.5790119757105998e-05,1.027934036219485,0,0,4,-1.4991118428738894,1.1200719340287189,-1.4991117715835571,1.1200720071792605,-0.6936771973695451
1.900234997028515e-05,3.281312651169393e-05,1.7908733890497635,0,0,4,-1.4991121222548327,1.120072810948257,-1.4991129636764526,1.120073318481445,-0.5832357486120793
2.0200851011276923e-05,7.662293965254634e-05,1.8949554197679794,0,0,4,-1.4991117389866084,1.1200762321417206,-1.4991116523742676,1.1200793981552124,-0.5355337446005458
1.849099932310173e-05,9.064311645471911e-05,1.6267908347251703,0,0,4,-1.499111528808036,1.120078384955983,-1.4991116523742676,1.1200793981552124,-0.5354688432058772
1.4598459030439607e-05,9.523781564004592e-05,2.6863126852632195,0,0,4,-1.4991114902804836,1.1200801389926724,-1.4991117715835571,1.1200804710388184,-0.4162987358979156
1.1739068156970641e-05,9.179425962554756e-05,2.84175306180372,0,0,4,-1.4991114457340327,1.1200814351507826,-1.4991116523742676,1.1200811862945557,-0.3410461371406955
1.1472854089691435e-05,8.5412345917475e-05,2.99634862856563,0,0,4,-1.4991112755078477,1.120082481962757,-1.499111294746399,1.1200820207595823,-0.2756149646127927
0.0,8.426423182439404e-05,3.5206001561876397,0,0,4,-1.499111986153614,1.1200837726606523,-1.4991129636764526,1.1200836896896362,-0.16395021590652004
-2.0941370906990714e-05,0.0001144114999255293,3.4844184793925628,0,0,4,-1.4991132676433514,1.1200871138669288,-1.4991146326065063,1.1200892925262451,-0.11407135186813175
-3.096865817809776e-05,0.00011778843597004494,3.5237940504937337,0,0,4,-1.4991142655901797,1.1200891676937481,-1.499114990234375,1.120089411735535,-0.054312501182647556
-4.3824031687467834e-05,0.00011454739347811794,4.016967588325934,0,0,4,-1.499115610933008,1.1200908380495673,-1.4991165399551392,1.1200906038284302,0.05655152799748721
-6.786935380510503e-05,0.00013493109651199346,3.9418017424080145,0,0,4,-1.4991179017080363,1.1200940183357095,-1.4991196393966677,1.1200954914093018,0.1074173039911036
-8.63634580660041e-05,0.00013083632975183026,4.275217732783794,0,0,4,-1.499120210227762,1.1200959065360099,-1.4991215467453003,1.1200956106185913,0.20332909679507974
-0.00011015789125049297,0.0001428602740858884,4.11202577240266,0,0,0,-1.4991231650478223,1.1200987947973815,-1.4991248846054075,1.120099663734436,0.24784353584593108
-0.00010209393680319819,0.00012745230204669664,3.9590408395973777,0,0,4,-1.499124394481388,1.1201000619700345,-1.4991238117218018,1.1200989484786987,0.29925944959296175
-8.78006076909525e-05,0.00010208393414495154,3.7863841407987437,0,0,4,-1.4991250830795688,1.120100424152305,-1.4991240501403809,1.12009859085083,0.34528418590993465
-7.621412045217185e-05,0.00010029175326733354,3.4017114459612516,0,0,4,-1.499125721928653,1.1201019390175813,-1.4991248846054075,1.120101809501648,0.36763028976472656
-4.239773232664471e-05,7.39754086545282e-05,3.1207573694822237,0,0,-4,-1.4991247058174653,1.1201018039621333,-1.4991222620010376,1.1200999021530151,0.39669724918636895
-1.2942664409814573e-05,5.5123936508611634e-05,3.5723120214327757,0,0,-4,-1.4991234369626532,1.1201017413336956,-1.4991213083267212,1.1201003789901731,0.4894332611112374
-1.6738893282307964e-05,6.0442122801271195e-05,3.4542707906353574,0,0,-4,-1.4991238950067558,1.1201029748918627,-1.4991241693496704,1.120103359222412,0.5276239909240902
-2.1954970519804394e-05,4.5031396574515146e-05,3.048948236282292,0,0,-4,-1.4991245076539959,1.1201029231920212,-1.4991248846054075,1.120101809501648,0.542038128318004
-2.817094102445768e-05,4.039111953196829e-05,2.610332926204555,0,0,-4,-1.499125269859514,1.1201033369344748,-1.4991257190704346,1.1201030015945437,0.5502281690014469
-2.9882911355852363e-05,3.760484669845168e-05,1.9489732462394072,0,0,-4,-1.4991258337696738,1.1201037989971887,-1.4991259574890137,1.1201035976409912,0.5282281712305512
-1.3537829967321225e-05,1.629468136428926e-05,1.3914506842212124,0,0,-4,-1.499125231354006,1.1201029919002283,-1.4991240501403809,1.1201014518737793,0.5051660601462022
0.0,2.65415191858462e-05,0.9034209889108802,0,0,-4,-1.499124780158485,1.1201039300140936,-1.4991240501403809,1.1201046705245972,0.47672695401866744
1.6882145322307863e-05,2.2793604971703745e-05,0.3028419007085221,0,0,-4,-1.4991234919314615,1.1201041069109188,-1.4991220235824585,1.1201038360595703,0.424687263485488
1.348056060094808e-05,1.9923653540069293e-05,-0.554202338210205,0,0,-4,-1.499123446689434,1.1201042818815667,-1.4991236925125122,1.1201040744781494,0.32006027297111717
1.0145341240618284e-05,-2.178458313379558e-05,-0.706752707005406,0,0,-4,-1.4991234514854743,1.1201018434078078,-1.4991236925125122,1.1200988292694092,0.28783686180866414
0.0,-3.157160931148569e-05,-1.0609252703375323,0,0,-4,-1.4991233679563467,1.1201008478527876,-1.499123454093933,1.1201001405715942,0.23668524624623585
1.1603118452700955e-05,-4.250880262558846e-05,-1.4571036451770614,0,0,-4,-1.499123049534581,1.1200996196699864,-1.4991228580474854,1.1200988292694092,0.17073289699612632
1.1645302279142019e-05,-5.019755845445897e-05,-1.781181428163952,0,0,-4,-1.4991228610959932,1.1200984312401172,-1.4991228580474854,1.1200978755950928,0.10390864750190247
-1.8108434664156644e-05,-8.803748100853442e-05,-2.279497632187903,0,0,-4,-1.4991246417341275,1.1200951265538568,-1.4991267919540403,1.1200923919677734,0.007677438516124729
-3.4999612290772806e-05,-9.848150868612452e-05,-2.4070136853429878,0,0,-4,-1.4991260481127155,1.1200930275193508,-1.4991272687911987,1.120092272758484,-0.050174109841413135
-5.528106052672429e-05,-9.9440719069475e-05,-3.021986729268046,0,0,-4,-1.4991279488744886,1.1200913884036374,-1.4991294145584106,1.1200913190841677,-0.1614586190736536
-8.446441734284587e-05,-0.00012118029631718628,-3.0291848909529624,0,0,-4,-1.499130762627682,1.1200883601900196,-1.4991328716278076,1.1200867891311646,-0.21121635422484858
-9.252363854987175e-05,-0.00011852212082151657,-3.138302185676171,0,0,-4,-1.4991326468381485,1.1200865970322058,-1.4991332292556765,1.1200867891311646,-0.2709331704137573
-8.948029578016386e-05,-0.00011118288371734077,-3.2851924122584473,0,0,-4,-1.499133926026762,1.1200851858612815,-1.4991337060928345,1.1200857162475586,-0.33761910242102544
-0.000122342112341519,-0.00011689292730761441,-3.6394012201831587,0,0,-4,-1.4991375301436984,1.1200830294550181,-1.4991399049758911,1.1200826168060305,-0.43275932917900817
-0.00012621973794183248,-0.0001046359986665579,-3.648655220052569,0,0,-4,-1.4991397439599508,1.1200819694504263,-1.4991400241851809,1.1200828552246094,-0.4924591376407472
-0.00011795783021281001,-9.216639693834006e-05,-3.725727560050693,0,0,0,-1.4991412172967484,1.120081119616106,-1.4991406202316284,1.1200820207595823,-0.5590776951260383
-0.00011206472479936226,-6.896666128814721e-05,-4.172622800444041,0,0,0,-1.4991427150400392,1.120081178644163,-1.499142289161682,1.1200828552246094,-0.6704886956869341
-0.00012531999232191698,-7.299782145934314e-05,-4.0330085340077035,0,0,0,-1.4991453843561662,1.120079808685249,-1.4991463422775269,1.120079517364502,-0.7096919163038165
-0.0001255056113275962,-5.718613932954289e-05,-3.4786698776291805,0,0,4,-1.4991474017469628,1.1200796860003444,-1.4991474151611328,1.120080828666687,-0.7244256269271385
-0.00011970556899815947,-4.920805297711265e-05,-2.795365919120041,0,0,4,-1.499149026406975,1.120079298438233,-1.4991486072540283,1.1200798749923706,-0.722645378269195
-9.508177303562657e-05,-3.2459710177071524e-05,-2.0429339387217347,0,0,4,-1.4991493138637515,1.1200796183104798,-1.4991475343704224,1.120080828666687,-0.7011840736919509
-7.295078097061871e-05,-2.1682550012496363e-05,-1.3979853880499582,0,0,4,-1.499149372134318,1.1200798114126818,-1.4991477727890017,1.120080590248108,-0.6736400130145598
-4.434271202172048e-05,0.0,-0.7064912968153332,0,0,4,-1.4991486481217755,1.1200804579291403,-1.499146580696106,1.1200815439224243,-0.6250633383861338
-2.4274761659014987e-05,0.0,-0.10918413562570539,0,0,4,-1.4991480309511298,1.1200811489529332,-1.499146580696106,1.1200820207595823,-0.5694107347656995
-2.4771218846640432e-05,2.2282895568598543e-05,0.836121578981858,0,0,4,-1.499148452167157,1.1200823510196642,-1.4991484880447388,1.120083570480347,-0.4508630573486462
-1.7858798594030115e-05,7.245519579406488e-05,0.9972960977771312,0,0,4,-1.4991483915397,1.1200860243413555,-1.499147891998291,1.1200896501541138,-0.4119787921969165
-1.7352736899890293e-05,8.941862777611472e-05,1.3809009379681056,0,0,4,-1.4991486438257011,1.1200883050447195,-1.4991486072540283,1.1200895309448242,-0.35258817671205894
-1.3359004198211276e-05,9.741502656965747e-05,1.7432274433961363,0,0,4,-1.499148657451417,1.1200902643694826,-1.4991483688354492,1.1200908422470093,-0.2852401870688853
-2.0927989231114363e-05,0.0001006652345907425,2.387892470505749,0,0,4,-1.4991493715666917,1.1200920378749795,-1.4991499185562134,1.120092272758484,-0.17144955155255626
-3.366047976972716e-05,0.0001303516487397524,2.437343117923857,0,0,4,-1.4991505481352572,1.1200956110311218,-1.4991514682769775,1.1200977563858032,-0.12443906001148347
-3.900248664274359e-05,0.0001316447810023044,2.62998037704241,0,0,4,-1.4991514398528496,1.1200977821440166,-1.4991518259048462,1.1200978755950928,-0.0647149648074277
-5.020500128893865e-05,0.00012571328598123344,3.2193846665615853,0,0,4,-1.4991528044695768,1.1200994963406559,-1.4991536140441897,1.1200990676879885,0.047064159771478126
-7.092630861812372e-05,0.00014340080150792176,3.2097983644327592,0,0,4,-1.4991549775958222,1.120102677041249,-1.499156475067139,1.12010395526886,0.09686534815336767
-7.613155941580283e-05,0.00013691860568736,3.290973178613709,0,0,4,-1.4991564565259923,1.1201045429284338,-1.499156832695007,1.1201040744781494,0.1566101437354729
-8.383100100441524e-05,0.00012114765165893025,3.8123851936280775,0,0,4,-1.4991581836263854,1.1201056910383433,-1.49915874004364,1.1201045513153076,0.2677356578401233
-0.00010744964248801772,0.00013077840262627305,3.754433122638529,0,0,4,-1.4991610863058775,1.1201082660714028,-1.4991627931594849,1.120108962059021,0.3184078313761579
-0.00010908344471456734,0.00011896353999211867,3.751764918686562,0,0,4,-1.4991629135077158,1.1201095774677428,-1.499163031578064,1.120108723640442,0.3782121983322531
-0.00010163111639009343,0.00010765262818825049,3.8129526067087083,0,0,4,-1.4991641661835768,1.1201107331415117,-1.4991636276245115,1.1201099157333374,0.44483215042852
-0.00013509281001096722,0.00010566619214655877,4.107937921595196,0,0,4,-1.4991680043703748,1.1201123242640532,-1.499170422554016,1.1201121807098389,0.5399702853032954
-0.0001378093924881283,8.810338015961328e-05,4.0719207887864775,0,0,0,-1.4991703454434366,1.1201128538790237,-1.4991705417633057,1.1201115846633911,0.6002284350638541
-0.0001293240254399594,7.563587227307227e-05,4.08558669693813,0,0,4,-1.4991719894422364,1.1201134393298677,-1.4991713762283323,1.1201125383377075,0.6668218322919797
-0.00013147638849731404,5.60715991357982e-05,4.01544720491219,0,0,0,-1.4991742009152724,1.1201133561469296,-1.4991743564605713,1.1201119422912598,0.724322958162494
-0.00013118205650101448,6.176943795367896e-05,3.6173590429284763,0,0,4,-1.4991762850797599,1.1201146299658054,-1.499176263809204,1.120115041732788,0.7470333879612967
-9.00153070509121e-05,4.8987990261006364e-05,3.1185068830076332,0,0,4,-1.4991756625371389,1.1201147733196104,-1.4991726875305176,1.1201138496398926,0.7613394713985411
-4.173915480713172e-05,5.473979279404673e-05,3.0109100578761328,0,0,0,-1.4991739113374272,1.1201159373681826,-1.499170422554016,1.1201163530349731,0.8018666884601072
-2.1176906465690478e-05,7.639755295859908e-05,2.7805820435242987,0,0,4,-1.4991732198327667,1.120118244958208,-1.4991717338562012,1.12011981010437,0.8259515520447155
1.3547777768842834e-05,7.973625962026089e-05,2.5015991234218293,0,0,4,-1.4991712630804266,1.1201196880346043,-1.4991687536239624,1.1201199293136597,0.843057066728335
2.408597915045671e-05,8.087513175769093e-05,2.3065473082460173,0,0,4,-1.499170349655528,1.1201210391034295,-1.4991695880889893,1.1201211214065552,0.8640575429697898
2.9389083335540667e-05,7.12570274028013e-05,2.228775071507957,0,0,4,-1.499169613701728,1.1201216972709482,-1.4991692304611206,1.1201210021972656,0.8930807972180891
2.445300679024905e-05,5.6271662281679656e-05,2.6830494090477846,0,0,4,-1.499169469791029,1.120121846729394,-1.4991698265075684,1.1201207637786863,0.9773190947585929
1.90476740642055e-05,4.193892362404304e-05,2.423108184743397,0,0,4,-1.4991694358791883,1.1201217995658928,-1.4991698265075684,1.1201207637786863,0.9804781720138234
0.0,3.73577137933399e-05,2.9704362378154077,0,0,4,-1.499170716271724,1.1201221677336004,-1.4991724491119385,1.1201218366622925,1.067985070859506
-2.6359621024545305e-05,3.667601924147537e-05,3.085460156541448,0,0,0,-1.4991722117952635,1.1201227203914905,-1.4991737604141235,1.1201226711273191,1.1352280846702307
-4.225659255617579e-05,3.5525212000289315e-05,3.2129258600643285,0,0,4,-1.4991736844677588,1.12012323113012,-1.4991748332977295,1.1201231479644775,1.2015740904556302
-5.773373498904987e-05,2.3924564242415703e-05,3.323103721802923,0,0,4,-1.499175383737695,1.120123032636748,-1.4991765022277832,1.1201221942901611,1.2673602747400095
-8.240143682763092e-05,1.768420473737047e-05,3.108805461459701,0,0,0,-1.4991779382123163,1.1201230028914755,-1.499179720878601,1.1201225519180298,1.293689406383785
-6.335759125927176e-05,2.0133795337433308e-05,2.922032736366056,0,0,-4,-1.499177997682888,1.1201234477765278,-1.4991766214370728,1.1201236248016355,1.3259193513812804
-4.522446927497714e-05,2.4254039597836493e-05,2.629381224187128,0,0,-4,-1.499177812658135,1.1201240422987664,-1.4991765022277832,1.120124340057373,1.3435003639376417
-2.966366592407042e-05,2.2739930609479868e-05,2.0437573005645886,0,0,-4,-1.4991775075545237,1.120124330268534,-1.4991763830184937,1.1201242208480835,1.3290170020607615
-1.466104958576413e-05,1.8458324410686623e-05,1.3890210411518107,0,0,-4,-1.4991769903787409,1.1201244110585795,-1.4991759061813354,1.120124101638794,1.299583140379491
0.0,0.0,0.5604657496883368,0,0,-4,-1.4991767657728128,1.120124018812763,-1.499176263809204,1.120123267173767,1.2342233245159597
1.8341829515635034e-05,0.0,0.3054573812494048,0,0,-4,-1.4991751666397468,1.1201233283888112,-1.499173283576965,1.1201224327087402,1.2143788391862225
1.6045501511929004e-05,0.0,-0.04329625724955333,0,0,-4,-1.4991750249763522,1.1201241171818228,-1.499175190925598,1.1201250553131104,1.180721249443445
2.3328839331172995e-05,2.1316878865929167e-05,-0.5225379164040262,0,0,-4,-1.4991742867607145,1.1201250932198579,-1.4991737604141235,1.1201260089874268,1.124103476312656
4.338797648911966e-05,0.0,-1.206678950527031,0,0,-4,-1.4991725874278714,1.1201237155418036,-1.4991711378097534,1.1201218366622925,1.0235231579314148
4.7985625857742166e-05,-1.944191305287095e-05,-1.4102273407067218,0,0,-4,-1.4991715892783906,1.1201226648888662,-1.499171257019043,1.1201215982437134,0.9694959155603615
5.0868758194069216e-05,-3.093268731942088e-05,-1.75822589749741,0,0,-4,-1.4991706309099804,1.120121594185021,-1.499170422554016,1.1201207637786863,0.9038790892258474
5.166161323609816e-05,-3.852608671749237e-05,-2.0478773003151227,0,0,-4,-1.49916976459571,1.120120597276829,-1.4991697072982788,1.1201200485229492,0.8370510388266963
4.9548149495296534e-05,-8.886515407718172e-05,-2.5164692178551027,0,0,-4,-1.4991690777269673,1.1201166530394213,-1.4991692304611206,1.1201130151748655,0.7410656361667273
4.013077355044242e-05,-0.00010574122253051186,-2.621969209655049,0,0,-4,-1.4991689075213912,1.1201141155521614,-1.4991695880889893,1.1201128959655762,0.6827902504557737
3.487973944358186e-05,-0.00010922017629003718,-2.833813503408719,0,0,-4,-1.499168612564894,1.1201121937055833,-1.4991689920425415,1.1201119422912598,0.6163964902395207
1.776639187796754e-05,-0.00010616164757394496,-3.366314046617508,0,0,0,-1.4991691858199283,1.1201106483762802,-1.499170422554016,1.1201108694076538,0.5040170125255578
0.0,-0.0001405326789493611,-3.3451127634294426,0,0,4,-1.4991694573509773,1.1201066775863935,-1.4991700649261477,1.120104193687439,0.45453399252244797
-1.2482246129456907e-05,-0.00013620322963924924,-3.2423331294441278,0,0,4,-1.4991707514927815,1.1201047152751915,-1.499172329902649,1.1201050281524658,0.4112501344874449
-1.8138222059855013e-05,-0.00014920703313325712,-3.0903298942221418,0,0,4,-1.499171325114533,1.120101676366796,-1.4991717338562012,1.120100736618042,0.3741117846445454
-2.588674562700979e-05,-0.0001447763387910829,-2.735630160170272,0,0,4,-1.4991721275662448,1.1200995819590436,-1.4991726875305176,1.1200999021530151,0.3588227262718932
-3.0386200436178238e-05,-0.00011969180487049252,-2.018571103208982,0,0,4,-1.4991728392045762,1.1200989238284604,-1.4991731643676758,1.120100736618042,0.380948364957712
-2.9222581758829348e-05,-9.447459222346762e-05,-1.339096164343493,0,0,4,-1.499173248459165,1.1200986758215585,-1.4991731643676758,1.120100498199463,0.4106596470846599
-2.6958925079530487e-05,-6.004299821037586e-05,-0.6513038856360069,0,0,4,-1.4991735663744346,1.1200994404352893,-1.4991734027862549,1.1201019287109375,0.4587718773481591
-2.610549382926134e-05,-3.339531141738849e-05,-0.05893805197677515,0,0,4,-1.4991739412985188,1.1201002413752195,-1.499173879623413,1.1201021671295166,0.5140708791643079
-2.7810225059552503e-05,-2.767789574185974e-05,0.20380916774213975,0,0,4,-1.49917447168296,1.120100085017715,-1.4991745948791504,1.120100498199463,0.5436052703746538
-3.926878007784773e-05,0.0,0.9596648184487742,0,0,4,-1.4991756741498439,1.1201013040701646,-1.4991765022277832,1.120103120803833,0.6338641437947737
-4.501997836533274e-05,2.208319913605474e-05,1.2862023366581905,0,0,4,-1.4991766826511075,1.1201028911621753,-1.499177098274231,1.1201046705245972,0.6976691448204089
-4.7986975701278734e-05,3.497320798210831e-05,1.6279939046293967,0,0,4,-1.4991775991133134,1.120104096627335,-1.4991778135299685,1.1201050281524658,0.7626120057989009
-5.0879827974954256e-05,4.283016930309484e-05,1.936868801739865,0,0,4,-1.4991785581458874,1.1201051756074352,-1.499178767204285,1.1201057434082031,0.8289921342561585
-6.201438836315257e-05,3.7673697857318844e-05,2.5517960171418737,0,0,4,-1.4991801083077492,1.120105520005622,-1.4991809129714966,1.1201051473617554,0.9424955202634313
-0.00010373351857386537,3.579354109229172e-05,2.902900810986714,0,0,4,-1.4991838585103296,1.1201059984911992,-1.499186873435974,1.120105862617493,1.0552957371454776
-0.00012472649696441553,2.3780960561599367e-05,2.818135301445575,0,0,4,-1.499186906052509,1.1201057770590004,-1.4991884231567385,1.1201049089431765,1.0870205303729445
-0.00015486657221380434,1.303460949561044e-05,2.7986500892815713,0,0,4,-1.4991908941795218,1.1201054471335352,-1.4991930723190308,1.1201046705245972,1.1302855047465838
-0.00014667009129612927,0.0,2.869791246714374,0,0,4,-1.4991928301909099,1.1201054128373757,-1.499192237854004,1.1201051473617554,1.1822934525518298
-0.00012801481020980352,0.0,2.7166783812629363,0,0,4,-1.4991939436472121,1.1201050794716052,-1.4991925954818726,1.1201045513153076,1.2115828676210771
-0.0001146693557381388,0.0,3.088586128483808,0,0,4,-1.4991951096415577,1.1201050721067,-1.4991941452026367,1.1201050281524658,1.290593001126074
-0.00010391710293036943,0.0,3.1808928722902543,0,0,4,-1.4991962335402624,1.1201055757426508,-1.4991954565048218,1.1201061010360718,1.3528708362969522
-9.403943487755015e-05,1.2363399208604838e-05,3.31371426977363,0,0,4,-1.4991972432200575,1.120105956459133,-1.4991965293884275,1.120106220245361,1.419478598008626
-8.403766897954657e-05,0.0,3.787288398192444,0,0,4,-1.499198086653291,1.1201052176135924,-1.4991973638534546,1.120104193687439,1.5315176816591232
-0.00011131025368768825,-2.6225957775071866e-05,3.7337792378361474,0,0,0,-1.4992012341947092,1.1201035743211223,-1.4992032051086426,1.120101809501648,1.5814048616003609
-0.00011009849140496754,-3.853185172504324e-05,3.7353138437919826,0,0,4,-1.4992029350514677,1.1201023411865492,-1.499202847480774,1.1201014518737793,1.6412987963920755
-9.587373051727198e-05,-5.2564218117971e-05,3.739451524967455,0,0,4,-1.4992037562554372,1.1201007970238628,-1.4992027282714844,1.1200997829437256,1.7015151508819009
-0.00010751136566972236,-5.55378063643922e-05,3.4202989238128287,0,0,4,-1.4992060595770558,1.1200997594181084,-1.4992069005966189,1.1200995445251465,1.7263725251636886
-7.875910114868877e-05,-3.602370620556052e-05,3.1518443825850797,0,0,4,-1.4992058790013734,1.1201001608532606,-1.4992038011550903,1.1201015710830688,1.7572546572789565
-5.7220838231411966e-05,-1.5636587131462464e-05,3.64525080006264,0,0,4,-1.4992057152933866,1.1201009322276358,-1.499204158782959,1.1201024055480957,1.853517098272232
-7.209277606780213e-05,-2.7303076850522574e-05,3.609060756096441,0,0,4,-1.4992076139823287,1.120099910792791,-1.499208688735962,1.1200990676879885,1.9054795775340987
-6.807784088738146e-05,-3.196195785661083e-05,3.6306295106660773,0,0,0,-1.4992085020470156,1.120099165953797,-1.4992082118988037,1.1200988292694092,1.9655356965660031
-6.586277783083494e-05,-3.5006861446642606e-05,3.7048440976577117,0,0,-4,-1.4992094448588633,1.1200984532696852,-1.4992092847824097,1.1200982332229614,2.0321805363941685
-6.225935230628349e-05,-5.322513824556585e-05,3.6886871178934846,0,0,-4,-1.4992102604476993,1.120096688784266,-1.499210000038147,1.1200953722000122,2.089479762036285
-6.179347230934124e-05,-6.0031403967366064e-05,3.2171653023204176,0,0,-4,-1.4992112257988957,1.12009538723277,-1.4992111921310425,1.120094895362854,2.09656793723985
-4.8374689023123206e-05,-5.319875705516149e-05,2.3858719928807357,0,0,-4,-1.4992113274042063,1.120094878423601,-1.4992103576660156,1.1200953722000122,2.075293048528264
-4.352664526148154e-05,-4.606360714235093e-05,1.6554965092199703,0,0,-4,-1.4992117809042764,1.1200944989346808,-1.4992114305496216,1.1200950145721436,2.047630138545711
-2.476244847332423e-05,-2.753459955620494e-05,1.1869085172685303,0,0,-4,-1.4992112368652322,1.120094986834424,-1.4992098808288574,1.1200963258743286,2.02839228146986
-2.416042279242743e-05,-1.0366509626377569e-05,0.7323984978659419,0,0,-4,-1.4992115932656347,1.1200956812306102,-1.4992115497589111,1.1200969219207764,1.9998467130308089
-2.3636878425712543e-05,0.0,-0.249384965179128,0,0,-4,-1.4992119452218768,1.1200966999051873,-1.4992119073867798,1.1200979948043823,1.8984796993404247
1.8136778637671745e-05,1.1728929590891683e-05,-0.5187586201808596,0,0,-4,-1.4992095618348984,1.1200970968811186,-1.49920654296875,1.1200973987579346,1.8560623094245985
3.4410204600103614e-05,1.2554322024825292e-05,-0.929418702516889,0,0,-4,-1.499208195841195,1.1200973391091162,-1.4992070198059082,1.1200973987579346,1.7991688740874345
4.237628675876613e-05,0.0,-1.6974064013513068,0,0,-4,-1.4992071186553777,1.1200966751882204,-1.49920654296875,1.1200957298278809,1.6832109519839848
8.643435345223008e-05,-2.3666393503489294e-05,-1.7945367492865942,0,0,-4,-1.4992035280397797,1.1200951370615295,-1.4992003440856934,1.1200934648513794,1.6381849368152872
9.686523489850583e-05,-3.4737489335519644e-05,-2.0721207365103074,0,0,-4,-1.499201455524387,1.1200940265101405,-1.499200701713562,1.1200932264328003,1.5784631408446486
9.972745021934407e-05,-3.736430746542612e-05,-2.3486581413491354,0,0,-4,-1.4991997164650166,1.1200932970563597,-1.4991995096206665,1.1200931072235107,1.5114708145237
0.0001250122048083468,-7.232149964917078e-05,-2.801532700082792,0,0,-4,-1.499196449298768,1.1200903882739384,-1.499194622039795,1.1200878620147705,1.4153556948828376
0.00012117796492403576,-8.480019192263829e-05,-2.8902568519637706,0,0,-4,-1.4991947025777987,1.1200884061873269,-1.4991949796676636,1.120087504386902,1.3562792482308106
0.00011464041823174276,-8.40964914590872e-05,-3.068871437309537,0,0,0,-1.49919319591514,1.1200870959045557,-1.4991936683654783,1.1200871467590332,1.2897773592948594
0.00012295383975335222,-0.00011707972952788394,-3.449647599147551,0,0,0,-1.49919081208396,1.1200835699015432,-1.4991902112960815,1.1200811862945557,1.1943820297486591
0.0001130787149610541,-0.0001207677521725408,-3.098822004894755,0,0,0,-1.499189497648246,1.1200814528177068,-1.4991902112960815,1.1200811862945557,1.1916760258755132
9.829233462898807e-05,-0.00014749691987674186,-3.0796084061213254,0,0,0,-1.4991886658882931,1.1200777535192223,-1.4991897344589231,1.120075821876526,1.143654005810114
8.178924644243514e-05,-0.00014440165678802216,-2.6193347471867954,0,0,4,-1.4991881841987174,1.1200755981904613,-1.499189376831055,1.120075821876526,1.1430740319494759
6.45748256663672e-05,-0.00012522683678091296,-2.1366495789174986,0,0,4,-1.4991880135833975,1.1200745553748412,-1.4991892576217651,1.1200759410858154,1.1448962514770749
4.208742982496409e-05,-9.901003070448063e-05,-1.5675050700463606,0,0,4,-1.4991884669851647,1.1200742848886496,-1.499190092086792,1.1200761795043943,1.165525505334694
2.461531278549652e-05,-7.300838883247707e-05,-1.033832518302515,0,0,4,-1.4991889486347207,1.1200744196472587,-1.4991902112960815,1.120076298713684,1.193767633019171
0.0,-4.495666933871466e-05,-0.5969377635046609,0,0,4,-1.499189972645004,1.120075105958871,-1.4991915225982666,1.120077133178711,1.2232100942560562
1.055325320293708e-05,-1.907783801779821e-05,-0.24727617297096505,0,0,4,-1.4991894337211775,1.1200760974524897,-1.4991888999938965,1.1200779676437378,1.251854917958326
0.0,0.0,0.24394635215455374,0,0,4,-1.4991894892132391,1.1200776288335268,-1.4991897344589231,1.1200796365737915,1.303419334429558
0.0,2.5653222391924436e-05,0.7013866190710145,0,0,4,-1.4991894895997868,1.1200788885617416,-1.4991896152496338,1.1200801134109497,1.363890145677262
0.0,1.9477754098193642e-05,1.4758937609169938,0,0,4,-1.4991899029916276,1.120078890764834,-1.4991904497146606,1.120078444480896,1.4814093130607802
-4.892201668443892e-05,0.0,1.5748039166459038,0,0,4,-1.49919302968517,1.1200778721350537,-1.4991964101791382,1.1200764179229736,1.5232849723934445
-6.597218946563591e-05,-1.4525534314468839e-05,1.8809353866064533,0,0,4,-1.4991949395919377,1.1200769441969276,-1.499196171760559,1.1200759410858154,1.5828557474303564
-7.500195858957636e-05,-2.095668005394715e-05,2.177514153522637,0,0,4,-1.4991965920878352,1.1200762866375629,-1.499197244644165,1.120075821876526,1.649989936274878
-7.53529708947501e-05,-2.3615194115706883e-05,2.422005770610275,0,0,4,-1.4991978153239287,1.1200757755813726,-1.4991978406906128,1.1200755834579468,1.716629507215084
-6.768490149249151e-05,-4.036439038343035e-05,2.98890292713055,0,0,4,-1.4991985140499762,1.120074290480751,-1.4991979598999023,1.1200730800628662,1.8294593498395022
-9.203665477649694e-05,-7.201226581862048e-05,2.9927492789103147,0,0,4,-1.4992012068565033,1.1200715524696403,-1.4992029666900637,1.1200692653656006,1.8780333312833108
-9.066653997771852e-05,-8.365989879128347e-05,3.110267924486211,0,0,4,-1.4992025888672955,1.1200696302705202,-1.4992024898529053,1.1200687885284424,1.9380933136656484
-8.205191738726022e-05,-9.72993937705166e-05,3.6476858526413944,0,0,4,-1.4992034700356172,1.120067390031063,-1.499202847480774,1.1200664043426514,2.049445404840723
-9.391019645050754e-05,-0.00012677040342126933,3.6065427884327326,0,0,4,-1.499205566794575,1.1200638849683557,-1.4992064237594604,1.1200617551803589,2.0999382699878892
-8.752165234943148e-05,-0.00013008811505715526,3.6281026096724376,0,0,4,-1.499206647023216,1.1200616373142935,-1.4992061853408811,1.1200613975524902,2.1597944057425593
-7.406528768324332e-05,-0.0001322858998452486,4.11286601335109,0,0,4,-1.4992071577949737,1.1200594106130795,-1.4992061853408811,1.1200592517852783,2.270594650721332
-7.311901509298347e-05,-0.00015604347549986363,4.034913255160117,0,0,0,-1.4992082802832951,1.120055723470532,-1.4992082118988037,1.120054006576538,2.3216520624730372
-6.417024641776302e-05,-0.00015385403553868978,3.98337103344951,0,0,4,-1.499208858601456,1.1200533715146364,-1.4992082118988037,1.12005352973938,2.381209195031479
-4.86308876173837e-05,-0.00014525873231657158,3.947986524732459,0,0,4,-1.4992088580479377,1.1200514780692192,-1.4992077350616455,1.1200520992279053,2.4412293864649337
-4.867618571429363e-05,-0.00014206521976513808,3.5874043741365496,0,0,0,-1.4992096391367107,1.1200493650465442,-1.4992096424102783,1.1200495958328247,2.4659766229437974
-3.70410875946996e-05,-9.984894965363084e-05,3.2809446208137074,0,0,4,-1.4992096487814703,1.120049882840368,-1.4992088079452517,1.120052933692932,2.4966303231009603
-3.098908952077912e-05,-6.367151850737593e-05,2.8829821710824204,0,0,4,-1.4992098413527875,1.120050676878353,-1.4992094039916992,1.1200532913208008,2.5115377623808754
-3.544461122611888e-05,-4.689190382313081e-05,2.6332435342647735,0,0,4,-1.4992106317242873,1.1200507674024762,-1.4992109537124634,1.1200519800186155,2.534869108239935
-3.453464900416296e-05,-2.581472829993228e-05,2.504130916402766,0,0,4,-1.499211138682195,1.1200514105040094,-1.499211072921753,1.120052933692932,2.5643220411383956
-4.2127153393251855e-05,-1.7852618110895358e-05,2.607309547044899,0,0,4,-1.4992121931626066,1.1200515238283206,-1.4992127418518066,1.1200520992279053,2.615052025983058
-4.208281048147951e-05,0.0,2.7550449992414614,0,0,4,-1.4992128642656353,1.1200518773510744,-1.4992128610610962,1.1200525760650637,2.674542514233224
-2.513282580728686e-05,0.0,3.276152424034638,0,0,4,-1.4992124170593477,1.120051630206108,-1.4992111921310425,1.1200515031814575,2.7881162976292027
-1.0790084770613694e-05,-5.623085942265742e-05,3.258062743205359,0,0,4,-1.4992118710132243,1.120048411058045,-1.4992108345031738,1.1200450658798218,2.8362019170311523
0.0,-7.131921909071791e-05,3.3320202720120085,0,0,4,-1.4992111812305797,1.120046513901528,-1.499210238456726,1.1200454235076904,2.8962403300032045
0.0,-7.956764969419001e-05,3.44477175332461,0,0,0,-1.4992107689290397,1.1200448275059605,-1.4992103576660156,1.120044231414795,2.9629278522486975
2.6368055620661237e-05,-7.984417666204602e-05,3.88777813611861,0,0,0,-1.499209423968217,1.1200435361428933,-1.4992080926895142,1.1200435161590576,3.0751100822939774
3.638593284693543e-05,-0.00010952356621056151,3.7830234190552647,0,0,-4,-1.4992083398165135,1.120040296588061,-1.499207615852356,1.1200381517410278,3.1133462649223627
4.9471498105236956e-05,-0.00011235983768160396,3.293703031129934,0,0,-4,-1.4992068925797517,1.120038356710488,-1.4992059469223022,1.1200381517410278,3.1283346617229366
5.2308218248959305e-05,-0.00010946412588762192,2.7997647250107347,0,0,-4,-1.4992059135056075,1.1200367503830853,-1.4992057085037231,1.1200369596481323,3.138916518603689
4.860293094492558e-05,-9.184878659375441e-05,2.135904109150916,0,0,-4,-1.4992053215236134,1.120036163473655,-1.4992055892944336,1.1200374364852903,3.1232482466452134
4.104798753422726e-05,-6.85828648304821e-05,1.4619190347374156,0,0,-4,-1.499205043319661,1.1200362319589157,-1.4992055892944336,1.1200379133224487,3.094589548497545
3.580207075777877e-05,-5.28095107681936e-05,0.5771432900307845,0,0,-4,-1.4992047333494432,1.1200361773795213,-1.4992051124572754,1.120037317276001,3.0256624980949587
3.49531047945175e-05,-1.003631112048993e-05,0.2978230642568014,0,0,-4,-1.4992042166398365,1.1200381600822418,-1.4992042779922483,1.1200412511825562,3.0036531671663553
0.0,0.0,-0.5940035766069023,0,0,-4,-1.4992053207186349,1.120039211265542,-1.4992071390151978,1.1200405359268188,2.9076986194363466
0.0,1.6907706875964337e-05,-0.49968431762773524,0,0,-4,-1.4992061075746457,1.1200399134187657,-1.4992071390151978,1.1200405359268188,2.910783887766743
0.0,0.0,-0.8448742873656017,0,0,-4,-1.499206523873938,1.1200394978265937,-1.4992069005966189,1.1200387477874756,2.867486609785548
1.6272944858076277e-05,3.0505992651076077e-05,-1.682829955544686,0,0,-4,-1.4992049623958839,1.120041187363155,-1.499203085899353,1.12004292011261,2.7516652426603736
3.1398232842142336e-05,4.639269760851024e-05,-1.8898249956730644,0,0,-4,-1.4992037021247393,1.1200427256988925,-1.4992026090621948,1.1200438737869265,2.68754918997101
3.7389976136200696e-05,5.3632798780961843e-05,-2.168821225600662,0,0,-4,-1.4992028036502583,1.1200439466113754,-1.4992023706436155,1.120044469833374,2.6223203032572844
5.2564239284970636e-05,4.94895645736481e-05,-2.7769847310969076,0,0,-4,-1.499201202268958,1.1200445308348213,-1.4992001056671145,1.120044231414795,2.5094077470538068
9.231686813839979e-05,6.227919992212867e-05,-2.7993457945935414,0,0,0,-1.4991977332704283,1.120046168166327,-1.499194860458374,1.120047092437744,2.460946368139226
0.0001041264938584617,5.9172983808802906e-05,-2.942918714768348,0,0,0,-1.4991954754886385,1.120046959287485,-1.499194622039795,1.1200467348098757,2.4009552915368966
0.00011548408803064233,4.812424177598815e-05,-3.058773272086089,0,0,4,-1.4991930586357833,1.1200471756439,-1.499192237854004,1.1200463771820068,2.3405924851938074
0.00010806250717478253,3.678949106500205e-05,-2.635156163216689,0,0,4,-1.4991917015169727,1.1200471963129528,-1.499192237854004,1.1200463771820068,2.3394906700789018
9.34145297703335e-05,2.7477472784260073e-05,-1.9165172302191489,0,0,0,-1.49919094086679,1.1200471693449887,-1.4991919994354248,1.1200464963912964,2.3627070235209784
7.41017622029065e-05,1.9437070396013387e-05,-1.2908079959446455,0,0,4,-1.4991907229646533,1.1200470774488407,-1.4991921186447144,1.1200464963912964,2.3908113526561894
5.8893334200599324e-05,1.643643768801487e-05,-1.0315688992633334,0,0,4,-1.4991905427367136,1.1200471900758446,-1.4991916418075562,1.1200469732284546,2.395736038001473
3.208006842389699e-05,2.675271544191399e-05,-0.5140532536380825,0,0,4,-1.4991913730173798,1.1200481350483529,-1.49919331073761,1.1200488805770874,2.4338467722115253
0.0,1.612470712711507e-05,-0.22879729576380065,0,0,4,-1.499193340576966,1.1200478604943802,-1.4991960525512695,1.120047092437744,2.4566245206266175
-1.838538186860704e-05,3.627747213530914e-05,0.07271444662578613,0,0,4,-1.4991942830626472,1.120049450750667,-1.499195218086243,1.1200509071350098,2.4861227656511464
-3.85235444309965e-05,4.088469694694053e-05,0.5201111686268616,0,0,4,-1.4991959085243902,1.1200503357650926,-1.4991973638534546,1.1200506687164309,2.5381155528673016
-4.6309404865655887e-05,4.0286431058600185e-05,0.9435437527347675,0,0,4,-1.4991970396095293,1.1200509503700236,-1.4991976022720337,1.1200509071350098,2.598910352396976
-5.0189921724740725e-05,2.756233032216814e-05,1.3375347397196158,0,0,4,-1.4991980370935978,1.1200507537868165,-1.499198317527771,1.1200498342514038,2.665561090171103
-3.1767832520332867e-05,0.0,2.0055705775857593,0,0,4,-1.4991976222830588,1.1200500322319642,-1.4991962909698486,1.120048761367798,2.7810869811058403
-1.6750580144380988e-05,-4.774314084131732e-05,2.070175279474214,0,0,4,-1.4991971378063806,1.1200463761099084,-1.4991960525512695,1.1200422048568726,2.825476167295361
0.0,-7.064422026376735e-05,2.3128924001465725,0,0,4,-1.4991964175907975,1.1200440982728421,-1.4991953372955322,1.1200424432754517,2.885329639244989
2.2581746148906454e-05,-8.218943994034535e-05,2.9240817161315262,0,0,4,-1.4991948344617212,1.1200422047327991,-1.4991930723190308,1.1200413703918457,2.9980753241155993
4.476608361711567e-05,-0.00012179024718694439,2.9363041902951372,0,0,4,-1.4991930065894177,1.1200382717676967,-1.499191403388977,1.1200354099273682,3.047194460350956
5.462174470399027e-05,-0.00012666667885273232,3.0606146309429287,0,0,4,-1.4991916387930666,1.120036000752117,-1.4991909265518188,1.1200356483459473,3.107247114639323
5.345313553936746e-05,-0.00012404367855413725,3.2157997345607052,0,0,4,-1.499190842099681,1.1200341474868174,-1.4991909265518188,1.1200343370437622,-3.1092276999124344
5.9584554306758884e-05,-0.00011522287523873059,3.709645164997377,0,0,4,-1.4991895815130767,1.1200327459144945,-1.4991891384124756,1.1200333833694458,-2.99740020495877
5.5897102915957254e-05,-9.729322602513054e-05,3.400286764509327,0,0,4,-1.4991888719306072,1.1200320876435057,-1.4991891384124756,1.1200333833694458,-2.9937660909710293
7.507582454302641e-05,-0.00011027780109620672,4.0394365767675176,0,0,4,-1.4991867097081433,1.1200296725663224,-1.49918532371521,1.120028734207153,-2.8904113201242296
7.899565365407986e-05,-0.00011378432621048608,4.067702187082928,0,0,4,-1.4991852493625017,1.1200276763117973,-1.4991849660873413,1.1200274229049685,-2.8209437739555385
7.449320749740933e-05,-0.00010935096286063172,4.081491345481788,0,0,4,-1.499184283080197,1.1200261488437986,-1.4991846084594729,1.120026469230652,-2.7542683231479033
6.611279165913716e-05,-0.00010214506335570492,4.093629273278954,0,0,0,-1.4991836452022322,1.1200248755967066,-1.499184250831604,1.120025396347046,-2.6875932483572664
0.00010233519144102261,-0.00010466230217242011,4.350160820453714,0,0,-4,-1.4991801928035953,1.1200230748658215,-1.4991775751113892,1.120022892951965,-2.592797057062378
0.0001137272199171443,-7.922972582869249e-05,4.177192577189871,0,0,-4,-1.4991778023351923,1.1200230815682473,-1.4991769790649414,1.1200249195098877,-2.5488862292086814
0.00012892556781575639,-7.573912589953205e-05,3.852441953419086,0,0,-4,-1.4991749779657946,1.1200220446495577,-1.499173879623413,1.1200222969055176,-2.512617490674503
0.00013660100600410008,-6.257413493642304e-05,3.450543761029646,0,0,-4,-1.4991724077480861,1.1200217031360618,-1.4991718530654907,1.1200226545333862,-2.48813535414888
0.00011878425573465628,-3.8986939918639315e-05,2.700430520690671,0,0,0,-1.4991713999634706,1.1200222612545128,-1.4991726875305176,1.1200239658355713,-2.5024215628708286
9.919060296369277e-05,-2.9913873370005975e-05,1.9827243511311865,0,0,-4,-1.499170794714505,1.1200222372666506,-1.4991722106933594,1.120022892951965,-2.5235791106111978
7.835004264295292e-05,-2.3439534545295753e-05,1.6539072069873288,0,0,-4,-1.4991705853946706,1.120022186650905,-1.4991720914840698,1.1200226545333862,-2.5228978665962143
5.237608213120005e-05,0.0,1.2043574497784135,0,0,0,-1.4991710488831265,1.1200228407845614,-1.499172925949097,1.1200239658355713,-2.5427002407301287
3.3616421905602006e-05,0.0,0.7505504663012701,0,0,-4,-1.499171451031277,1.120023255544496,-1.4991728067398071,1.1200238466262815,-2.57128572346965
2.4239570391323674e-05,0.0,0.5786399463666891,0,0,-4,-1.4991715330543494,1.120023141838965,-1.4991722106933594,1.1200230121612549,-2.5777609824672654
0.0,1.067025796738397e-05,0.3086383363924416,0,0,-4,-1.4991722237613188,1.1200239217357353,-1.4991734027862549,1.120024800300598,-2.597641860213821
0.0,1.0616671808213692e-05,-0.05977414101956774,0,0,-4,-1.4991724360562246,1.1200240889173838,-1.4991728067398071,1.1200240850448608,-2.6336232624154596
-1.3129013085672561e-05,2.228349264295216e-05,-0.24352740877330734,0,0,-4,-1.499173444063951,1.1200250300554728,-1.4991745948791504,1.120025873184204,-2.655775570847491
-2.1650543987545586e-05,0.0,-0.469608501736829,0,0,-4,-1.4991742174703642,1.1200242522195734,-1.4991748332977295,1.1200230121612549,-2.684972500496875
-3.565845167869625e-05,0.0,-0.849986136543724,0,0,-4,-1.4991754899152083,1.1200239304123696,-1.4991765022277832,1.120023488998413,-2.7364609525821946
-4.0574038685295345e-05,0.0,-1.2113907209965467,0,0,-4,-1.4991763854105449,1.1200237113072875,-1.4991767406463623,1.120023488998413,-2.7969841838931075
-3.069632058329673e-05,0.0,-1.8879507057818716,0,0,0,-1.4991763815980033,1.1200243684962603,-1.4991756677627563,1.1200251579284668,-2.914082812188029
-1.25118744445047e-05,5.0542192085598626e-05,-1.9448295563066018,0,0,0,-1.4991756705999773,1.1200273658198479,-1.4991743564605713,1.1200305223464966,-2.9569838401573
1.0492657294351428e-05,6.320200109044721e-05,-2.0509007855755095,0,0,4,-1.4991743500041197,1.1200290114108211,-1.4991726875305176,1.1200299263000488,-2.999805616457677
3.766200783568086e-05,8.835053108820638e-05,-1.826578528463463,0,0,4,-1.4991723860075028,1.1200316851643353,-1.499170422554016,1.1200335025787354,-3.0079641409593383
4.921955968460507e-05,8.696126207375173e-05,-1.2992291863683358,0,0,4,-1.4991710193676022,1.1200330069309,-1.499170184135437,1.1200329065322876,-2.986394195334694
4.9564413161458796e-05,7.618059106274651e-05,-0.7814943715156262,0,0,4,-1.4991702090570398,1.1200336856214328,-1.499170184135437,1.1200329065322876,-2.9574470775548565
4.7459472420408586e-05,5.915727748734918e-05,0.14257767105914743,0,0,4,-1.499169555180059,1.120033779132,-1.4991697072982788,1.120032548904419,-2.8698486457308543
5.724088950361007e-05,2.188924266882102e-05,0.3930965993386281,0,0,4,-1.499168149197617,1.1200322619295258,-1.4991674423217771,1.1200295686721802,-2.8374312701945694
4.6254244105387265e-05,0.0,0.753980655355595,0,0,4,-1.4991679596496204,1.120031556809356,-1.4991687536239624,1.120030403137207,-2.7901668610918113
4.464456355178391e-05,0.0,1.564560096401392,0,0,4,-1.4991673259946352,1.1200307704023065,-1.4991674423217771,1.1200298070907593,-2.6771256330251103
7.051697738527922e-05,-3.849327786134221e-05,1.686254969677933,0,0,4,-1.499164901305538,1.1200285967146817,-1.499163031578064,1.1200263500213623,-2.6318647897196685
7.759825757236849e-05,-4.941713031716966e-05,1.968198004384588,0,0,4,-1.4991633049039321,1.1200272586671225,-1.4991627931594849,1.120026469230652,-2.572418946671225
7.835444265421327e-05,-5.630012577468935e-05,2.2541692640321753,0,0,4,-1.4991620133418533,1.1200260129712962,-1.499161958694458,1.1200255155563354,-2.505422564648031
7.399689365037676e-05,-5.7692421710235596e-05,2.4911290489437214,0,0,0,-1.4991610477400492,1.1200250201272473,-1.4991613626480105,1.1200249195098877,-2.4387842005341316
7.608744768021093e-05,-4.2272305129364224e-05,3.0514885524945967,0,0,0,-1.4991597255871991,1.1200251164430846,-1.499159574508667,1.1200262308120728,-2.3259848276265536
0.00010025666421614523,-4.914555237070609e-05,2.9844855431718393,0,0,0,-1.4991569104070905,1.1200239857088974,-1.4991551637649536,1.120023488998413,-2.289469360282048
0.00010645568326113056,-3.5853159536714545e-05,2.667468123082825,0,0,0,-1.4991548964951018,1.1200240781148736,-1.4991544485092163,1.1200250387191772,-2.2731832092069855
0.00010599886660572728,-3.251895767989132e-05,2.2046588829557514,0,0,0,-1.4991532234034501,1.1200237248820655,-1.4991532564163208,1.1200239658355713,-2.273895307374906
9.350390196245054e-05,-2.7017566056580694e-05,1.8267786878082473,0,0,0,-1.4991523534399371,1.1200235682652815,-1.4991532564163208,1.1200239658355713,-2.273881685002847
7.788969973803936e-05,-2.188195332758449e-05,1.531990137598359,0,0,0,-1.4991518896027234,1.1200234754898164,-1.4991530179977417,1.1200238466262815,-2.2735029441988623
6.07289068550005e-05,-1.666969642947473e-05,1.2914061680908921,0,0,0,-1.4991517778349128,1.1200234699509553,-1.4991530179977417,1.1200238466262815,-2.273324139891806
4.4744659578888994e-05,-1.202009224336953e-05,1.0922773130684753,0,0,0,-1.4991518628605953,1.1200235106123035,-1.4991530179977417,1.1200238466262815,-2.2732387852803257
3.122308872532477e-05,0.0,0.9260618360359254,0,0,0,-1.4991520408313792,1.1200235707003765,-1.4991530179977417,1.1200238466262815,-2.273196445229943
2.055112946614648e-05,0.0,0.7864258654280615,0,0,0,-1.4991522467648928,1.120023633986319,-1.4991530179977417,1.1200238466262815,-2.2731779858037027
1.260136705953644e-05,0.0,0.6685948048100233,0,0,0,-1.499152443490497,1.1200236916247666,-1.4991530179977417,1.1200238466262815,-2.2731725518641457
0.0,0.0,0.5688569351970613,0,0,0,-1.4991526126603227,1.1200237396491883,-1.4991530179977417,1.1200238466262815,-2.27317397266131
0.0,0.0,0.48425402434060816,0,0,0,-1.499152747878308,1.120023777099689,-1.4991530179977417,1.1200238466262815,-2.273178773835907
0.0,0.0,0.4123837873333136,0,0,0,-1.4991528497298452,1.1200238046975952,-1.4991530179977417,1.1200238466262815,-2.2731850089439245
0.0,0.0,0.3512680379183934,0,0,0,-1.4991529223787394,1.1200238239588551,-1.4991530179977417,1.1200238466262815,-2.273191607122112
0.0,0.0,0.2992611959002228,0,0,0,-1.499152971376189,1.1200238366391262,-1.4991530179977417,1.1200238466262815,-2.273198001546991
0.0,0.0,0.25498436275943914,0,0,0,-1.499153002356095,1.1200238444162531,-1.4991530179977417,1.1200238466262815,-2.273203914532944
0.0,0.0,0.21727612964748524,0,0,0,-1.4991530203441155,1.1200238487334377,-1.4991530179977417,1.1200238466262815,-2.2732092322098527
0.0,0.0,0.18515472518868303,0,0,0,-1.499153029467146,1.1200238507444644,-1.4991530179977417,1.1200238466262815,-2.273213931240896
0.0,0.0,0.15778813217388904,0,0,0,-1.4991530329055165,1.1200238513185579,-1.4991530179977417,1.1200238466262815,-2.273218036087093
0.0,0.0,0.13447000791388097,0,0,0,-1.4991530329774736,1.1200238510758247,-1.4991530179977417,1.1200238466262815,-2.273221594306291
0.0,0.0,0.11459997401264418,0,0,0,-1.4991530312829837,1.1200238504345663,-1.4991530179977417,1.1200238466262815,-2.2732246625170314
0.0,0.0,0.09766729286906059,0,0,0,-1.4991530288618875,1.1200238496593231,-1.4991530179977417,1.1200238466262815,-2.273227298654332
0.0,0.0,0.08323723339036296,0,0,0,-1.4991530263412631,1.1200238489037453,-1.4991530179977417,1.1200238466262815,-2.2732295579125377
0.0,0.0,0.07093961331120013,0,0,0,-1.499153024060113,1.1200238482458031,-1.4991530179977417,1.1200238466262815,-2.273231490822476
0.0,0.0,0.060459129128711084,0,0,0,-1.4991530221677936,1.1200238477149282,-1.4991530179977417,1.1200238466262815,-2.273233142539364
0.0,0.0,0.05152717014202858,0,0,0,-1.4991530206973471,1.1200238473117987,-1.4991530179977417,1.1200238466262815,-2.2732345527950777
0.0,0.0,0.043914874303494056,0,0,0,-1.49915301961725,1.1200238470219974,-1.4991530179977417,1.1200238466262815,-2.273235756194513
0.0,0.0,0.03742722895863981,0,0,0,-1.499153018865904,1.1200238468248915,-1.4991530179977417,1.1200238466262815,-2.273236782670993
0.0,0.0,0.03189805423904392,0,0,0,-1.499153018373126,1.1200238466989871,-1.4991530179977417,1.1200238466262815,-2.2732376579962397
0.0,0.0,0.02718573410842507,0,0,0,-1.4991530180723656,1.1200238466248262,-1.4991530179977417,1.1200238466262815,-2.2732384042880143
0.0,0.0,0.023169581915383805,0,0,0,-1.4991530179066632,1.1200238465862635,-1.4991530179977417,1.1200238466262815,-2.273239040486417
0.0,0.0,0.019746745137219385,0,0,0,-1.4991530178306556,1.120023846570751,-1.4991530179977417,1.1200238466262815,-2.273239582785837
0.0,0.0,0.01682956873245073,0,0,0,-1.4991530178102799,1.1200238465690706,-1.4991530179977417,1.1200238466262815,-2.273240045018542
0.0,0.0,0.014343348805742073,0,0,0,-1.4991530178213144,1.1200238465748082,-1.4991530179977417,1.1200238466262815,-2.273240438990753
0.0,0.0,0.012224418602092262,0,0,0,-1.4991530178474772,1.1200238465837564,-1.4991530179977417,1.1200238466262815,-2.2732407747744623
0.0,0.0,0.010418517544226524,0,0,0,-1.4991530178785155,1.1200238465933465,-1.4991530179977417,1.1200238466262815,-2.2732410609593074
0.0,0.0,0.008879401385535913,0,0,0,-1.4991530179085113,1.1200238466021633,-1.4991530179977417,1.1200238466262815,-2.27324130486908
0.0,0.0,0.007567657790451633,0,0,0,-1.499153017934494,1.1200238466095567,-1.4991530179977417,1.1200238466262815,-2.2732415127473242
0.0,0.0,0.006449696953601874,0,0,0,-1.499153017955377,1.1200238466153516,-1.4991530179977417,1.1200238466262815,-2.2732416899161336
0.0,0.0,0.005496891374381878,0,0,0,-1.4991530179711816,1.120023846619642,-1.4991530179977417,1.1200238466262815,-2.2732418409118407
0.0,0.0,0.004684842737118234,0,0,0,-1.4991530179825068,1.1200238466226504,-1.4991530179977417,1.1200238466262815,-2.2732419696008597
0.0,0.0,0.0039927571102067695,0,0,0,-1.499153017990183,1.1200238466246413,-1.4991530179977417,1.1200238466262815,-2.273242079278529
0.0,0.0,0.003402912456514191,0,0,0,-1.499153017995066,1.1200238466258707,-1.4991530179977417,1.1200238466262815,-2.273242172753411
0.0,0.0,0.002900204814365545,0,0,0,-1.4991530179979256,1.1200238466265604,-1.4991530179977417,1.1200238466262815,-2.2732422524191747
0.0,0.0,0.002471761524831746,0,0,0,-1.4991530179993977,1.1200238466268881,-1.4991530179977417,1.1200238466262815,-2.2732423203158705
0.0,0.0,0.0021066115991770803,0,0,0,-1.499153017999975,1.1200238466269892,-1.4991530179977417,1.1200238466262815,-2.2732423781821685
0.0,0.0,0.0017954047842943014,0,0,0,-1.4991530180000183,1.1200238466269603,-1.4991530179977417,1.1200238466262815,-2.273242427499877
0.0,0.0,0.0015301721313896051,0,0,0,-1.4991530179997776,1.1200238466268666,-1.4991530179977417,1.1200238466262815,-2.273242469531891
0.0,0.0,0.0013041219362775382,0,0,0,-1.4991530179994166,1.12002384662675,-1.4991530179977417,1.1200238466262815,-2.273242505354534
0.0,0.0,0.001111465825700691,0,0,0,-1.4991530179990344,1.120023846626635,-1.4991530179977417,1.1200238466262815,-2.27324253588512
0.0,0.0,0.0009472705359618928,0,0,0,-1.4991530179986854,1.120023846626534,-1.4991530179977417,1.1200238466262815,-2.273242561905447
0.0,0.0,0.0008073315883645822,0,0,0,-1.4991530179983938,1.120023846626452,-1.4991530179977417,1.1200238466262815,-2.273242584081814
0.0,0.0,0.000688065626502068,0,0,0,-1.4991530179981662,1.1200238466263897,-1.4991530179977417,1.1200238466262815,-2.2732426029820885
0.0,0.0,0.0005864186585599006,0,0,0,-1.4991530179979984,1.1200238466263446,-1.4991530179977417,1.1200238466262815,-2.2732426190902464
0.0,0.0,0.0004997878548954869,0,0,0,-1.499153017997881,1.1200238466263137,-1.4991530179977417,1.1200238466262815,-2.2732426328187647
0.0,0.0,0.00042595489838337803,0,0,0,-1.4991530179978034,1.1200238466262937,-1.4991530179977417,1.1200238466262815,-2.273242644519186
0.0,0.0,0.00036302918088747775,0,0,0,-1.499153017997756,1.120023846626282,-1.4991530179977417,1.1200238466262815,-2.2732426544911184
0.0,0.0,0.0003093993912146731,0,0,0,-1.4991530179977295,1.1200238466262757,-1.4991530179977417,1.1200238466262815,-2.2732426629899103
0.0,0.0,0.00026369225495341097,0,0,0,-1.499153017997717,1.120023846626273,-1.4991530179977417,1.1200238466262815,-2.273242670233187
